Country,Report Type,Year,Quarter,Year_Quarter,AD01_010 | Income distributed to IAH,AD01_020 | Total income from assets funded by PSIA,AD02_010 | Off-balance sheet items,AD02_020 | Total assets,AD03_010 | FX funding ,AD03_020 | Total funding,AD04_010 | FX financing,AD04_020 | Total financing,AD05_010 | Sukūk holdings,AD05_020 | Total regulatory capital,AD06_010 | Value of Sharī`ah-compliant financing,AD06_010_010 | Sectoral distribution,"AD06_010_010_010 | (a) agriculture, forestry, hunting and fishing",AD06_010_010_0110 | (i)accommodation and food service activities,AD06_010_010_0130 | (j)information and communication,AD06_010_010_0140 | (k) financial and insurance activities ,AD06_010_010_0150 | (l)real estate activities,"AD06_010_010_0170 | (m)  professional, scientific and technical activities",AD06_010_010_0180 | (n) administrative and support service activities,AD06_010_010_0190 | (o) public administration and defense; compulsory social security,AD06_010_010_020 | (b) mining and quarrying,AD06_010_010_0210 | (p) education,AD06_010_010_0230 | (q) human health and social work activities,"AD06_010_010_0240 | (r)arts, entertainment and recreation","AD06_010_010_0240_010 | previously; other community, social and personal service activities",AD06_010_010_0250 | (s) other service activities (export),AD06_010_010_0280 | (t) activities of households as employers,AD06_010_010_0290 | (t*)    other financing of households,AD06_010_010_030 | (c) manufacturing,AD06_010_010_0300 | (u) activities of extraterritorial organisations and bodies      ,AD06_010_010_0310 | (u*)   financing to nonresidents,AD06_010_010_0320 | (v)   others,"AD06_010_010_040 | (d) electricity, gas, steam and air-conditioning supply",AD06_010_010_050 | (e) water supply; sewerage and waste management,AD06_010_010_060 | (f)construction,AD06_010_010_080 | (g) wholesale and retail trade; repair of motor vehicles and motorcycles,AD06_010_010_080_010 | previously; commerce and trade,AD06_010_010_090 | (h) transportation and storage,AD07_010 | Value of gross NPF,AD07_010_010 | Economic activity,"AD07_010_010_010 | (a) agriculture, forestry, hunting and fishing",AD07_010_010_0100 | (h) transportation and storage,AD07_010_010_0110 | (i)accommodation and food service activities,AD07_010_010_0120 | (j)information and communication,AD07_010_010_0130 | (k) financial and insurance activities ,AD07_010_010_0140 | (l)real estate activities,"AD07_010_010_0160 | (m)  professional, scientific and technical activities",AD07_010_010_0170 | (n) administrative and support service activities,AD07_010_010_0180 | (o) public administration and defense; compulsory social security,AD07_010_010_0200 | (p) education,AD07_010_010_0210 | (q) human health and social work activities,"AD07_010_010_0220 | (r)arts, entertainment and recreation",AD07_010_010_0230 | (s) other service activities (export),AD07_010_010_0250 | (t) activities of households as employers,AD07_010_010_0260 | (t*)    other financing of households,AD07_010_010_0270 | (u) activities of extraterritorial organisations and bodies      ,AD07_010_010_0280 | (u*)   financing to nonresidents,AD07_010_010_030 | (b) mining and quarrying,AD07_010_010_0300 | (v)     others,AD07_010_010_040 | (c) manufacturing,"AD07_010_010_050 | (d) electricity, gas, steam and air-conditioning supply",AD07_010_010_060 | (e) water supply; sewerage and waste management,AD07_010_010_070 | (f)construction,AD07_010_010_080 | (g) wholesale and retail trade; repair of motor vehicles and motorcycles,AD08 | Value (or percentage) of returns by major type of Sharī`ah-compliant contract ,AD08_010 | Total returns,AD08_010_010 | Murābahah,AD08_010_0100 | Qarḍ Hassan,AD08_010_0110 | Others,AD08_010_0110_010 | (i),AD08_010_0110_020 | (ii),AD08_010_0110_030 | (iii),AD08_010_0110_040 | Others ,AD08_010_0140 | Ijārah/Ijārah Muntahia Bittamlīk,AD08_010_020 | Commodity Murābahah / Tawwaruq,AD08_010_030 | Salam,AD08_010_040 | Istisnā`,AD08_010_050 | Ijārah/ Ijārah Muntahia Bittamlīk/ Hire Purchase/ HPSM,AD08_010_060 | Muḍārabah,AD08_010_070 | Mushārakah,AD08_010_080 | Diminishing Mushārakah,AD08_010_090 | Wakālah,CP01a_010 | Total regulatory capital,CP01a_020 | Risk-weighted assets (RWA),CP01b_010 | Total regulatory capital,CP01b_020 | RWA,CP02a_010 | Tier 1 capital,CP02a_020 | RWA,CP02b_010 | Tier 1 capital,CP02b_020 | RWA,CP03a_010 | CET1 capital,CP03a_020 | RWA,CP03b_010 | CET1 capital,CP03b_020 | RWA,CP04_010 | Gross NPF,CP04_020 | Total financing,CP05_010 | Net NPF,CP05_020 | Total regulatory capital,CP06_010 | Provisions,CP06_020 | Gross NPF,"CP07_010 | Net income (before extraordinary items, taxes, and Zakat)-Annualised",CP07_020 | Average total assets,"CP08_010 | Net income (before extraordinary items, taxes, and Zakat)-Annualised",CP08_020 | Average equity,"CP09_010 | Net income (before extraordinary items, taxes, and Zakat)",CP09_020 | Gross income,CP10_010 | Operating costs,CP10_020 | Gross income,CP11_010 | Tier 1 capital,CP11_020 | Total assets,CP12_010 | Tier 1 capital,CP12_020 | Exposure,CP13_010 | Liquid assets,CP13_020 | Total assets,CP14_010 | Liquid assets,CP14_020 | Short-term liabilities,CP15_010 | Stock of Sharī`ah-compliant  high quality liquid assets,CP15_020 | Total net cash outflows over the next 30 calendar days,CP16_010 | Available stable funding (ASF),CP16_020 | Required stable funding (RSF),CP17_010 | Net FX open position ,CP17_020 | Total regulatory capital,CP18_010 | Value of large exposures,CP18_020 | Total regulatory capital (or balance sheet capital),CP19_010 | Total financing at end of current period,CP19_020 | Total financing at end of same period in previous year ,ST03 | Total assets ,ST03_010 | Total Sharī`ah-compliant financing (excluding interbank financing),ST03_020 | Sukūk holdings,ST03_030 | Other Sharī`ah-compliant securities,ST03_040 | Interbank financing,ST03_050 | All other assets,ST04 | Total funding/liabilities and equities,ST04_010 | Profit-sharing investment accounts (PSIA),"ST04_020 | Other remunerative funding (Murābahah, Commodity Murābahah etc.)","ST04_030 | Nonremunerative funding (current account, Wadī`ah)",ST04_040 | Sukūk issued,ST04_050 | Other Sharī`ah-compliant securities issued,ST04_060 | Interbank funding/liabilities,ST04_070 | All other liabilities,ST04_080 | Capital and reserves,ST05 | Total revenues ,ST05_010 | Financing based,"ST05_020 | Investment based (Sukūk, other Sharī`ah-compliant securities etc.)",ST05_030 | Fee based,ST05_040 | Other ,ST06 | Earnings before taxes and Zakat,ST07_010 | Total financing ,ST07_010_010 | Murābahah ,ST07_010_0100 | Qarḍ Hassan,ST07_010_0110 | Others ,ST07_010_0110_010 | (i),ST07_010_0110_020 | (ii),ST07_010_0110_030 | (iii),ST07_010_0110_040 | Others ,ST07_010_0120 | Ijārah/ Ijārah Muntahia Bittamlīk/ Hire Purchase/ HPSM,ST07_010_020 | Commodity Murābahah / Tawwaruq,ST07_010_030 | Salam,ST07_010_040 | Istisnā`,ST07_010_050 | Ijārah/Ijārah Muntahia Bittamlīk,ST07_010_060 | Muḍārabah,ST07_010_070 | Mushārakah,ST07_010_080 | Diminishing Mushārakah,ST07_010_090 | Wakālah,ST08 | Assets held by domestic systemically important Islamic banks
Bangladesh,Islamic Banking,2013,4,2013-Q4,94346.0,120907.02,282717.45,1361995.55,23736.52,1244232.75,46747.28,1038880.72,95440.98,107775.73,1038880.72,,16880.01,6684.11,1355.74,19311.0,70785.53,8781.01,,,194.8,1082.6,4119.35,721.65,,25292.61,2562.93,10291.13,389297.47,,,119381.57,8701.02,60.0,20297.79,307894.96,,25185.45,43616.42,,603.1,1210.62,228.3,65.95,11.56,1831.8,34.25,,,1082.6,161.63,2.98,1330.49,10.93,925.23,,,1583.1,2257.42,14496.33,20.26,111.7,1169.33,19144.53,,129661.26,85999.95,1213.56,5273.56,,,,,,,1141.91,13.47,28086.93,3419.49,3038.43,,1473.96,107775.73,893983.11,107775.73,893983.11,85804.37,893983.11,85804.37,893983.11,,893983.11,,893983.11,43616.42,1038880.72,22542.1,107775.73,30228.45,43616.42,23419.9,1361995.55,23419.9,102501.82,23419.9,70281.16,24475.72,70281.16,85804.37,1361995.55,85804.37,,335684.73,1361995.55,335684.73,490581.18,,,,,5555.71,107775.73,226983.29,107775.73,972237.02,873995.33,1361995.55,1038880.72,95440.98,,39619.87,188053.98,1361995.55,1019427.23,,122026.62,5682.0,,25107.78,71989.13,117762.8,150029.6,132669.72,3768.15,10694.43,2897.3,23419.9,1038880.72,660873.97,24779.84,78759.78,,,,61033.84,210202.13,,9545.15,2781.57,,19785.8,21287.4,,10865.08,
Bangladesh,Islamic Banking,2014,1,2014-Q1,94346.0,120907.02,282717.45,1361995.55,23736.52,1244232.75,46747.28,1038880.72,95440.98,107775.73,1038880.72,,16880.01,6684.11,1355.74,19311.0,70785.53,8781.01,89.71,,194.8,1082.6,4119.35,721.65,,25292.61,2562.93,10291.13,389297.47,,101.97,119381.57,8701.02,60.0,20297.79,307894.96,,25185.45,43616.42,,603.1,1210.62,228.3,65.95,11.56,1831.8,34.25,89.71,,1083.4575,161.63,2.98,1330.49,10.93,925.23,,101.97,1583.1,2257.42,14496.33,20.26,111.7,1169.33,19144.53,,129661.26,85999.95,1213.56,5273.56,,,,61033.84,,64.56666666666666,1141.91,13.47,28086.93,3419.49,3038.43,1945.5333333333333,1473.96,107775.73,893983.11,107775.73,912128.214,85804.37,893983.11,85804.37,921200.766,,903055.662,,930273.318,43616.42,1038880.72,22542.1,107775.73,30228.45,43616.42,23419.9,1361995.55,23419.9,102501.82,23419.9,70281.16,24475.72,70281.16,85804.37,1361995.55,85823.58333333333,,335684.73,1361995.55,335684.73,490581.18,,,,,5555.71,107775.73,226983.29,107775.73,972237.02,873995.33,1361995.55,1038880.72,95440.98,,39619.87,188053.98,1361995.55,1019427.23,,122026.62,5682.0,,25107.78,71989.13,117762.8,150029.6,132669.72,3768.15,10694.43,2897.3,23419.9,1038880.72,660873.97,24779.84,78759.78,,,,61033.84,210202.13,34.02333333333333,9545.15,2781.57,,19785.8,21287.4,1076.0466666666666,10865.08,
Bangladesh,Islamic Banking,2014,2,2014-Q2,96773.63,123794.31,326845.54,1499745.42,33644.32,1411437.34,42689.73,1160209.61,119392.29,110287.03,1160209.61,,22809.76,7195.37,1779.13,23734.85,78811.32,15369.73,104.96,,280.04,1086.03,4365.04,665.76,,26265.16,2844.42,13646.86,368410.46,,105.655,167605.52,12224.14,142.03,18570.55,365501.77,,28901.65,55142.03,,1154.52,1547.44,294.5,66.05,15.27,2947.39,106.4,112.585,,25.11,161.63,27.22,1136.14,9.61,1353.63,,107.4975,1264.02,1356.32,19325.72,53.58,80.0,862.33,24619.19,,133049.25,91953.68,1072.96,5504.01,,,,95926.61333333334,,3831.056666666667,1153.61,5582.56,22392.07,2637.48,2321.14,2079.87,431.75,110287.03,984708.63,110287.03,984708.63,85919.65,984708.63,85919.65,984708.63,,984708.63,,984708.63,55142.03,1160209.61,29728.56,110287.03,36625.99,55142.03,23499.3,1499745.42,23499.3,103289.55,23499.3,75853.68,24492.44,75853.68,85919.65,1499745.42,85919.65,,392692.85,1499745.42,392692.85,533837.9,,,,,8055.0,110287.03,342891.9,110287.03,1071268.31,938864.98,1499745.42,1160209.61,119392.29,,27293.8,192849.72,1499745.42,1139821.45,,137904.02,6350.0,,21545.06,105816.81,88308.08,155566.67,137369.01,2946.7,11997.72,3253.24,23499.3,1160209.61,707568.1,27007.13,131098.94,,,,97470.26,230007.55,7567.003333333333,9338.39,3205.13,,21438.28,19847.14,1344.72,10698.95,
Bangladesh,Islamic Banking,2014,3,2014-Q3,96773.63,123794.31,326845.54,1499745.42,33644.32,1411437.34,42689.73,1160209.61,119392.29,110287.03,1160209.61,,22809.76,7195.37,1779.13,23734.85,78811.32,15369.73,120.21,,280.04,1086.03,4365.04,665.76,,26265.16,2844.42,13646.86,368410.46,,109.34,167605.52,12224.14,142.03,18570.55,365501.77,,28901.65,55142.03,,1154.52,1547.44,294.5,66.05,15.27,2947.39,106.4,120.21,,25.11,161.63,27.22,1136.14,9.61,1353.63,,109.34,1264.02,1356.32,19325.72,53.58,80.0,862.33,24619.19,,133049.25,91953.68,1072.96,5504.01,,,,97470.26,,3813.776666666666,1153.61,5582.56,22392.07,2637.48,2321.14,1908.7966666666664,431.75,110287.03,984708.63,110287.03,1000713.242,85919.65,984708.63,85919.65,1008715.548,,992710.936,,1016717.854,55142.03,1160209.61,29728.56,110287.03,36625.99,55142.03,23499.3,1499745.42,23499.3,103289.55,23499.3,75853.68,24492.44,75853.68,85919.65,1499745.42,87683.28333333333,,392692.85,1499745.42,392692.85,533837.9,,,,,8055.0,110287.03,342891.9,110287.03,1071268.31,938864.98,1499745.42,1160209.61,119392.29,,27293.8,192849.72,1499745.42,1139821.45,,137904.02,6350.0,,21545.06,105816.81,88308.08,155566.67,137369.01,2946.7,11997.72,3253.24,23499.3,1160209.61,707568.1,27007.13,131098.94,,,,97470.26,230007.55,7558.363333333333,9338.39,3205.13,,21438.28,19847.14,1259.1833333333334,10698.95,
Bangladesh,Islamic Banking,2014,4,2014-Q4,96159.34,127986.72,306686.91,1631365.14,33170.24,1502584.82,51937.91,1265833.61,137905.03,120748.8,1265833.61,,15388.65,6867.95,1818.71,10929.57,92422.23,28026.11,106.875,,205.8,1039.31,4795.18,661.58,,27770.35,3301.44,18828.2,460889.94,,114.16,151086.19,11315.6,334.34,22200.63,379646.36,,28305.47,57618.77,,1085.72,1530.11,231.63,65.95,2.34,2905.24,73.76,100.2075,,34.42,7.62,7.14,1396.57,42.52,1451.74,,116.57,1662.9499999999998,2592.99,18921.74,339.4,901.26,1337.41,24691.21,,220507.03,93436.36,26894.37,5456.42,,,,89270.98666666666,,49.586666666666666,1157.93,18.67,86406.68,3219.08,2437.55,1793.9533333333334,1479.97,120748.8,1064731.69,120748.8,1064731.69,96501.45,1064731.69,96501.45,1064731.69,,1064731.69,,1064731.69,57618.77,1265833.61,31088.8,120748.8,38228.66,57618.77,26573.19,1631365.14,26573.19,113501.31,26573.19,81850.46,28377.82,81850.46,96501.45,1631365.14,96501.45,,443554.37,1631365.14,443554.37,616941.47,,,,,12048.92,120748.8,387279.23,120748.8,1164313.32,972237.02,1631365.14,1265833.61,137905.03,,25228.06,202398.43,1631365.14,1243154.62,,134140.34,6900.0,,42237.17,76152.7,128780.31,160739.95,141387.56,3916.73,12197.64,3238.01,26573.19,1265833.61,767492.9,27099.24,118800.03,,,,88403.21666666666,251538.41,29.98333333333333,10528.26,31319.74,,27542.23,21734.08,1029.496666666667,9778.71,
Bangladesh,Islamic Banking,2015,1,2015-Q1,96159.34,127986.72,306686.91,1631365.14,33170.24,1502584.82,51937.91,1265833.61,137905.03,120748.8,1265833.61,,15388.65,6867.95,1818.71,10929.57,92422.23,28026.11,93.54,,205.8,1039.31,4795.18,661.58,,27770.35,3301.44,18828.2,460889.94,,118.98,151086.19,11315.6,334.34,22200.63,379646.36,,28305.47,57618.77,,1085.72,1530.11,231.63,65.95,2.34,2905.24,73.76,93.54,,34.42,7.62,7.14,1396.57,42.52,1451.74,,118.98,1662.9499999999998,2592.99,18921.74,339.4,901.26,1337.41,24691.21,,220507.03,93436.36,26894.37,5456.42,,,,88403.21666666667,,53.48,1157.93,18.67,86406.68,3219.08,2437.55,1667.7599999999998,1479.97,120748.8,1064731.69,120748.8,1075617.862,96501.45,1064731.69,96501.45,1081060.948,,1070174.776,,1086504.034,57618.77,1265833.61,31088.8,120748.8,38228.66,57618.77,26573.19,1631365.14,26573.19,113501.31,26573.19,81850.46,28377.82,81850.46,96501.45,1631365.14,96957.82833333334,,443554.37,1631365.14,443554.37,616941.47,,,,,12048.92,120748.8,387279.23,120748.8,1164313.32,972237.02,1631365.14,1265833.61,137905.03,,25228.06,202398.43,1631365.14,1243154.62,,134140.34,6900.0,,42237.17,76152.7,128780.31,160739.95,141387.56,3916.73,12197.64,3238.01,26573.19,1265833.61,767492.9,27099.24,118800.03,,,,88403.21666666666,251538.41,31.93,10528.26,31319.74,,27542.23,21734.08,966.4,9778.71,
Bangladesh,Islamic Banking,2015,2,2015-Q2,95966.05,130269.18,342318.43,1734556.86,24040.5,1604228.12,50075.81,1366968.57,137463.49,124872.43,1366968.57,,19799.37,10941.5,1843.28,10007.95,98797.27,25960.51,688.3299999999999,,204.8,1216.13,4872.87,744.83,,32438.65,3309.11,68222.41,484172.21,,63.885000000000005,148988.14,16608.24,325.0,28072.74,381839.28,,28604.3,64843.96,,800.11,1655.53,197.0,155.86,7.35,3444.55,76.39,985.725,,34.42,5.91,7.13,1726.92,12.65,1757.08,,36.337500000000006,204.8,451.68,21302.27,421.37,882.56,1287.59,30617.61,,167516.57,122188.55,2489.99,7978.48,,,,104324.37,,948.4624615384616,1138.79,393.11,27618.08,2582.94,2279.49,1634.9066666666668,847.13,124872.43,1119162.55,124872.43,1119162.55,99239.72,1119162.55,99239.72,1119162.55,90972.62,1119162.55,90972.62,1119162.55,64843.96,1366968.57,39647.51,124872.43,46801.31,64843.96,28244.88,1734556.86,28244.88,113636.13,28244.88,78766.51,28297.86,78766.51,99239.72,1734556.86,99239.72,1830538.07,585179.42,1734556.86,585179.42,667304.53,275920.57,156380.26,1454096.13,1256535.07,11877.65,124872.43,409672.7,124872.43,1256460.97,1071268.31,1734556.86,1366968.57,137463.49,,30277.42,199847.37,1734556.86,1336473.0,,144139.51,12350.0,,46796.75,64468.86,130328.74,160310.85,141599.03,2351.55,12733.77,3626.51,28244.88,1366968.57,835903.59,24861.97,142681.76,,,,97218.93333333336,290916.36,1821.894923076923,9748.83,3369.77,,29037.49,17858.08,900.6933333333334,12590.73,
Bangladesh,Islamic Banking,2015,3,2015-Q3,95966.05,130269.18,342318.43,1734556.86,24040.5,1604228.12,50075.81,1366968.57,137463.49,124872.43,1366968.57,,19799.37,10941.5,1843.28,10007.95,98797.27,25960.51,1283.12,,204.8,1216.13,4872.87,744.83,,32438.65,3309.11,68222.41,484172.21,,8.79,148988.14,16608.24,325.0,28072.74,381839.28,,28604.3,64843.96,,800.11,1655.53,197.0,155.86,7.35,3444.55,76.39,1283.12,,34.42,5.91,7.13,1726.92,12.65,1757.08,,8.79,217.6,451.68,21302.27,421.37,882.56,1287.59,30617.61,,167516.57,122188.55,2489.99,7978.48,,,,97218.93333333332,,4442.192307692308,1138.79,393.11,27618.08,2582.94,2279.49,1414.98,847.13,124872.43,1119162.55,124872.43,1127482.9122222222,99239.72,1119162.55,99239.72,1135803.2744444446,90972.62,1119162.55,92254.3025,1144123.6366666667,64843.96,1366968.57,39647.51,124872.43,46801.31,64843.96,28244.88,1734556.86,28244.88,113636.13,28244.88,78766.51,28297.86,78766.51,99239.72,1734556.86,99239.72,1830538.07,585179.42,1734556.86,585179.42,667304.53,275920.57,156380.26,1454096.13,1256535.07,11877.65,124872.43,409672.7,124872.43,1256460.97,1071268.31,1734556.86,1366968.57,137463.49,,30277.42,199847.37,1734556.86,1336473.0,,144139.51,12350.0,,46796.75,64468.86,130328.74,160310.85,141599.03,2351.55,12733.77,3626.51,28244.88,1366968.57,835903.59,24861.97,142681.76,,,,97218.93333333336,290916.36,5315.624769230769,9748.83,3369.77,,29037.49,17858.08,790.73,12590.73,
Bangladesh,Islamic Banking,2015,4,2015-Q4,95433.09,131155.95,355141.05,1864202.7,22892.17,1601281.85,50330.65,1466620.85,140477.98,135923.42,1466620.85,,23703.34,12170.75,2151.18,7399.71,105979.65,35334.92,1543.17,,256.0,1184.31,4873.26,651.7,,30901.43,3308.09,92126.97,522875.32,,13.975,141607.48,14232.45,379.16,24433.22,420965.88,,22086.04,63335.8,,143.54,2050.19,590.8,120.45,10.95,3315.07,76.46,1673.195,,27.92,15.19,32.15,3102.2,15.92,1806.62,,16.5675,182.66333333333336,710.35,19889.61,33.78,379.16,2344.74,29049.87,,114307.38,69470.96,769.79,4307.6,,,,82462.45333333332,,7935.922153846153,1159.44,22.8,32981.32,1317.22,2661.16,1429.97,1617.08,135923.42,1194045.81,135923.42,1194045.81,106144.67,1194045.81,106144.67,1194045.81,96099.35,1194045.81,96099.35,1194045.81,63335.8,1466620.85,38207.93,135923.42,50510.74,63335.8,27261.83,1864202.7,27261.83,120077.59,27261.83,88286.14,32268.09,88286.14,106144.67,1864202.7,106144.67,1978443.2,592051.78,1864202.7,592051.78,688947.6,297538.68,168947.81,1640474.01,1415725.43,10458.04,135923.42,442891.42,135923.42,1345198.18,1164313.32,1864202.7,1466620.85,140477.98,,34823.32,222280.56,1864202.7,1437313.55,,129082.02,13082.0,,51240.78,96807.5,136676.9,165246.45,146593.9,2177.0,12960.62,3514.93,27261.83,1466620.85,921965.35,23623.53,120547.04,,,,81212.41,316129.22,8809.354615384616,10818.11,3732.94,,34295.42,24583.12,820.71,10926.13,
Bangladesh,Islamic Banking,2016,1,2016-Q1,95433.09,131155.95,355141.05,1864202.7,22892.17,1601281.85,50330.65,1466620.85,140477.98,135923.42,1466620.85,,23703.34,12170.75,2151.18,7399.71,105979.65,35334.92,1803.22,,256.0,1184.31,4873.26,651.7,,30901.43,3308.09,92126.97,522875.32,,19.16,141607.48,14232.45,379.16,24433.22,420965.88,,22086.04,63335.8,,143.54,2050.19,590.8,120.45,10.95,3315.07,76.46,1803.22,,27.92,15.19,32.15,3102.2,15.92,1806.62,,19.16,182.66333333333336,710.35,19889.61,33.78,390.535,2344.74,29049.87,,114307.38,69470.96,769.79,4307.6,,,,81212.40999999999,,11429.652,1159.44,22.8,32981.32,1317.22,2661.16,2484.783333333333,1617.08,135923.42,1194045.81,135923.42,1203581.647777778,106144.67,1194045.81,106144.67,1213117.4855555557,96099.35,1194045.81,96634.6875,1222653.3233333337,63335.8,1466620.85,38207.93,135923.42,50510.74,63335.8,27261.83,1864202.7,27261.83,120077.59,27261.83,88286.14,32268.09,88286.14,106144.67,1864202.7,106144.67,1978443.2,592051.78,1864202.7,592051.78,688947.6,297538.68,168947.81,1640474.01,1415725.43,10458.04,135923.42,442891.42,135923.42,1345198.18,1164313.32,1864202.7,1466620.85,140477.98,,34823.32,222280.56,1864202.7,1437313.55,,129082.02,13082.0,,51240.78,96807.5,136676.9,165246.45,146593.9,2177.0,12960.62,3514.93,27261.83,1466620.85,921965.35,23623.53,120547.04,,,,81212.41,316129.22,12303.084461538465,10818.11,3732.94,,34295.42,24583.12,1348.1166666666663,10926.13,
Bangladesh,Islamic Banking,2016,2,2016-Q2,96440.59,141498.97,388626.05,2008116.91,24137.51,1896396.49,55432.99,1574113.22,121472.73,139295.48,1574113.22,,23275.07,12640.86,1845.21,8260.3,113065.72,38429.19,1562.435,,272.44,1751.67,7146.43,810.78,,32383.73,2716.94,103828.56,525284.72,,25.4,83020.74,11412.61,424.66,66994.46,514737.89,,25811.24,68155.01,,250.04,2303.04,917.92,122.85,7.73,4239.7,88.56,1442.0425,,0.0,194.11,24.58,3301.59,2.35,255.25,,28.52,272.44,674.06,21438.81,37.93,212.64,2646.01,31650.47,,159356.2,112438.27,536.15,1062.74,,,,83612.74333333333,,14923.381846153849,1146.33,10.08,34202.84,2924.69,5747.91,2533.623333333333,1287.2,139295.48,1279868.35,139295.48,1279868.35,107681.83,1279868.35,107681.83,1279868.35,98240.7,1279868.35,98240.7,1279868.35,68155.01,1574113.22,41133.71,139295.48,56036.9,68155.01,35823.08,2008116.91,35823.08,122159.74,35823.08,94508.84,34921.25,94508.84,107681.83,2008116.91,107681.83,2075737.13,612555.08,2008116.91,612555.08,721375.6,279680.14,188592.79,1629715.45,1474240.12,13624.22,139295.48,459519.66,139295.48,1478644.44,1256460.97,2008116.91,1574113.22,121472.73,,39651.69,272879.27,2008116.91,1535085.03,,155782.86,12900.0,,49153.76,116617.42,138577.84,172061.84,153667.98,1349.77,12563.59,4480.5,35823.08,1574113.22,1004279.41,23488.46,124147.54,,,,84110.29999999999,332885.75,15796.814307692308,13444.0,4160.12,,36096.13,23984.15,1445.7966666666666,11627.67,
Bangladesh,Islamic Banking,2016,3,2016-Q3,96440.59,141498.97,388626.05,2008116.91,24137.51,1896396.49,55432.99,1574113.22,121472.73,139295.48,1574113.22,,23275.07,12640.86,1845.21,8260.3,113065.72,38429.19,1321.65,,272.44,1751.67,7146.43,810.78,,32383.73,2716.94,103828.56,525284.72,27.14,31.64,83020.74,11412.61,424.66,66994.46,514737.89,,25811.24,68155.01,,250.04,2303.04,917.92,122.85,7.73,4239.7,88.56,1321.65,,0.0,194.11,24.58,3301.59,2.35,255.25,27.14,31.64,272.51,674.06,21438.81,37.93,212.64,2646.01,31650.47,,159356.2,112438.27,536.15,1062.74,,,,84110.3,,18417.11169230769,1146.33,10.08,34202.84,2924.69,5747.91,4793.07,1287.2,139295.48,1279868.35,139295.48,1290669.1433333333,107681.83,1279868.35,107681.83,1301469.9366666668,98240.7,1279868.35,99505.1575,1312270.73,68155.01,1574113.22,41133.71,139295.48,56036.9,68155.01,35823.08,2008116.91,35823.08,122159.74,35823.08,94508.84,34921.25,94508.84,107681.83,2008116.91,107681.83,2075737.13,612555.08,2008116.91,612555.08,721375.6,279680.14,188592.79,1629715.45,1474240.12,13624.22,139295.48,459519.66,139295.48,1478644.44,1256460.97,2008116.91,1574113.22,121472.73,,39651.69,272879.27,2008116.91,1535085.03,,155782.86,12900.0,,49153.76,116617.42,138577.84,172061.84,153667.98,1349.77,12563.59,4480.5,35823.08,1574113.22,1004279.41,23488.46,124147.54,,,,84110.29999999999,332885.75,19290.544153846156,13444.0,4160.12,,36096.13,23984.15,2575.5200000000004,11627.67,
Bangladesh,Islamic Banking,2016,4,2016-Q4,95189.51,149708.75,418263.8,2148043.83,28051.24,1852568.96,56739.02,1681699.36,108305.09,148054.56,1681699.36,,26927.2,15562.26,1349.52,9293.04,115783.05,42755.57,661.125,,272.72,2032.35,7860.89,797.37,,35441.77,2965.07,109797.09,600061.28,24.630000000000003,33.575,61082.45,13067.54,445.83,54632.12,554343.36,,27228.9,68998.75,,460.64,1640.95,938.41,123.6,104.64,3712.41,1464.04,330.86249999999995,,2032.35,79.97,5.71,3182.02,2.47,3783.77,23.375,34.5425,272.72,324.72,20694.83,112.53,222.915,2585.46,30107.3,,138090.95,90790.3,152.01,5923.19,,,,27719.346666666668,,21910.841538461536,1182.7,10.29,28858.47,4731.65,6130.6,4673.746666666666,311.74,148054.56,1377075.49,148054.56,1377075.49,114963.66,1377075.49,114963.66,1377075.49,103298.53,1377075.49,103298.53,1377075.49,68998.75,1681699.36,36464.16,148054.56,57744.98,68998.75,32644.96,2148043.83,32644.96,127677.09,32644.96,99923.08,39106.18,99923.08,114963.66,2148043.83,114963.66,2234754.83,619034.64,2148043.83,619034.64,732811.43,310936.41,225809.45,1834876.35,1673914.06,14840.53,148054.56,484103.94,148054.56,1626660.08,1345198.18,2148043.83,1681699.36,108305.09,,30619.71,315109.08,2148043.83,1609235.08,,164514.39,13432.0,,75271.01,140320.41,145270.94,176599.9,156737.65,2893.26,12948.77,4020.23,32644.96,1681699.36,1004420.34,38838.6,39561.11,,,,31987.876666666667,521323.24,22784.274,18911.24,6323.2,,16241.79,25978.19,2336.873333333333,10101.65,
Bangladesh,Islamic Banking,2017,1,2017-Q1,95189.51,149708.75,418263.8,2148043.83,28051.24,1852568.96,56739.02,1681699.36,108305.09,148054.56,1681699.36,,26927.2,15562.26,1349.52,9293.04,115783.05,42755.57,0.6,,272.72,2032.35,7860.89,797.37,,35441.77,2965.07,109797.09,600061.28,22.12,35.51,61082.45,13067.54,445.83,54632.12,554343.36,,27228.9,68998.75,,460.64,1640.95,938.41,123.6,104.64,3712.41,1464.04,0.6,,2073.3375,79.97,5.71,3182.02,2.47,3783.77,22.12,35.51,277.21000000000004,246.41,20694.83,112.53,222.915,2585.46,30107.3,,138090.95,90790.3,152.01,5923.19,,,,31987.876666666667,,25404.571384615385,1182.7,10.29,28858.47,4731.65,6130.6,2378.08,311.74,148054.56,1377075.49,148054.56,1385661.1722222222,114963.66,1377075.49,114963.66,1394246.8544444444,103298.53,1377075.49,102083.6775,1402832.5366666666,68998.75,1681699.36,36464.16,148054.56,57744.98,68998.75,32644.96,2148043.83,32644.96,127677.09,32644.96,99923.08,39106.18,99923.08,114963.66,2148043.83,114963.66,2234754.83,619034.64,2148043.83,619034.64,732811.43,310936.41,225809.45,1834876.35,1673914.06,14840.53,148054.56,484103.94,148054.56,1626660.08,1345198.18,2148043.83,1681699.36,108305.09,,30619.71,315109.08,2148043.83,1609235.08,,164514.39,13432.0,,75271.01,140320.41,145270.94,176599.9,156737.65,2893.26,12948.77,4020.23,32644.96,1681699.36,1004420.34,38838.6,39561.11,,,,31987.876666666667,521323.24,26278.00384615385,18911.24,6323.2,,16241.79,25978.19,1189.04,10101.65,
Bangladesh,Islamic Banking,2017,2,2017-Q2,99879.44,154660.14,464070.85,2307018.22,30352.53,1974358.47,106624.73,1807084.76,85418.65,158098.75,1807084.76,,29699.64,16493.0,1471.38,11360.69,135419.14,50406.79,0.55,,290.68,2196.3,9340.23,950.23,,35667.89,3440.55,119435.05,652999.9,20.465,40.6,25032.18,13144.37,490.47,57011.37,611203.17,,31031.72,86757.25,,603.44,1978.58,981.15,189.87,110.46,5034.97,2166.05,0.525,,2196.3,99.21,2.71,3967.7,2.94,5218.04,19.6375,43.145,290.68,247.31,29926.75,164.67,252.94000000000003,2544.84,33765.86,,148734.56,100081.05,186.42,5127.03,,,,49186.30333333333,,28898.30123076923,1133.9,117.4,29178.03,5035.35,7430.25,2481.633333333333,445.12,158098.75,1454346.63,158098.75,1454346.63,114798.59,1454346.63,114798.59,1454346.63,98439.12,1454346.63,98439.12,1454346.63,86757.25,1807084.76,52027.4,158098.75,67213.0,86757.25,27871.31,2307018.22,27871.31,128569.37,27871.31,100983.46,46181.91,100983.46,114798.59,2307018.22,114798.59,2287723.08,677524.42,2307018.22,677524.42,802779.99,280797.44,246931.76,1911975.36,1697403.56,14942.2,158098.75,445945.68,158098.75,1788521.86,1478644.44,2307018.22,1807084.76,85418.65,,30174.57,384340.24,2307018.22,1686680.98,,197955.85,24900.0,,104772.61,147691.23,145017.55,184959.36,162861.48,2097.34,14719.59,5280.96,27871.31,1807084.76,1213654.06,28212.19,65358.75,,,,52877.62666666667,398414.28,29771.73369230769,16825.43,5469.89,,45077.94,26785.33,1396.1466666666663,7286.88,
Bangladesh,Islamic Banking,2017,3,2017-Q3,99879.44,154660.14,464070.85,2307018.22,30352.53,1974358.47,106624.73,1807084.76,85418.65,158098.75,1807084.76,,29699.64,16493.0,1471.38,11360.69,135419.14,50406.79,0.5,,290.68,2196.3,9340.23,950.23,,35667.89,3440.55,119435.05,652999.9,18.81,45.69,25032.18,13144.37,490.47,57011.37,611203.17,,31031.72,86757.25,,603.44,1978.58,981.15,189.87,110.46,5034.97,2166.05,0.5,,2505.9350000000004,99.21,2.71,3967.7,2.94,5218.04,18.81,45.69,249.98,248.21,29926.75,164.67,252.94000000000003,2544.84,33765.86,,148734.56,100081.05,186.42,5127.03,,,,52877.62666666666,,32392.031076923075,1133.9,117.4,29178.03,5035.35,7430.25,2798.9666666666662,445.12,158098.75,1454346.63,158098.75,1469801.8588888887,114798.59,1454346.63,114798.59,1485257.0877777776,98439.12,1454346.63,100014.05,1500712.316666667,86757.25,1807084.76,52027.4,158098.75,67213.0,86757.25,27871.31,2307018.22,27871.31,128569.37,27871.31,100983.46,46181.91,100983.46,114798.59,2307018.22,114798.59,2287723.08,677524.42,2307018.22,677524.42,802779.99,280797.44,246931.76,1911975.36,1697403.56,14942.2,158098.75,445945.68,158098.75,1788521.86,1478644.44,2307018.22,1807084.76,85418.65,,30174.57,384340.24,2307018.22,1686680.98,,197955.85,24900.0,,104772.61,147691.23,145017.55,184959.36,162861.48,2097.34,14719.59,5280.96,27871.31,1807084.76,1213654.06,28212.19,65358.75,,,,52877.62666666667,398414.28,33265.46353846154,16825.43,5469.89,,45077.94,26785.33,1554.813333333333,7286.88,
Bangladesh,Islamic Banking,2017,4,2017-Q4,104577.42,152874.3,523548.67,2519391.45,32519.49,2367433.87,70638.85,1942448.45,96881.17,175697.7,1942448.45,,29882.49,15459.36,1471.82,9781.18,128176.9,58052.31,202.375,,127.88,3434.84,17252.5,1683.08,,47620.55,3810.18,97079.63,710546.79,481.4500000000001,372.22,2288.59,15751.01,523.61,67710.18,702606.86,,29188.71,80376.27,,519.0,1599.15,980.67,586.9,9781.18,5179.98,1567.43,303.3125,,1723.42,241.46,2.37,2855.56,3.03,1545.07,712.77,535.4849999999999,127.88,229.1169230769231,26029.54,397.74,523.61,3671.13,35197.26,,170245.2,118323.12,584.1,5798.54,,,,26586.58,,35885.76092307692,1316.66,22.42,37638.32,3668.1,2891.41,2859.353333333333,2.53,175697.7,1593443.69,175697.7,1593443.69,121865.68,1593443.69,121865.68,1593443.69,104738.84,1593443.69,104738.84,1593443.69,80376.27,1942448.45,34000.46,175697.7,68067.97,80376.27,38345.55,2519391.45,38345.55,134226.21,38345.55,104524.3,43500.13,104524.3,121865.68,2519391.45,121865.68,2561272.36,758272.04,2519391.45,758272.04,728576.26,300214.97,264558.88,2077730.4,1921549.97,7381.64,175697.7,587344.24,175697.7,1679183.21,1626660.08,2519391.45,1942448.45,96881.17,,50019.76,430042.07,2519391.45,1819393.42,,223812.75,30282.0,,138764.94,155180.77,151957.57,194749.03,170245.2,3634.49,15463.32,5406.02,33753.26,1942448.45,1330792.06,30497.85,25922.18,,,,19179.306666666667,437082.97,36759.19338461538,18962.62,5579.3,,65034.65,28547.43,1675.5866666666666,29.39,
Bangladesh,Islamic Banking,2018,1,2018-Q1,104577.42,152874.3,523548.67,2519391.45,32519.49,2367433.87,70638.85,1942448.45,96881.17,175697.7,1942448.45,,29882.49,15459.36,1471.82,9781.18,128176.9,58052.31,404.25,,127.88,3434.84,17252.5,1683.08,,47620.55,3810.18,97079.63,710546.79,1406.73,243.5233333333333,2288.59,15751.01,523.61,67710.18,702606.86,,29188.71,80376.27,,519.0,1599.15,980.67,586.9,9699.7375,5179.98,1567.43,404.25,,1723.42,241.46,2.37,2855.56,3.03,1545.07,1638.0500000000002,471.1366666666667,133.92,190.9307692307692,26029.54,397.74,526.2275,3671.13,35197.26,,170245.2,118323.12,584.1,5798.54,,,,19179.306666666667,,39379.49076923077,1316.66,22.42,37638.32,3668.1,2891.41,8371.68,2.53,175697.7,1593443.69,175697.7,1600675.4777777777,121865.68,1593443.69,121865.68,1607907.2655555557,104738.84,1593443.69,105576.1375,1615139.0533333332,80376.27,1942448.45,34000.46,175697.7,68067.97,80376.27,38345.55,2519391.45,38345.55,134226.21,38345.55,104524.3,43500.13,104524.3,121865.68,2519391.45,121865.68,2561272.36,758272.04,2519391.45,758272.04,728576.26,300214.97,264558.88,2077730.4,1921549.97,7381.64,175697.7,587344.24,175697.7,1679183.21,1626660.08,2519391.45,1942448.45,96881.17,,50019.76,430042.07,2519391.45,1819393.42,,223812.75,30282.0,,138764.94,155180.77,151957.57,194749.03,170245.2,3634.49,15463.32,5406.02,33753.26,1942448.45,1330792.06,30497.85,25922.18,,,,19179.306666666667,437082.97,40252.92323076923,18962.62,5579.3,,65034.65,28547.43,4431.75,29.39,
Bangladesh,Islamic Banking,2018,2,2018-Q2,133699.6,206371.17,523405.78,2654940.4,35315.2,2500172.3,80377.55,2119492.56,96092.24,175077.43,2119492.56,,28135.67,18459.4,1799.1,9455.41,127476.35,71862.59,241.375,,152.04,3322.09,17753.48,1885.06,,53686.34,4098.06,81974.44,771190.07,2332.01,165.01999999999998,4192.63,21710.64,534.08,72654.82,793575.4,,33242.86,107222.86,,667.32,2800.81,1026.01,641.5,340.83,6848.91,2169.57,159.9375,,1661.765,265.49,2.04,3521.28,4.22,3553.27,2332.01,314.13,551.535,152.74461538461537,36641.3,468.61,534.08,3110.91,45160.79,,187821.62,138652.57,16996.855,5944.89,,,,24478.873333333333,,42873.22061538461,1807.97,30.96,34363.42,4124.5,2893.09,8485.140000000001,4.22,175077.43,1658529.78,175077.43,1658529.78,124189.23,1658529.78,124189.23,1658529.78,108088.03,1658529.78,108088.03,1658529.78,107222.86,2119492.56,51715.83,175077.43,72783.46,107222.86,30579.34,2654940.4,30579.34,149397.83,30579.34,106621.71,44871.87,106621.71,124189.23,2654940.4,124189.23,2776418.06,703689.65,2654940.4,703689.65,716433.36,275675.08,251699.11,2019085.31,1860820.66,18994.05,175077.43,619976.23,175077.43,2122982.72,1788521.86,2654940.4,2119492.56,96092.24,,48064.66,391290.94,2654940.4,1906779.48,,230877.25,28800.0,,159049.28,180036.56,149397.83,212445.02,187821.62,4090.86,14310.78,6221.76,30579.34,2119492.56,1478509.24,31532.06,33871.53,,,,24048.166666666664,457320.83,43746.653076923074,21525.43,6210.1,,59753.52,30714.22,4658.670000000001,55.62,
Bangladesh,Islamic Banking,2018,3,2018-Q3,133699.6,206371.17,523405.78,2654940.4,35315.2,2500172.3,80377.55,2119492.56,96092.24,175077.43,2119492.56,,28135.67,18459.4,1799.1,9455.41,127476.35,71862.59,78.5,,152.04,3322.09,17753.48,1885.06,,53686.34,4098.06,81974.44,771190.07,2332.01,167.14666666666665,4192.63,21710.64,534.08,72654.82,793575.4,,33242.86,107222.86,,667.32,2800.81,1026.01,641.5,340.83,6848.91,2169.57,78.5,,1661.765,265.49,2.04,3521.28,4.22,3553.27,2305.6075,315.1933333333333,551.535,114.55846153846151,36641.3,468.61,538.8875,3110.91,45160.79,,187821.62,138652.57,15894.235,5944.89,,,,24048.166666666664,,46366.95046153846,1807.97,30.96,34363.42,4124.5,2893.09,9128.52,4.22,175077.43,1658529.78,175077.43,1671676.1066666667,124189.23,1658529.78,124189.23,1684822.433333333,108088.03,1658529.78,113640.31,1697968.76,107222.86,2119492.56,51715.83,175077.43,72783.46,107222.86,30579.34,2654940.4,30579.34,149397.83,30579.34,106621.71,44871.87,106621.71,124189.23,2654940.4,124189.23,2776418.06,703689.65,2654940.4,703689.65,716433.36,275675.08,251699.11,2019085.31,1860820.66,18994.05,175077.43,619976.23,175077.43,2122982.72,1788521.86,2654940.4,2119492.56,96092.24,,48064.66,391290.94,2654940.4,1906779.48,,230877.25,28800.0,,159049.28,180036.56,149397.83,212445.02,187821.62,4090.86,14310.78,6221.76,30579.34,2119492.56,1478509.24,31532.06,33871.53,,,,24048.166666666664,457320.83,47240.382923076926,21525.43,6210.1,,59753.52,30714.22,4980.360000000001,55.62,
Bangladesh,Islamic Banking,2018,4,2018-Q4,135583.13,179669.94,541446.51,2794264.92,106382.76,2593278.92,71723.07,2243146.88,101817.55,207034.19,2243146.88,,29803.76,22873.77,2301.96,8796.09,137510.53,59695.27,1769.99,,214.46,2724.79,17531.09,2140.97,,69081.64,5010.06,91942.16,841475.92,2226.4,166.89,2394.0080000000003,26325.31,553.31,73605.27,815113.72,,32450.41,124517.11,,847.31,1608.15,1035.52,234.02,374.51,9081.07,2337.0,184.82,,1405.425,281.89,24.48,9775.39,4.22,1471.32,2226.4,314.68,214.46,76.37230769230769,40723.2,489.55,553.31,2942.81,53101.86,,209185.55,136091.43,536.03,13785.25,,,,55180.82,,49860.68030769231,2171.42,796.73,47461.73,2728.51,3210.92,8866.666666666668,2403.53,207034.19,1776846.72,207034.19,1776846.72,132595.22,1776846.72,132595.22,1776846.72,130297.15,1776846.72,130297.15,1776846.72,124517.11,2243146.88,58695.28,207034.19,17932.0,124517.0,34392.97,2794264.92,34392.97,145328.32,34392.97,99648.76,48481.71,99648.76,132595.22,2794264.92,132595.22,2543417.46,723063.76,2794264.92,723063.76,756713.71,243303.51,194361.75,2015296.6,1797299.69,16737.06,207034.19,665095.32,207034.19,2230720.44,1679183.21,2794264.92,2243146.88,101817.55,,73529.86,375770.63,2794264.92,2046450.72,,251294.35,54062.0,,93627.72,203501.79,145328.32,235231.88,209185.55,4103.25,14874.36,7068.73,34392.97,2243146.88,1502265.69,36449.99,80570.51,,,,54265.47333333333,518103.51,50734.11276923077,22772.71,13853.31,,48933.36,20177.52,4456.653333333334,20.28,
Bangladesh,Islamic Banking,2019,1,2019-Q1,135583.13,179669.94,541446.51,2794264.92,106382.76,2593278.92,71723.07,2243146.88,101817.55,207034.19,2243146.88,,29803.76,22873.77,2301.96,8796.09,137510.53,59695.27,1769.99,,214.46,2724.79,17531.09,2140.97,,69081.64,5010.06,91942.16,841475.92,2226.4,170.15,2209.424,26325.31,553.31,73605.27,815113.72,,32450.41,124517.11,,847.31,1608.15,1035.52,234.02,374.51,9081.07,2337.0,184.82,,1405.425,281.89,24.48,9775.39,4.22,1471.32,2233.8900000000003,316.31,224.3575,38.18615384615384,40723.2,489.55,555.1075,2942.81,53101.86,,209185.55,136091.43,536.03,13785.25,,,,54265.473333333335,,53354.41015384616,2171.42,796.73,47461.73,2728.51,3210.92,62.16666666666667,2403.53,207034.19,1776846.72,207034.19,1787661.8733333333,132595.22,1776846.72,132595.22,1798477.0266666666,130297.15,1776846.72,131130.9675,1809292.18,124517.11,2243146.88,58695.28,207034.19,17932.0,124517.0,34392.97,2794264.92,34392.97,145328.32,34392.97,99648.76,48481.71,99648.76,132595.22,2794264.92,132595.22,2543417.46,723063.76,2794264.92,723063.76,756713.71,243303.51,194361.75,2015296.6,1797299.69,16737.06,207034.19,665095.32,207034.19,2230720.44,1679183.21,2794264.92,2243146.88,101817.55,,73529.86,375770.63,2794264.92,2046450.72,,251294.35,54062.0,,93627.72,203501.79,145328.32,235231.88,209185.55,4103.25,14874.36,7068.73,34392.97,2243146.88,1502265.69,36449.99,80570.51,,,,54265.47333333333,518103.51,54227.842615384616,22772.71,13853.31,,48933.36,20177.52,54.403333333333336,20.28,
Bangladesh,Islamic Banking,2019,2,2019-Q2,150121.97,226197.26,560889.61,2977514.66,100085.89,2826298.77,68494.7,2346028.43,72387.55,215518.52,2346028.43,,27130.43,20446.41,2424.79,10488.7,141036.55,43569.95,5117.06,0.0,254.05,2773.67,17755.91,2312.53,,75700.9,4866.41,94293.61,903255.53,2256.36,0.0,2024.84,30199.27,560.5,77184.59,845545.54,,36830.84,123380.84,,695.95,1265.17,1044.27,183.26,601.67,9069.27,48.71,100.0,0.0,0.0,281.34,20.29,8449.35,4.28,1340.67,0.0,0.0,0.0,0.0,50243.24,370.8,0.0,4977.64,44684.91,,226197.26,98528.49,435.53,7729.24,,,,50204.52,,56848.14,2406.48,961.94,49264.7,3510.19,3241.96,0.0,3270.62,215518.52,1874183.1,215518.52,1874183.1,134895.23,1874183.1,134895.23,1874183.1,133632.42,1874183.1,133632.42,1874183.1,123380.84,2346028.43,56315.38,215518.52,10994.0,123381.0,34438.65,2977514.66,34438.65,142591.0,34438.65,105692.8,50394.25,105692.8,134895.23,2977514.66,134895.23,3091756.49,542036.52,2977514.66,542036.52,552568.0,218042.47,218266.27,2165317.93,1930135.05,10799.31,215518.52,684844.9,215518.52,2346028.43,2122982.72,2977514.66,2346028.43,72387.55,,52883.54,506215.14,2977514.66,2159575.64,,220916.85,61800.0,,158092.23,215265.03,161864.91,255814.77,226197.26,5571.32,16018.96,8027.22,34438.65,2346028.43,1019632.87,40942.09,74479.08,0.0,,,52273.78,531430.45,568394.14,27598.38,15780.72,,47519.41,20203.23,0.0,48.04,
Bangladesh,Islamic Banking,2019,3,2019-Q3,150121.97,226197.26,560889.61,2977514.66,100085.89,2826298.77,68494.7,2346028.43,72387.55,215518.52,2346028.43,,27130.43,20446.41,2424.79,10488.7,141036.55,43569.95,5117.06,0.0,254.05,2773.67,17755.91,2312.53,,75700.9,4866.41,94293.61,903255.53,2256.36,0.0,2024.84,30199.27,560.5,77184.59,845545.54,,36830.84,123380.84,,695.95,1265.17,1044.27,183.26,601.67,9069.27,48.71,100.0,0.0,0.0,281.34,20.29,8449.35,4.28,1340.67,0.0,0.0,0.0,0.0,50243.24,370.8,0.0,4977.64,44684.91,,226197.26,98528.49,435.53,7729.24,0.0,,,52273.78,,56848.14,2406.48,961.94,49264.7,3510.19,3241.96,0.0,3270.62,215518.52,1874183.1,215518.52,1878996.9366666668,134895.23,1874183.1,134895.23,1883810.7733333332,133632.42,1874183.1,136382.42750000002,1888624.61,123380.84,2346028.43,56315.38,215518.52,10994.0,123381.0,34438.65,2977514.66,34438.65,142591.0,34438.65,105692.8,50394.25,105692.8,134895.23,2977514.66,134895.23,3091756.49,542036.52,2977514.66,542036.52,552568.0,218042.47,218266.27,2165317.93,1930135.05,10799.31,215518.52,684844.9,215518.52,2346028.43,2122982.72,2977514.66,2346028.43,72387.55,7684.22,52883.54,506215.14,2977514.66,2159575.64,,220916.85,61800.0,,158092.23,215265.03,161864.91,255814.77,226197.26,5571.32,16018.96,8027.22,34438.65,2346028.43,1019632.87,40942.09,74479.08,0.0,,,52273.78,531430.45,568394.14,27598.38,15780.72,,47519.41,20203.23,0.0,48.04,
Bangladesh,Islamic Banking,2019,4,2019-Q4,168534.69,217255.88,577185.37,3188175.08,101910.2,2785825.11,79662.98,2506504.24,53687.55,236835.01,2506504.24,,27003.83,21922.35,2455.53,7613.29,147170.07,37809.35,3201.73,0.0,915.15,2964.64,18597.26,2592.86,,84256.9,7463.48,110559.31,972343.56,3671.59,0.0,2024.84,30540.2,586.51,80753.91,903738.93,,38318.98,114226.63,,1049.41,1308.08,569.73,174.14,704.29,9234.96,49.36,123.5,0.0,0.0,266.38,18.23,5101.36,1482.85,1172.15,0.0,0.0,0.0,0.0,44842.1,426.74,0.0,4960.17,42743.15,,240763.85,152861.04,538.67,20126.42,0.0,,,53510.85999999999,,0.0,2813.18,882.74,53332.04,3966.48,3400.4,0.0,2842.89,236835.01,1917507.63,236835.01,1917507.63,144991.64,1917507.63,144991.64,1917507.63,144632.45,1917507.63,144632.45,1917507.63,114226.63,2506504.24,44902.83,236835.01,15084.0,114227.0,40046.2,3188175.08,40046.2,158757.14,40046.2,109394.92,54557.53,109394.92,144991.64,3188175.08,144991.64,3255401.4,482512.67,3188175.08,482512.67,544485.83,352300.71,210270.63,2654591.94,2368497.92,19301.5,236835.01,682597.28,236835.01,2506504.24,2230720.44,3188175.08,2506504.24,53687.55,7088.51,160278.42,467704.87,3188175.08,2497100.64,,214524.47,74200.0,,26166.93,217425.9,158757.14,271032.21,240763.85,6982.6,15986.82,7298.95,40046.2,2506504.24,1715073.41,46873.08,76334.7,0.0,,,53174.51,575581.92,0.0,26540.73,18463.63,,24006.87,23593.72,0.0,36.18,
Bangladesh,Islamic Banking,2020,1,2020-Q1,168534.69,217255.88,577185.37,3188175.08,101910.2,2785825.11,79662.98,2506504.24,53687.55,236835.01,2506504.24,,27003.83,21922.35,2455.53,7613.29,147170.07,37809.35,3201.73,0.0,915.15,2964.64,18597.26,2592.86,,84256.9,7463.48,110559.31,972343.56,3671.59,0.0,2024.84,30540.2,586.51,80753.91,903738.93,,38318.98,114226.63,,1049.41,1308.08,569.73,174.14,704.29,9234.96,49.36,123.5,0.0,0.0,266.38,18.23,5101.36,1482.85,1172.15,0.0,0.0,0.0,0.0,44842.1,426.74,0.0,4960.17,42743.15,,240763.85,152861.04,538.67,20126.42,0.0,,,53174.51,,0.0,2813.18,882.74,53332.04,3966.48,3400.4,0.0,2842.89,236835.01,1917507.63,236835.01,1928252.2155555557,144991.64,1917507.63,144991.64,1938996.801111111,144632.45,1917507.63,145481.6775,1949741.3866666665,114226.63,2506504.24,44902.83,236835.01,15084.0,114227.0,40046.2,3188175.08,40046.2,158757.14,40046.2,109394.92,54557.53,109394.92,144991.64,3188175.08,144991.64,3255401.4,482512.67,3188175.08,482512.67,544485.83,352300.71,210270.63,2654591.94,2368497.92,19301.5,236835.01,682597.28,236835.01,2506504.24,2230720.44,3188175.08,2506504.24,53687.55,6492.8,160278.42,467704.87,3188175.08,2497100.64,,214524.47,74200.0,,26166.93,217425.9,158757.14,271032.21,240763.85,6982.6,15986.82,7298.95,40046.2,2506504.24,1715073.41,46873.08,76334.7,0.0,,,53174.51,575581.92,0.0,26540.73,18463.63,,24006.87,23593.72,0.0,36.18,
Bangladesh,Islamic Banking,2020,2,2020-Q2,82297.89,110439.14,583018.67,3343445.57,122977.56,3343445.92,80189.5,2640776.23,52617.55,243756.16,2640776.23,,30671.77,23297.45,2859.91,7491.3,153971.93,32235.97,5904.27,0.0,1587.34,3028.44,19840.44,2910.12,,82710.03,6572.37,102058.64,1037693.76,2551.87,3329.64,0.0,37027.35,609.97,84737.41,960436.01,,39250.23,118069.63,,1049.41,1308.08,569.73,174.14,704.29,9234.96,49.36,123.5,0.0,0.0,266.38,18.23,5101.36,1482.85,1172.15,0.0,0.0,0.0,3843.0,44842.1,426.74,0.0,4960.17,42743.15,,120354.27,81116.75,265.63,8001.59,0.0,,,55526.57666666666,,17621.135,1204.2,335.04,24422.77,1593.3,1767.08,0.0,1647.91,243756.16,2014208.9,243756.16,2014208.9,150356.02,2014208.9,150356.02,2014208.9,148029.36,2014208.9,148029.36,2014208.9,118069.44,2640776.23,67789.16,243756.16,6120.0,118069.0,34329.62,3343445.57,34329.62,164464.04,17164.81,51228.54,27943.58,51228.54,150356.02,3343445.57,150356.02,3390876.09,353232.28,3343445.57,353232.28,751671.65,157272.05,189201.26,2440928.32,2134989.74,16294.24,243756.16,827290.47,243756.16,2640776.23,2346028.43,3343445.92,2640776.23,52617.55,84954.53,53522.25,511575.37,3343445.92,2613277.19,,223204.4,70700.0,,31307.87,240492.43,164464.04,133526.43,120354.27,2736.37,7031.9,3403.9,17164.81,2640776.23,1807236.0,51387.19,79862.8,0.0,,,56674.95,592324.21,0.0,27435.96,24073.63,,35080.93,22933.57,0.0,441.93,
Bangladesh,Islamic Banking,2020,3,2020-Q3,82297.89,110439.14,583018.67,3343445.57,122977.56,3343445.92,80189.5,2640776.23,52617.55,243756.16,2640776.23,,30671.77,23297.45,2859.91,7491.3,153971.93,32235.97,5904.27,0.0,1587.34,3028.44,19840.44,2910.12,,82710.03,6572.37,102058.64,1037693.76,2551.87,3329.64,0.0,37027.35,609.97,84737.41,960436.01,,39250.23,118069.63,,1049.41,1308.08,569.73,174.14,704.29,9234.96,49.36,123.5,0.0,0.0,266.38,18.23,5101.36,1482.85,1172.15,0.0,0.0,0.0,3843.0,44842.1,426.74,0.0,4960.17,42743.15,,120354.27,81116.75,265.63,8001.59,0.0,,,56674.95,,17624.405,1204.2,335.04,24422.77,1593.3,1767.08,0.0,1647.91,243756.16,2014208.9,243756.16,2015287.0044444443,150356.02,2014208.9,150356.02,2016365.1088888887,148029.36,2014208.9,148797.7775,2017443.2133333331,118069.44,2640776.23,67789.16,243756.16,6120.0,118069.0,34329.62,3343445.57,34329.62,164464.04,17164.81,51228.54,27943.58,51228.54,150356.02,3343445.57,150356.02,3390876.09,353232.28,3343445.57,353232.28,751671.65,157272.05,189201.26,2440928.32,2134989.74,16294.24,243756.16,827290.47,243756.16,2640776.23,2346028.43,3343445.92,2640776.23,52617.55,84954.53,53522.25,511575.37,3343445.92,2613277.19,,223204.4,70700.0,,31307.87,240492.43,164464.04,133526.43,120354.27,2736.37,7031.9,3403.9,17164.81,2640776.23,1807236.0,51387.19,79862.8,0.0,,,56674.95,592324.21,0.0,27435.96,24073.63,,35080.93,22933.57,0.0,441.93,
Bangladesh,Islamic Banking,2020,4,2020-Q4,161289.14,217346.18,618681.82,3708180.8,153204.2,3708180.8,104183.62,2818757.74,73627.13,257760.36,2818757.74,,31763.57,128337.81,10237.23,10253.98,133674.39,33715.53,26006.86,5947.95,582.45,572.61,23211.02,3833.98,,103126.88,8979.42,95426.56,1016616.46,1042.42,0.0,0.0,42189.6,137202.92,94603.98,880313.53,,31118.6,112896.77,,990.41,995.27,340.71,141.13,775.6,10213.21,51.85,0.0,0.0,0.0,283.74,989.79,5588.51,3.96,1818.4,0.0,0.0,0.0,0.0,42921.06,345.7,0.0,5347.8,42089.64,,237938.54,157526.96,634.33,16872.63,0.0,,,110447.10333333332,,0.0,2531.14,800.38,50198.99,2785.14,3503.58,0.0,3085.39,257760.36,2023911.84,257760.36,2023911.84,152942.71,2023911.84,152942.71,2023911.84,151103.03,2023911.84,151103.03,2023911.84,112896.77,2818757.74,56076.33,257760.36,103961.2,112896.77,36205.12,3708180.8,36205.12,158327.35,36205.12,105421.58,58443.0,105421.58,152942.71,3708180.8,152942.71,3652363.48,634345.12,3708180.8,634345.12,734287.06,482130.27,295039.22,2752006.95,2479343.67,19153.89,257760.36,895655.55,257760.36,2818757.74,2506504.24,3708180.8,2818757.74,73627.13,238376.74,62807.99,514611.19,3708180.8,2919094.85,,255725.53,84500.0,,0.0,290533.07,158327.35,266710.71,237938.54,7252.9,14698.91,6820.36,36205.12,2818757.74,1919562.01,61908.57,160521.03,0.0,,,108135.9,556646.07,0.0,37106.58,24785.95,,38587.33,18955.63,0.0,684.57,
Bangladesh,Islamic Banking,2021,1,2021-Q1,161289.14,217346.18,618681.82,3708180.8,153204.2,3708180.8,104183.62,2818757.74,73627.13,257760.36,2818757.74,,31763.57,128337.81,10237.23,10253.98,133674.39,33715.53,26006.86,5947.95,582.45,572.61,23211.02,3833.98,,103126.88,8979.42,95426.56,1016616.46,1042.42,0.0,0.0,42189.6,137202.92,94603.98,880313.53,,31118.6,112896.77,,990.41,995.27,340.71,141.13,775.6,10213.21,51.85,0.0,0.0,0.0,283.74,989.79,5588.51,3.96,1818.4,0.0,0.0,0.0,0.0,42921.06,345.7,0.0,5347.8,42089.64,,237938.54,157526.96,634.33,16872.63,0.0,,,108135.9,,0.0,2531.14,800.38,50198.99,2785.14,3503.58,0.0,3085.39,257760.36,2023911.84,257760.36,2068003.7322222225,152942.71,2023911.84,152942.71,2112095.6244444447,151103.03,2023911.84,157501.745,2156187.5166666666,112896.77,2818757.74,56076.33,257760.36,103961.2,112896.77,36205.12,3708180.8,36205.12,158327.35,36205.12,105421.58,58443.0,105421.58,152942.71,3708180.8,152942.71,3652363.48,634345.12,3708180.8,634345.12,734287.06,482130.27,295039.22,2752006.95,2479343.67,19153.89,257760.36,895655.55,257760.36,2818757.74,2506504.24,3708180.8,2818757.74,73627.13,238376.74,62807.99,514611.19,3708180.8,2919094.85,,255725.53,84500.0,,0.0,290533.07,158327.35,266710.71,237938.54,7252.9,14698.91,6820.36,36205.12,2818757.74,1919562.01,61908.57,160521.03,0.0,,,108135.9,556646.07,0.0,37106.58,24785.95,,38587.33,18955.63,0.0,684.57,
Bangladesh,Islamic Banking,2021,2,2021-Q2,81084.0,112963.32,776986.03,4215588.68,120805.29,4215588.68,104064.46,3176260.68,72891.31,268359.82,3176260.68,,35255.14,141228.39,15449.34,14116.22,162170.64,35831.69,26901.5,6222.56,465.64,2139.33,24200.81,2891.48,,110626.9,12746.75,110629.88,1140352.08,1395.0,34.84,0.0,54078.3,141952.4,115674.68,985625.03,,36272.1,129123.86,,1370.37,1789.61,376.74,159.54,840.12,11086.87,53.52,0.0,0.0,0.0,274.52,0.0,5564.73,2550.72,4847.0,0.0,0.0,0.0,0.0,38130.11,620.05,0.0,4730.58,56729.38,,121706.0,83171.82,357.52,7019.94,0.0,,,65906.34000000001,,0.0,1445.67,498.23,25418.35,1483.62,945.63,0.0,1365.21,268359.82,2420738.87,268359.82,2420738.87,165601.85,2420738.87,165601.85,2420738.87,176697.89,2420738.87,176697.89,2420738.87,129123.86,3176260.68,70564.44,268359.82,117318.0,129123.86,38627.02,4215588.68,38627.02,187393.73,38627.02,115551.24,63066.47,115551.24,165601.85,4215588.68,165601.85,3574243.32,673540.83,4215588.68,673540.83,827857.04,568415.88,468977.62,3122586.46,2876634.8,19493.84,268359.82,1208709.09,268359.82,3176260.68,2640776.23,4215588.68,3176260.68,72891.31,257192.95,173814.72,535429.02,4215588.68,3305640.36,,268447.34,88750.0,,0.0,365357.25,187393.73,138859.62,121706.0,2686.37,8200.84,6266.41,19313.51,3176260.68,2139155.51,57590.7,97176.69,0.0,,,66680.74666666667,714807.41,0.0,40403.8,25146.34,,46991.49,21978.46,0.0,33010.26,
Bangladesh,Islamic Banking,2021,3,2021-Q3,81084.0,112963.32,776986.03,4215588.68,120805.29,4215588.68,104064.46,3176260.68,72891.31,268359.82,3176260.68,,35255.14,141228.39,15449.34,14116.22,162170.64,35831.69,26901.5,6222.56,465.64,2139.33,24200.81,2891.48,,110626.9,12746.75,110629.88,1140352.08,1395.0,34.84,0.0,54078.3,141952.4,115674.68,985625.03,,36272.1,129123.86,,1370.37,1789.61,376.74,159.54,840.12,11086.87,53.52,0.0,0.0,0.0,274.52,0.0,5564.73,2550.72,4847.0,0.0,0.0,0.0,0.0,38130.11,620.05,0.0,4730.58,56729.38,,121706.0,83171.82,357.52,7019.94,0.0,,,66680.74666666666,,0.0,1445.67,498.23,25418.35,1483.62,945.63,0.0,1365.21,268359.82,2420738.87,268359.82,2440072.548888889,165601.85,2420738.87,165601.85,2459406.2277777777,176697.89,2420738.87,179822.035,2478739.9066666667,129123.86,3176260.68,70564.44,268359.82,117318.0,129123.86,38627.02,4215588.68,38627.02,187393.73,38627.02,115551.24,63066.47,115551.24,165601.85,4215588.68,165601.85,3574243.32,673540.83,4215588.68,673540.83,827857.04,568415.88,468977.62,3122586.46,2876634.8,19493.84,268359.82,1208709.09,268359.82,3176260.68,2640776.23,4215588.68,3176260.68,72891.31,257192.95,173814.72,535429.02,4215588.68,3305640.36,,268447.34,88750.0,,0.0,365357.25,187393.73,138859.62,121706.0,2686.37,8200.84,6266.41,19313.51,3176260.68,2139155.51,57590.7,97176.69,0.0,,,66680.74666666667,714807.41,0.0,40403.8,25146.34,,46991.49,21978.46,0.0,33010.26,
Bangladesh,Islamic Banking,2021,4,2021-Q4,160188.01,219925.03,725447.09,4517448.03,155534.57,4517448.03,142757.79,3415858.38,109315.6,331420.46,3415858.38,,39795.32,150519.38,19521.83,14677.21,156244.91,50877.43,28607.55,6543.03,789.25,1416.6,39938.06,3175.99,,112422.65,13639.93,117875.63,1228190.47,2438.64,37.08,0.0,56057.42,158585.45,112437.8,1064277.24,,37789.5,134590.75,,1355.38,1642.06,463.92,79.03,673.76,11233.73,70.32,0.0,0.0,3.41,465.3,0.0,7666.92,335.86,3371.7,0.0,0.0,0.0,0.0,45448.17,530.17,0.0,4351.37,56899.67,,247510.24,170198.99,735.78,21040.68,0.0,,,110914.96000000002,,0.0,3403.56,1231.89,42740.23,225.27,2125.08,0.0,5808.76,331420.46,2594741.98,331420.46,2594741.98,222274.79,2594741.98,222274.79,2594741.98,189194.47,2594741.98,189194.47,2594741.98,134590.75,3415858.38,61299.41,331420.46,119802.0,134590.75,41530.69,4517448.03,41530.69,203783.32,41530.69,124021.24,67941.0,124021.24,222274.79,4517448.03,222274.79,4115264.84,656375.4,4517448.03,656375.4,2667398.84,647812.96,362100.81,3728982.7,3334776.61,23003.47,331420.46,1124553.71,331420.46,3415858.38,2818757.74,4517448.03,3726215.0,109315.6,240941.59,183680.63,257295.2,4517448.03,3222441.48,,471786.9,106325.84,,0.0,513110.5,203783.32,284209.26,247510.24,6905.96,18808.81,10984.25,41530.69,3415858.38,2306392.08,62622.42,163528.01,0.0,,,111482.50333333333,730668.73,0.0,45985.16,53416.21,,5486.17,14741.88,0.0,33017.73,
Bangladesh,Islamic Banking,2022,1,2022-Q1,160188.01,219925.03,725447.09,4517448.03,155534.57,4517448.03,142757.79,3415858.38,109315.6,331420.46,3415858.38,,39795.32,150519.38,19521.83,14677.21,156244.91,50877.43,28607.55,6543.03,789.25,1416.6,39938.06,3175.99,,112422.65,13639.93,117875.63,1228190.47,2438.64,37.08,0.0,56057.42,158585.45,112437.8,1064277.24,,37789.5,134590.75,,1355.38,1642.06,463.92,79.03,673.76,11233.73,70.32,0.0,0.0,3.41,465.3,0.0,7666.92,335.86,3371.7,0.0,0.0,0.0,0.0,45448.17,530.17,0.0,4351.37,56899.67,,247510.24,170198.99,735.78,21040.68,0.0,,,111482.50333333336,,0.0,3403.56,1231.89,42740.23,225.27,2125.08,0.0,5808.76,331420.46,2594741.98,331420.46,2495845.932222222,222274.79,2594741.98,222274.79,2396949.8844444444,189194.47,2594741.98,195595.195,2298053.836666667,134590.75,3415858.38,61299.41,331420.46,119802.0,134590.75,41530.69,4517448.03,41530.69,203783.32,41530.69,124021.24,67941.0,124021.24,222274.79,4517448.03,222274.79,4115264.84,656375.4,4517448.03,656375.4,2667398.84,647812.96,362100.81,3728982.7,3334776.61,23003.47,331420.46,1124553.71,331420.46,3415858.38,2818757.74,4517448.03,3726215.0,109315.6,240941.59,183680.63,257295.2,4517448.03,3222441.48,,471786.9,106325.84,,0.0,513110.5,203783.32,284209.26,247510.24,6905.96,18808.81,10984.25,41530.69,3415858.38,2306392.08,62622.42,163528.01,0.0,,,111482.50333333333,730668.73,0.0,45985.16,53416.21,,5486.17,14741.88,0.0,33017.73,
Bangladesh,Islamic Banking,2022,2,2022-Q2,82971.58,110021.57,886090.85,4770913.19,176559.45,4770913.19,191209.94,3658684.0,191209.94,361790.86,3658684.0,,42092.97,159011.05,17063.61,15989.27,163747.69,60453.2,30037.93,6874.64,778.33,1509.35,41237.26,3356.71,,131480.47,14261.19,146039.36,1365673.69,377.27,39.03,0.0,66425.73,158502.07,108719.7,1089503.74,,35509.76,43395.72,,1699.36,2578.72,1444.47,123.69,889.88,14828.02,65.08,0.0,0.0,0.0,592.01,0.0,9424.8,401.61,5639.63,0.0,0.0,0.0,0.0,49356.23,606.23,0.0,5068.01,63762.66,,124178.39,109982.3,735.78,21040.68,0.0,,,127621.31666666668,,60216.7,3403.56,1231.89,42740.23,225.27,2125.08,0.0,5808.76,361790.86,1704677.55,361790.86,1704677.55,253038.97,1704677.55,253038.97,1704677.55,214797.37,1704677.55,214797.37,1704677.55,43395.72,3658684.0,71034.17,361790.86,20546.31,43395.72,23563.09,4770913.19,23563.09,212538.29,23563.09,68596.07,37618.13,68596.07,253038.97,4770913.19,253038.97,4853524.95,549115.16,4770913.19,549115.16,1202875.66,138784.92,453670.17,3389624.2,2976334.96,14878.3,361790.86,1382008.59,361790.86,3676195.35,3415858.38,4466224.66,3757771.13,100793.06,209662.98,260511.76,137485.74,4417833.56,3444422.44,,354239.27,102850.0,,0.0,303783.56,212538.29,151567.65,124178.39,5015.34,15536.51,6837.41,23563.09,3658684.0,2483209.75,62949.02,187736.23,0.0,,,128349.53333333333,752149.63,30108.35,51774.27,69430.1,,15652.58,12643.38,0.0,40650.38,
Bangladesh,Islamic Banking,2022,3,2022-Q3,82971.58,110021.57,886090.85,4770913.19,176559.45,4770913.19,191209.94,3658684.0,191209.94,361790.86,3658684.0,,42092.97,159011.05,17063.61,15989.27,163747.69,60453.2,30037.93,6874.64,778.33,1509.35,41237.26,3356.71,,131480.47,14261.19,146039.36,1365673.69,377.27,39.03,0.0,66425.73,158502.07,108719.7,1089503.74,,35509.76,43395.72,,1699.36,2578.72,1444.47,123.69,889.88,14828.02,65.08,0.0,0.0,0.0,592.01,0.0,9424.8,401.61,5639.63,0.0,0.0,0.0,0.0,49356.23,606.23,0.0,5068.01,63762.66,,124178.39,109982.3,735.78,21040.68,0.0,,,128349.53333333335,,60216.7,3403.56,1231.89,42740.23,225.27,2125.08,0.0,5808.76,361790.86,1704677.55,361790.86,1704677.55,253038.97,1704677.55,253038.97,1704677.55,214797.37,1704677.55,214797.37,1704677.55,43395.72,3658684.0,71034.17,361790.86,20546.31,43395.72,23563.09,4770913.19,23563.09,212538.29,23563.09,68596.07,37618.13,68596.07,253038.97,4770913.19,253038.97,4853524.95,549115.16,4770913.19,549115.16,1202875.66,138784.92,453670.17,3389624.2,2976334.96,14878.3,361790.86,1382008.59,361790.86,3676195.35,3415858.38,4466224.66,3757771.13,100793.06,209662.98,260511.76,137485.74,4417833.56,3444422.44,,354239.27,102850.0,500.0,0.0,303783.56,212538.29,151567.65,124178.39,5015.34,15536.51,6837.41,23563.09,3658684.0,2483209.75,62949.02,187736.23,0.0,,,128349.53333333333,752149.63,30108.35,51774.27,69430.1,,15652.58,12643.38,0.0,40650.38,
Malaysia,Islamic Banking,2013,4,2013-Q4,,,131745.66,419548.67,4822.84,345888.59,5947.53,280476.18,62438.11,30730.8,280476.18,,5418.35,700.41,445.08,5395.46,11608.48,54.49,,4827.63,1444.56,7992.67,775.06,73.35,,4405.64,7.32,171917.31,15161.72,9.47,20342.86,,3112.29,,11467.53,10189.12,,5127.39,3986.57,,30.72,116.84,15.63,33.3,81.27,81.1,0.94,,18.02,7.87,1.96,0.59,13.0,0.0,1816.49,0.0,563.49,116.71,,439.89,1.31,,284.05,363.38,,,,,,,,,,,,,,,,,,,30730.8,221626.82,30730.8,166678.0975,25703.54,221626.82,25703.54,111729.375,25640.54,221626.82,13752.1,56780.6525,3986.57,280476.18,2845.04,30730.8,1141.53,3986.57,4728.4,399424.54,4728.4,27367.8,4728.4,12314.97,4874.76,12314.97,25703.54,419548.67,13783.6,,11551.29,419548.67,11551.29,183014.99,,,,,1307.43,30730.8,,,280476.18,232399.11,,,,,,,419548.67,129622.42,126218.09,60334.88,500.0,0.0,28043.5,45627.57,29202.21,12314.97,8575.65,351.42,972.29,2415.61,4728.4,,,,137014.8,,,,,,,,1476.46,68862.98,145.97,16051.96,,,
Malaysia,Islamic Banking,2014,1,2014-Q1,,,142728.74,420987.49,5933.35,347844.7,5440.67,290190.62,64202.39,32261.32,290190.62,,6006.61,887.78,413.63,6481.55,11781.79,56.45,,4822.31,1449.33,8222.5,1011.74,88.28,,3838.59,7.77,177838.14,15007.19,6.47,20236.42,,3060.18,0.0,12961.17,10499.17,,5513.56,4056.09,,33.7,124.59,23.24,31.48,78.69,83.29,0.59,,12.14,14.4,2.01,1.15,11.36,0.0,1841.37,0.0,644.46,115.65,,482.42,1.33,0.0,264.07,290.16,,,,,,24.083333333333336,,,70817.24500000001,35545.65,0.0,0.0,776.345,,39.47,8738.244999999999,0.0,0.0,32261.32,227224.96,32261.32,170935.0975,27252.0,227224.96,27252.0,114645.235,27046.0,227224.96,14534.145,58355.3725,4056.09,290190.62,2896.53,32261.32,1159.55,4056.09,4913.79,409009.01,4913.79,28416.32,4913.79,12250.8,5266.4,12250.8,27252.0,420987.49,14637.145,,14631.63,420987.49,14631.63,167704.91,,,,,1050.54,32261.32,,,290190.62,241049.4,,,,,,,420987.49,129561.39,127937.75,60397.14,500.0,182.43,25529.89,46728.67,30150.23,3062.7,2321.44,59.15,241.25,440.86,1228.45,,,0.0,141166.13,,,,,,0.0,0.0,1552.69,71029.15,78.94,17404.78,0.0,0.0,
Malaysia,Islamic Banking,2014,2,2014-Q2,,,148245.98,439406.48,6931.13,363678.28,6371.38,301288.96,65881.23,36723.86,301288.96,,6293.99,981.21,1542.64,5769.1,12750.17,59.2,,4787.87,1895.62,8328.75,1029.28,91.9,,4357.26,8.0,184343.53,15856.66,6.6,20111.5,,3253.81,0.0,12863.67,11249.45,,5708.78,3943.69,,34.69,126.71,15.15,31.29,61.23,15.3,0.81,,11.59,15.1,2.49,1.24,12.19,0.03,1982.12,0.0,429.0,0.19,,614.75,28.8,0.0,263.72,297.3,,,,,,22.723333333333333,,,71722.00499999999,36368.175,0.0,0.0,852.52,,38.56,9535.410000000002,0.0,0.0,36723.86,237045.09,36723.86,178295.615,28760.59,237045.09,28760.59,119546.14,28554.59,237045.09,15294.35,60796.66500000001,3943.69,301288.96,2900.31,36723.86,1043.38,3943.69,4747.52,422048.28,4747.52,29451.26,4747.52,12065.58,5176.7,12065.58,28760.59,439406.48,15397.35,,13870.53,439406.48,13870.53,173942.82,,,,,1211.51,36723.86,,,301288.96,252248.42,,,,,,,439406.48,123411.57,140091.46,62327.76,500.0,177.58,23030.21,58856.52,31011.38,6032.79,4609.67,120.49,493.92,808.7,2373.76,,,0.0,142951.36,,,,,,0.0,0.0,1705.04,72674.31,77.12,19001.45,0.0,0.0,
Malaysia,Islamic Banking,2014,3,2014-Q3,,,137961.52,448418.09,7894.03,376788.8,7830.8,313702.54,69353.46,36796.98,313702.54,,6374.78,1134.27,2551.72,5902.9,13022.03,58.76,,4806.48,1728.66,8393.13,1325.62,115.26,,4643.44,8.47,191960.75,16804.06,6.57,20145.81,,3147.69,0.0,13263.93,12101.43,,6206.8,4118.92,,37.84,145.4,10.64,31.21,57.06,214.89,0.83,,11.08,15.1,13.53,2.31,15.34,0.0,1976.76,0.04,430.84,0.21,,560.18,25.89,0.0,266.0,303.77,,,,,,21.536666666666665,,,72892.18500000001,37767.71,0.0,0.0,901.67,,38.825,10258.13,0.0,0.0,36796.98,242366.64,36796.98,182326.25,28600.33,242366.64,28600.33,122285.86,28394.33,242366.64,15235.45,62245.47,4118.92,313702.54,3051.56,36796.98,1067.36,4118.92,4772.99,432090.18,4772.99,30394.72,4772.99,12065.04,5064.96,12065.04,28600.33,448418.09,15338.45,,12190.94,448418.09,12190.94,171165.95,,,,,984.27,36796.98,,,313702.54,266395.66,,,,,,,448418.09,106568.98,166207.97,62359.0,500.0,184.95,20475.31,60906.79,31215.07,9048.78,6942.19,204.36,716.67,1185.56,3579.75,,,0.0,145271.32,,,,,,0.0,0.0,1803.34,75465.34,76.54,20449.28,0.0,0.0,
Malaysia,Islamic Banking,2014,4,2014-Q4,,,151202.27,469024.06,7937.82,398041.4,9001.44,333646.2,74391.68,38810.06,333646.2,,6821.86,1196.15,2595.87,7437.36,14887.5,61.78,,4701.13,1881.41,8388.03,1347.19,118.06,,5327.7,8.67,199756.46,17701.43,6.65,23013.46,,3167.32,0.0,16311.13,12488.27,,6428.78,3995.92,,31.03,143.68,8.57,116.71,59.99,201.93,0.82,,11.17,15.41,3.05,2.45,18.25,0.0,1986.49,0.04,308.04,0.43,,525.02,23.7,0.0,245.1,294.05,,,,,,20.72,,,74485.11000000002,38497.395,0.0,0.0,883.45,,38.655,11259.37,0.0,0.0,38810.06,249910.48,38810.06,187939.3975,30313.12,249910.48,30313.12,125968.315,30107.12,249910.48,16097.8,63997.23250000001,3995.92,333646.2,2947.71,38810.06,1048.21,3995.92,4975.61,444459.03,4975.61,31096.27,4975.61,12737.41,5195.16,12737.41,30313.12,469024.06,16200.8,,12958.16,469024.06,12958.16,171744.84,,,,,1085.27,38810.06,,,333646.2,280476.18,,,,,,,469024.06,77978.16,207663.84,66693.8,500.0,637.9,18704.06,64837.88,32008.42,12737.41,9439.46,396.04,1000.35,1901.56,4975.61,,,0.0,148435.01,,,,,,0.0,0.0,1766.9,76914.15,77.31,22454.24,0.0,0.0,
Malaysia,Islamic Banking,2015,1,2015-Q1,,,158020.01,498395.94,10704.78,425517.3,12009.65,351136.02,72802.83,38803.74,351136.02,,7385.92,1067.44,2957.75,10719.09,16167.06,71.79,,4684.09,4443.76,8565.83,1430.74,121.5,,5374.08,11.43,206927.33,17442.82,6.66,23599.55,,3317.93,0.0,16167.4,13582.97,,7090.87,4398.95,,45.8,166.06,9.44,131.09,55.8,473.52,0.61,,11.42,17.78,3.67,2.49,11.69,0.0,2015.8,0.0,324.81,0.6,,599.02,22.03,0.0,222.3,285.01,,,,,,19.87666666666667,,,75833.48,39427.065,0.0,0.0,951.92,,38.895,11943.385,0.0,0.0,38803.74,261032.75,38803.74,196289.74,30499.63,261032.75,30499.63,131546.72999999998,30300.63,261032.75,16236.165,66803.72,4398.95,351136.02,3349.59,38803.74,1049.36,4398.95,4500.84,463811.14,4500.84,31766.05,4500.84,12455.48,5300.89,12455.48,30499.63,498395.94,16335.665,,-74.54,498395.94,-74.54,188298.0,,,,,1257.81,38803.74,,,351136.02,290190.62,,,,,,,498395.94,68144.82,242165.28,70424.28,500.0,1429.85,18170.6,64731.8,32829.33,3113.87,2318.71,176.2,214.71,404.25,1125.21,,,0.0,151075.28,,,,,,0.0,0.0,1903.84,78754.65,77.79,23824.68,0.0,0.0,
Malaysia,Islamic Banking,2015,2,2015-Q2,,,169251.5,501354.62,8905.4,426334.85,12315.11,362401.46,71124.97,40703.52,362401.46,,8690.55,1197.53,2950.74,11846.5,17034.07,102.09,,5417.06,4507.1,9272.63,1267.42,126.53,,4156.34,14.95,213567.95,18316.28,7.7,23550.72,,3050.4,0.0,14815.17,14193.9,,8315.81,4550.49,,41.51,118.82,8.12,127.39,64.67,574.51,0.67,,18.13,17.95,2.81,0.7,26.0,0.02,1925.51,0.0,369.95,0.79,,538.97,73.56,0.0,289.62,350.82,,,,,,19.296666666666667,,,76255.925,40175.75,0.0,0.0,1016.6,,38.435,12572.45,0.0,0.0,40703.52,267937.08,40703.52,201463.77,31572.5,267937.08,31572.5,134990.46000000002,31373.5,267937.08,16781.25,68517.15000000002,4550.49,362401.46,3580.35,40703.52,970.14,4550.49,4789.21,479298.18,4789.21,32452.04,4789.21,12610.41,5314.94,12610.41,31572.5,501354.62,16880.75,,54923.24,501354.62,54923.24,101466.38,,,,,1208.3,40703.52,,,362401.46,301288.96,,,,,,,501354.62,42431.82,273004.6,70651.77,500.0,1452.54,16939.43,62619.11,33755.35,6305.2,4723.37,258.09,501.67,822.06,2394.61,,,0.0,151914.17,,,,,,0.0,0.0,2033.2,80247.19,76.87,25085.48,0.0,0.0,
Malaysia,Islamic Banking,2015,3,2015-Q3,259.85,355.84,181529.25,505298.9,4695.06,394825.46,13909.85,376143.8,68995.81,40957.22,376143.8,,10832.65,1259.95,3001.4,9564.67,18016.44,102.7,,5907.26,5470.31,8940.71,1384.02,123.43,,4500.17,17.21,220358.75,18668.36,7.33,24851.49,,3060.0,0.0,15465.83,15235.52,,9375.62,4862.43,,42.62,325.29,9.27,125.3,49.32,568.76,0.69,,18.03,20.35,1.61,1.0,71.46,0.02,2025.36,0.0,422.08,1.14,,507.16,66.51,0.0,236.53,369.93,,,,,,18.743333333333336,,,77814.975,40993.025,0.0,0.0,1050.295,,40.245,13352.1,0.0,0.0,40957.22,272865.99,40957.22,205089.21,31385.56,272865.99,31385.56,137312.43,31186.56,272865.99,16678.74,69535.65,4862.43,376143.8,3768.87,40957.22,1093.56,4862.43,4885.36,493518.38,4885.36,33244.99,4885.36,12814.11,5328.88,12814.11,31385.56,505298.9,16778.24,,72445.66,505298.9,72445.66,93097.37,,,,,1506.48,40957.22,,,376143.8,313702.54,,,,,,,505298.9,32863.7,286000.96,68159.4,500.0,1424.33,19567.68,62395.98,34386.86,9610.58,7230.33,492.44,706.38,1181.43,3664.02,,,0.0,155040.6,,,,,,0.0,0.0,2100.59,81880.68,80.49,26647.45,0.0,0.0,
Malaysia,Islamic Banking,2015,4,2015-Q4,372.36,517.21,186186.96,526328.75,6220.49,399320.74,12721.51,387350.8,69012.73,43533.28,387350.8,,11458.92,1254.1,3112.92,10617.51,19925.01,107.14,,5796.88,6013.51,9149.82,1486.55,125.81,,4735.04,19.19,226034.96,19648.8,7.44,24534.07,,2154.31,0.0,16343.49,15833.13,,8992.22,4673.08,,34.4,285.25,9.87,120.79,52.63,568.26,0.55,,11.93,19.78,3.91,0.92,15.05,0.01,1975.84,0.0,468.48,1.74,,422.23,62.03,0.0,263.99,355.43,,,,,,17.903333333333336,,,79180.18000000001,40508.695,0.0,0.0,1091.305,,38.91,14284.82,0.0,0.0,43533.28,273940.75,43533.28,205875.7575,33248.78,273940.75,33248.78,137810.765,33049.78,273940.75,17577.83,69745.77250000002,4673.08,387350.8,3573.08,43533.28,1100.0,4673.08,4836.39,507844.56,4836.39,34144.83,4836.39,12782.59,5442.24,12782.59,33248.78,526328.75,17677.33,,76088.44,526328.75,76088.44,88650.67,,,,,1497.62,43533.28,,,387350.8,333646.2,,,,,,,526328.75,45471.02,296300.43,66004.54,500.0,1438.84,20048.3,60957.85,35607.78,12782.59,9664.81,567.98,1013.27,1536.52,4836.39,,,0.0,157672.06,,,,,,0.0,0.0,2175.3,80882.03,77.82,28515.59,0.0,0.0,
Malaysia,Islamic Banking,2016,1,2016-Q1,450.33,604.31,192845.21,528818.81,6031.89,396797.7,11858.9,393901.72,65490.98,44244.03,393901.72,,10462.25,1346.15,3011.98,11181.75,21097.38,108.42,,6098.0,5740.57,10682.36,1455.65,129.33,,4911.99,20.52,230031.9,19951.76,7.06,23786.56,,2201.02,0.0,17606.2,15924.76,,8146.1,4747.65,,91.21,265.38,8.52,108.68,86.0,591.77,1.08,,13.87,28.89,4.59,10.86,21.14,0.12,1910.08,0.0,339.78,5.11,,583.47,23.74,0.0,294.03,359.35,,,,,,17.106666666666666,,,80748.31499999999,39207.315,0.0,0.0,668.17,,36.495,15511.74,0.0,0.0,44244.03,274173.65,44244.03,206081.43,34014.53,274173.65,34014.53,137989.21000000002,33822.53,274173.65,18001.385,69896.99000000002,4747.65,393901.72,3703.24,44244.03,1044.41,4747.65,5469.5,515450.27,5469.5,35213.06,5469.5,13119.89,5497.94,13119.89,34014.53,528818.81,18097.385,,82458.54,528818.81,82458.54,90524.48,,,,,1254.68,44244.03,,,393901.72,351136.02,,,,,,,528818.81,53967.37,291846.57,65374.49,500.0,1646.17,16472.21,61909.75,37102.26,3279.97,2477.98,85.26,309.48,407.26,1367.37,,,0.0,160813.59,,,,,,0.0,0.0,1322.35,78285.42,72.99,30971.46,0.0,0.0,
Malaysia,Islamic Banking,2016,2,2016-Q2,506.78,601.62,204046.8,549788.18,7584.27,399444.52,11808.98,405086.13,66920.01,44508.3,405086.13,,11792.26,1341.15,3027.19,11817.83,21605.47,107.7,,6650.48,5313.06,10647.23,1464.75,133.68,,4975.95,21.68,235638.36,20051.28,7.47,25803.22,,2467.88,0.0,17867.22,16173.34,,8178.94,5503.22,,127.86,233.49,9.43,105.68,86.87,612.09,0.69,,14.2,27.6,9.56,17.2,18.59,0.12,1943.15,0.0,349.59,138.53,,584.97,17.08,0.0,815.65,390.87,,,,,,15.466666666666663,,,75929.48500000002,39766.55,0.0,0.0,1078.8349999999998,,36.095,16343.105,0.0,0.0,44508.3,276061.8,44508.3,207444.6125,34317.52,276061.8,34317.52,138827.425,34125.52,276061.8,18160.7,70210.23749999999,5503.22,405086.13,4425.93,44508.3,1077.29,5503.22,5130.01,527558.66,5130.01,36116.66,5130.01,13487.46,5697.09,13487.46,34317.52,549788.18,18256.7,,89676.65,549788.18,89676.65,93310.51,,,,,1405.24,44508.3,,,405086.13,362401.46,,,,,,,549788.18,65234.51,286602.98,67739.29,500.0,1894.83,22520.82,67926.02,37369.73,6743.73,5065.24,256.83,588.35,833.32,2565.01,,,0.0,151190.51,,,,,,0.0,0.0,2131.89,79417.83,72.19,32636.22,0.0,0.0,
Malaysia,Islamic Banking,2016,3,2016-Q3,579.86,817.11,213152.44,554842.25,6675.25,410471.33,11838.4,411438.3,69309.59,45704.2,411438.3,,11871.36,1405.15,3207.66,12234.29,22299.09,106.72,,6669.4,5357.37,10833.16,1454.38,132.42,,4814.14,21.44,241444.05,19705.39,6.58,25958.02,,2201.32,0.0,16645.14,16789.89,,8281.34,5527.0,,55.15,244.21,8.86,103.43,111.6,619.73,0.0,,9.93,29.69,8.29,2.65,22.5,0.11,2133.14,0.0,349.06,137.8,,558.12,15.95,0.0,727.9,388.9,,,,,,13.99,,,73889.50000000001,39687.915,0.0,0.0,1032.85,,35.555,19064.28,0.0,0.0,45704.2,279856.16,45704.2,210290.1925,35572.72,279856.16,35572.72,140724.22499999998,35380.72,279856.16,19038.64,71158.25749999998,5527.0,411438.3,4218.5,45704.2,1308.5,5527.0,5133.88,539944.5,5133.88,37161.96,5133.88,13548.22,5709.59,13548.22,35572.72,554842.25,19134.64,,93008.92,554842.25,93008.92,93802.41,,,,,1305.87,45704.2,,,411438.3,376143.8,,,,,,,554842.25,64208.51,301666.81,63163.58,505.0,1770.14,16657.91,68302.24,38568.05,10161.16,7630.4,473.89,886.3,1170.57,3850.41,,,0.0,147010.2,,,,,,0.0,0.0,2035.95,79234.58,71.11,38079.83,0.0,0.0,
Malaysia,Islamic Banking,2016,4,2016-Q4,607.72,835.2,223855.11,572774.07,7241.09,414657.53,13608.63,431593.15,72481.81,47124.13,431593.15,,12096.26,1368.62,3694.47,12528.18,23424.41,109.0,,6086.01,5763.04,10464.45,1504.12,127.4,,6475.8,21.94,249536.67,20888.18,6.39,28056.13,,2286.31,0.0,17730.32,18055.55,,11369.91,5497.43,,54.35,512.11,8.45,120.5,123.25,641.04,0.0,,4.71,26.07,6.69,2.88,17.97,0.3,2216.05,0.0,332.49,390.58,,465.15,13.36,0.0,236.13,325.37,,,,,,15.31,,,76311.815,39603.91,0.0,0.0,971.245,,35.69,20133.485,0.0,0.0,47124.13,287388.13,47124.13,215976.215,36751.52,287388.13,36751.52,144564.3,36559.52,287388.13,19573.465,73152.38499999998,5497.43,431593.15,4134.58,47124.13,1362.85,5497.43,5440.53,551555.83,5440.53,38136.1,5440.53,13879.23,5692.89,13879.23,36751.52,572774.07,19669.465,,86883.61,572774.07,86883.61,85169.31,,,,,1243.44,47124.13,,,431593.15,387350.8,,,,,,,572774.07,72703.5,309472.14,65556.67,1005.0,2112.21,18690.5,63729.68,39504.37,13879.23,10354.24,563.87,1210.84,1750.28,5440.53,,,0.0,151791.57,,,,,,0.0,0.0,1911.9,79047.48,71.38,40220.09,0.0,0.0,
Malaysia,Islamic Banking,2017,1,2017-Q1,613.88,853.46,222882.47,585259.39,8194.87,426209.07,15096.51,441117.72,79502.9,47754.06,441117.72,,13865.76,1413.09,4155.2,12967.25,23500.21,111.17,,6419.22,4995.97,8865.12,1773.31,119.32,,5846.12,25.13,255996.74,21744.77,5.7,27367.12,,2373.73,0.0,18922.36,18374.89,,12275.55,5617.7,,16.75,509.15,8.02,118.19,96.95,863.51,0.04,,8.6,26.01,5.98,2.14,23.37,0.31,2228.48,0.0,261.14,379.11,,446.47,39.18,0.0,222.52,361.78,,,,,,14.796666666666669,,,76909.89000000001,39979.6,0.0,0.0,943.835,,34.475,21210.180000000004,0.0,0.0,47754.06,297143.05,47754.06,223339.3775,37196.05,297143.05,37196.05,149535.705,37011.05,297143.05,19828.335000000003,75732.03249999997,5617.7,441117.72,4329.74,47754.06,1287.96,5617.7,6401.55,565665.97,6401.55,39058.72,6401.55,14345.86,5949.88,14345.86,37196.05,585259.39,19920.835000000003,,87026.92,585259.39,87026.92,85536.06,,,,,1506.57,47754.06,,,441117.72,393901.72,,,,,,,585259.39,74428.05,315399.47,67496.11,1005.0,2189.15,17409.12,66539.78,40792.72,3586.46,2785.04,54.69,347.06,399.68,1600.39,,,0.0,152882.82,,,,,,0.0,0.0,1854.54,79769.78,68.95,42375.12,0.0,0.0,
Malaysia,Islamic Banking,2017,2,2017-Q2,623.71,824.06,218724.1,600409.09,7894.48,437674.74,15498.75,451979.26,79470.37,49138.41,451979.26,,13802.46,1372.38,4167.03,14350.98,24074.25,112.79,,6887.61,5456.21,8902.79,1862.4,117.98,,7218.43,24.29,262018.07,22047.73,5.33,26054.57,,2299.06,0.0,20084.68,18789.84,,12330.39,6152.07,,17.72,529.65,8.49,118.07,101.72,919.06,0.04,,4.62,26.31,22.1,2.5,22.95,0.37,2375.63,0.23,471.98,381.69,,522.2,40.1,0.0,217.58,369.06,,,,,,14.156666666666666,,,77585.645,40169.445,0.0,0.0,937.275,,33.1,22085.915,0.0,0.0,49138.41,299608.04,49138.41,225233.55,38365.72,299608.04,38365.72,150859.06,38180.72,299608.04,20403.99,76484.57,6152.07,451979.26,4777.8,49138.41,1374.27,6152.07,5974.4,578321.2,5974.4,40087.83,5974.4,14437.37,6112.56,14437.37,38365.72,600409.09,20496.49,,94500.14,600409.09,94500.14,83080.62,,,,,1467.37,49138.41,,,451979.26,405086.13,,,,,,,600409.09,74145.45,329582.16,68596.64,1000.0,3016.88,19639.24,62942.53,41486.18,7218.68,5677.68,135.31,674.29,731.41,2987.2,,,0.0,154174.1,,,,,,0.0,0.0,1841.87,80130.19,66.2,44128.22,0.0,0.0,
Malaysia,Islamic Banking,2017,3,2017-Q3,599.48,855.5,223701.54,617733.92,7926.29,456695.88,15604.55,459422.11,82418.77,49472.77,459422.11,,13346.46,1373.27,3854.97,14007.98,25456.23,119.3,,7468.05,5241.04,8982.1,1983.2,121.61,,7453.43,21.12,267932.91,21448.09,4.74,26415.13,,2257.11,0.0,20819.0,18819.49,,12296.88,6358.87,,33.79,600.33,9.74,115.7,169.51,884.73,0.19,,4.51,13.48,21.49,1.92,118.42,0.25,2418.79,0.24,480.53,384.83,,436.26,39.68,0.0,241.49,383.0,,,,,,13.36,,,77199.35500000001,40417.78,0.0,0.0,929.625,,31.905,23059.665,0.0,0.0,49472.77,306397.49,49472.77,230370.1375,38084.24,306397.49,38084.24,154342.785,37899.24,306397.49,20284.33,78315.4325,6358.87,459422.11,4945.77,49472.77,1413.1,6358.87,6282.98,594044.12,6282.98,40990.7,6282.98,14527.54,6112.47,14527.54,38084.24,617733.92,20376.83,,103913.9,617733.92,103913.9,95141.68,,,,,1381.05,49472.77,,,459422.11,411438.3,,,,,,,617733.92,73933.11,349421.93,67067.22,500.0,3041.02,17217.04,64374.06,42179.54,10895.66,8603.88,214.82,1007.53,1069.43,4712.24,,,0.0,153370.64,,,,,,0.0,0.0,1827.52,80615.39,63.81,46077.41,0.0,0.0,
Malaysia,Islamic Banking,2017,4,2017-Q4,616.59,1598.4,229223.59,642716.83,7955.35,473411.73,14538.24,476037.92,86598.96,53179.38,476037.92,,13926.53,1437.01,4219.93,12646.52,26242.67,119.05,,8348.94,4974.85,8888.71,1965.29,363.42,,11122.06,19.27,277418.66,21458.04,4.37,27178.43,,2270.71,0.0,22127.57,19836.62,,11469.28,5913.4,,31.91,575.94,9.69,98.75,106.57,588.37,0.19,,4.53,12.25,6.33,1.88,28.28,0.28,2393.34,0.0,389.94,379.85,,383.07,40.81,0.0,475.23,386.18,,,,,,12.953333333333331,,,79724.355,40450.665,0.0,0.0,925.23,,30.51,24161.92,0.0,0.0,53179.38,305135.27,53179.38,229517.7425,41390.04,305135.27,41390.04,153900.215,39805.86,305135.27,21198.085,78282.6875,5913.4,476037.92,4325.88,53179.38,1587.52,5913.4,6345.51,611529.81,6345.51,42030.36,6345.51,14771.03,6205.98,14771.03,41390.04,642716.83,21990.175,,109047.76,642716.83,109047.76,86044.93,,,,,1311.54,53179.38,,,476037.92,431593.15,,,,,,,642716.83,74084.57,350013.16,75819.86,501.0,3071.41,16595.46,78968.35,43663.01,14771.03,11578.78,296.17,1400.42,1495.65,6345.51,,,0.0,158403.81,,,,,,0.0,0.0,1819.66,80674.05,61.02,48283.28,0.0,0.0,
Malaysia,Islamic Banking,2018,1,2018-Q1,678.72,930.63,229169.56,665287.43,7979.05,493049.22,12753.1,490682.25,86897.58,53304.09,490682.25,0.0,13177.57,1530.56,3757.87,9816.77,27012.94,112.3,,14522.88,5631.45,9001.17,2164.34,573.27,,5199.18,9.41,286471.6,21961.17,1.06,26823.85,,2550.02,0.0,27334.64,21016.04,,12014.17,6589.27,0.0,42.47,588.45,9.91,62.46,124.08,647.59,0.35,,4.74,14.86,7.4,2.03,22.24,0.2,2497.89,0.09,406.69,660.87,,352.46,58.55,0.0,640.27,445.68,,,,,,12.516666666666667,,,79948.015,40472.9,0.0,0.0,960.38,,29.17,24511.51,0.0,0.0,53304.09,307999.23,53304.09,231753.48,41242.83,307999.23,41242.83,155507.72999999998,39665.61,307999.23,21199.09,79261.97999999998,6589.27,490682.25,3802.41,53304.09,2786.85,6589.27,6167.07,631536.81,6167.07,42844.83,6167.07,18013.04,6632.81,18013.04,41242.83,665287.43,21987.7,,128026.3,665287.43,128026.3,91567.59,140963.1,91567.59,,,1359.96,53304.09,,,490682.25,441117.72,,,,,,,665287.43,76412.37,365091.37,75892.33,501.0,3430.7,13957.97,85951.09,44050.6,9128.26,7550.93,0.0,335.96,1241.37,1541.77,,,0.0,158850.93,,,,,,0.0,0.0,1891.56,80715.48,58.34,48983.85,0.0,0.0,
Malaysia,Islamic Banking,2018,2,2018-Q2,668.73,883.12,246421.88,708515.41,7962.52,525539.02,13215.38,535958.08,105111.11,59391.91,535958.08,0.0,14676.8,1939.42,3782.3,10394.88,27054.49,113.18,,14661.44,5386.43,8924.64,2306.32,688.01,,6174.19,8.91,320794.2,22188.9,1.12,26631.17,,2644.95,0.0,33063.26,22301.45,,12222.04,7731.18,0.0,110.31,576.63,31.4,64.14,132.87,642.1,0.34,,4.56,14.04,7.47,1.92,100.74,0.23,3384.81,0.09,408.23,630.61,,348.31,86.79,0.0,709.67,475.9,,,,,,12.123333333333331,,,132277.51,41603.675,0.0,0.0,1391.1,,28.49,25454.825,0.0,0.0,59391.91,356267.33,59391.91,268004.5825,46617.71,356267.33,46617.71,179741.83500000002,45040.44,356267.33,23895.765,91479.08750000002,7731.18,535958.08,4205.87,59391.91,3525.31,7731.18,7223.02,658563.39,7223.02,44759.08,7223.02,18243.05,6800.06,18243.05,46617.71,708515.41,24684.4,,121698.87,708515.41,121698.87,94472.27,133566.02,94472.27,,,1435.79,59391.91,,,535958.08,451979.26,,,,,,,708515.41,72740.59,399293.69,75227.59,2675.81,3852.57,16844.56,88737.41,49143.19,18821.57,16136.73,0.0,676.55,2008.29,3611.51,,,0.0,198410.15,,,,,,0.0,0.0,2663.94,82224.3,56.98,50740.59,0.0,0.0,
Malaysia,Islamic Banking,2018,3,2018-Q3,670.25,1098.34,252907.76,723646.89,8676.08,539620.4,12755.51,547160.86,106410.04,59417.57,547160.86,0.0,14781.65,1993.39,3943.8,10921.49,28062.76,111.23,,13869.14,4860.75,9033.16,2313.33,684.44,,5852.46,10.91,329777.53,22931.4,1.12,26719.72,,2914.53,0.0,33425.13,22542.94,,12410.0,7906.83,0.0,46.76,570.69,34.42,78.61,121.0,620.28,0.34,,2.77,19.42,8.64,2.73,96.76,0.2,3606.89,0.1,423.85,491.19,,428.58,86.13,0.0,744.38,523.09,,,,,,11.623333333333331,,,134037.89666666667,41746.015,0.0,0.0,1415.85,,21.855,26306.385,0.0,0.0,59417.57,355543.9,59417.57,267502.0225,46827.0,355543.9,46827.0,179460.14500000002,45249.69,355543.9,24013.405,91418.26750000002,7906.83,547160.86,4069.91,59417.57,3836.92,7906.83,7604.2,685041.64,7604.2,46941.8,7604.2,18440.87,6797.57,18440.87,46827.0,723646.89,24802.06,,129041.97,723646.89,129041.97,101273.96,141463.5,101273.96,,,1637.87,59417.57,,,547160.86,459422.11,,,,,,,723646.89,72812.72,416344.54,70656.77,3196.45,4465.2,14337.26,90923.54,50910.41,29030.26,24990.37,0.0,1020.75,3019.14,5703.15,,,0.0,201050.89,,,,,,0.0,0.0,2708.74,82449.22,43.71,52449.18,0.0,0.0,
Malaysia,Islamic Banking,2018,4,2018-Q4,721.36,919.47,263956.42,755577.96,12834.44,560881.36,12706.31,559265.61,109253.79,63964.07,559265.61,0.0,15287.12,2136.15,3810.1,9528.55,28328.48,237.43,,14812.68,4637.04,8997.41,2375.02,697.9,,5708.42,11.94,337232.68,24153.69,0.97,26957.33,,2918.88,0.0,35146.79,23688.51,,12598.53,7578.47,0.0,46.15,531.0,102.39,64.45,124.18,753.3,0.42,,2.74,19.88,12.54,2.78,109.06,0.19,3134.56,0.01,440.81,376.63,,434.28,80.33,0.0,915.04,427.76,,,,,,11.02,,,135536.83,41802.58,0.0,0.0,662.49,,21.855,26465.165,0.0,0.0,63964.07,358034.94,63964.07,269405.7775,50196.41,358034.94,50196.41,180776.615,48319.06,358034.94,25553.075,92147.45249999996,7578.47,559265.61,4388.6,63964.07,3189.86,7578.47,7905.35,713256.92,7905.35,49126.25,7905.35,18463.68,6952.12,18463.68,50196.41,755577.96,26491.75,,145982.95,755577.96,145982.95,106515.33,160383.86,106515.33,,,1529.57,63964.07,,,559265.61,476037.92,,,,,,,755577.96,73235.01,429458.67,74317.22,2976.33,4030.76,18705.45,100453.71,52400.81,38806.01,34092.31,0.0,1383.49,3330.21,7905.35,,,0.0,203299.72,,,,,,0.0,0.0,1324.98,82398.69,43.71,52771.91,0.0,0.0,
Malaysia,Islamic Banking,2019,1,2019-Q1,708.42,1111.7,267443.85,777105.26,11510.99,577060.1,12744.49,571128.22,119931.43,63379.26,571128.22,0.0,15450.76,2180.54,4072.37,9768.32,28925.87,258.12,,15593.47,2830.77,9099.88,2391.21,714.15,,5814.69,13.96,346273.76,25694.18,1.05,27579.35,,2604.56,0.0,34593.9,24176.39,,13090.91,7779.61,0.0,101.73,408.83,150.2,64.59,122.22,1054.21,0.46,,2.66,19.19,12.39,2.35,107.44,0.14,3176.32,0.01,414.97,378.3,,472.99,81.47,0.0,775.39,433.78,,,,,,10.843333333333334,,,136681.24,41631.81999999999,0.0,0.0,967.49,,21.855,27285.735,0.0,0.0,63379.26,368175.08,63379.26,277052.2575,50418.91,368175.08,50418.91,185929.435,48449.4,368175.08,25420.305,94806.6125,7779.61,571128.22,4645.84,63379.26,3133.77,7779.61,8415.66,741211.38,8415.66,51664.15,8415.66,21375.23,7695.22,21375.23,50418.91,777105.26,26405.06,,156995.48,777105.26,156995.48,116552.91,169981.98,116552.91,,,1486.71,63379.26,,,571128.22,490682.25,,,,,,,777105.26,72124.41,447372.75,76184.7,2977.06,3737.18,24841.82,95665.15,54202.19,11329.54,9177.09,0.0,354.23,1798.22,2103.92,,,0.0,205016.38,,,,,,0.0,0.0,1934.98,82053.62,43.71,54419.46,0.0,0.0,
Malaysia,Islamic Banking,2019,2,2019-Q2,682.73,887.89,268011.4,783629.39,19331.79,593065.7,12351.15,581904.5,123079.25,64061.27,581904.5,0.0,15946.74,2373.88,4196.71,10109.55,29378.45,273.17,,15585.69,3061.07,8963.19,2638.58,733.4,,5629.82,17.75,354641.89,25478.42,1.11,27283.97,,2872.07,0.0,35289.62,24730.59,,12698.86,9735.42,0.0,977.9,483.13,155.14,64.57,198.97,1093.86,0.4,,11.72,13.96,8.55,2.73,98.98,0.49,3305.95,0.01,397.49,377.48,,1199.33,113.49,0.0,761.66,469.62,,,,,,10.466666666666669,,,139009.63666666666,41598.985,0.0,0.0,984.35,,21.855,27813.035,0.0,0.0,64061.27,373705.92,64061.27,281286.8925,51607.86,373705.92,51607.86,188867.865,49638.29,373705.92,26030.44,96448.83749999997,9735.42,581904.5,6499.36,64061.27,3236.05,9735.42,8336.82,759989.88,8336.82,53029.42,8336.82,19795.09,7551.67,19795.09,51607.86,783629.39,27015.225,,154719.86,783629.39,154719.86,102156.71,165658.93,102156.71,,,1700.47,64061.27,,,581904.5,535958.08,,,,,,,783629.39,72514.31,459868.29,81348.21,2882.89,3380.59,13578.84,95452.0,54604.25,21310.37,18336.06,0.0,714.7,2259.61,4168.41,,,0.0,208509.15,,,,,,0.0,0.0,1968.7,82030.53,43.71,55479.24,0.0,0.0,
Malaysia,Islamic Banking,2019,3,2019-Q3,676.41,942.32,258144.38,799534.82,13395.73,607320.29,12378.41,594347.7,127063.36,63806.23,594347.7,0.0,15495.17,2448.57,5499.81,10019.34,28891.64,264.15,,15768.7,3204.49,7479.63,2550.67,744.89,,5178.93,15.76,363855.83,26751.87,1.03,27728.96,,4297.09,0.0,35485.94,25943.07,,12722.16,10171.41,0.0,949.57,407.34,157.01,67.69,301.47,1084.97,0.34,,2.13,90.07,19.35,5.18,27.1,0.41,3516.24,0.03,322.86,372.31,,1423.99,110.68,0.0,821.27,491.39,,,,,,10.06,,,105910.775,41275.16500000001,0.0,0.0,874.035,,21.855,28223.63,0.0,0.0,63806.23,380603.62,63806.23,286531.145,50701.08,380603.62,50701.08,192458.67,48731.42,380603.62,25584.29,98386.19499999996,10171.41,594347.7,6815.75,63806.23,3355.66,10171.41,8688.71,778961.86,8688.71,54200.78,8688.71,20036.71,7544.88,20036.71,50701.08,799534.82,26569.120000000003,,151514.71,799534.82,151514.71,108906.91,165472.86,108906.91,,,912.02,63806.23,,,594347.7,547160.86,,,,,,,799534.82,71642.89,475745.19,80852.15,2883.75,3101.38,13750.01,95963.6,55595.85,32020.23,27668.35,0.0,1070.44,3281.44,6516.53,,,0.0,211821.54,,,,,,0.0,0.0,1748.07,81381.82,43.71,56305.71,0.0,0.0,
Malaysia,Islamic Banking,2019,4,2019-Q4,694.12,837.85,262247.48,818085.55,16693.38,606596.55,12200.35,606728.74,128602.91,69509.78,606728.74,0.0,17022.3,2602.62,5802.78,10920.39,30858.42,255.19,,15522.22,2780.47,7484.65,2556.18,756.66,,4635.91,16.28,372171.84,27052.32,1.51,27355.47,,4112.81,0.0,34374.64,27762.45,,12683.62,9451.05,0.0,903.82,477.88,156.34,9.62,233.33,867.68,0.29,,3.43,89.95,20.05,7.03,26.25,0.38,3356.3,0.03,301.06,339.04,,1261.29,76.82,0.0,850.53,469.93,,,,,,9.646666666666668,,,107466.79,40773.795,0.0,0.0,794.35,,21.855,28723.85,0.0,0.0,69509.78,385399.73,69509.78,290144.65,54607.79,385399.73,54607.79,194889.57,52638.05,385399.73,27553.93,99634.49,9451.05,606728.74,6252.46,69509.78,3198.59,9451.05,9336.51,794588.76,9336.51,55569.19,9336.51,20444.04,7861.41,20444.04,54607.79,818085.55,28538.8,,157303.88,818085.55,157303.88,112496.84,172123.74,112496.84,,,710.72,69509.78,,,606728.74,559265.61,,,,,,,818085.55,76509.58,469776.14,86290.8,3965.44,2753.39,21425.96,99489.77,57874.47,42826.61,37189.25,0.0,1515.99,4121.36,9336.51,,,0.0,214880.7,,,,,,0.0,0.0,1588.7,80397.57,43.71,57311.03,0.0,0.0,
Malaysia,Islamic Banking,2020,1,2020-Q1,705.58,1072.54,259052.68,819478.36,15249.6,605251.62,13894.79,613120.65,135544.68,69999.71,613120.65,0.0,17445.89,2655.2,5761.17,11555.82,30539.78,306.45,,15565.52,3270.13,7553.72,2826.31,766.49,,4489.2,16.6,375750.24,28051.17,1.53,27935.3,,4294.77,0.0,34403.29,27472.31,,12459.78,9625.92,0.0,1004.32,480.48,151.66,9.62,153.98,910.74,0.0,,3.43,90.06,18.08,6.96,22.27,0.37,3686.48,0.03,276.95,159.33,,1300.64,63.7,0.0,790.07,496.76,,,,,,9.22,,,106954.195,40148.490000000005,0.0,0.0,690.08,,21.855,29049.58,0.0,0.0,69999.71,390020.92,69999.71,293786.26249999995,54707.9,390020.92,54707.9,197551.605,52545.07,390020.92,27523.655,101316.94749999997,9625.92,613120.65,6280.66,69999.71,3345.26,9625.92,6570.04,805182.03,6570.04,56715.6,6570.04,21869.33,8566.88,21869.33,54707.9,819478.36,28605.07,,152140.51,819478.36,152140.51,121914.6,166214.17,121914.6,,,848.39,69999.71,,,613120.65,571128.22,,,,,,,819478.36,90908.78,460618.67,88260.58,3966.25,2147.24,10126.92,104662.08,58787.83,11171.81,9195.82,0.0,327.77,1648.22,1642.51,,,0.0,213837.6,,,,,,0.0,0.0,1380.16,79188.55,43.71,57967.18,0.0,0.0,
Malaysia,Islamic Banking,2020,2,2020-Q2,706.15,852.76,254485.63,833772.6,14646.75,623537.0,13859.16,627046.07,138411.03,71284.7,627046.07,0.0,16713.69,2653.75,6322.41,11989.93,31418.96,283.6,,18027.15,3235.87,8949.51,2776.58,285.21,,5367.98,17.52,383020.03,29305.62,1.44,26774.63,,4531.99,0.0,34711.47,28698.2,,11960.53,9035.27,0.0,1010.97,200.8,154.45,9.04,132.42,1031.75,3.43,,3.53,100.95,20.3,6.97,15.74,0.38,3195.47,0.03,252.86,157.55,,1356.13,52.55,0.0,838.76,491.19,,,,,,9.006666666666668,,,108773.84,40256.975,0.0,0.0,578.48,,21.855,29477.735,0.0,0.0,71284.7,399391.75,71284.7,300863.3325,56307.39,399391.75,56307.39,202334.915,54144.49,399391.75,28400.97,103806.4975,9035.27,627046.07,5796.31,71284.7,3238.95,9035.27,4419.62,817717.83,4419.62,57818.43,4419.62,18294.52,8198.84,18294.52,56307.39,833772.6,29482.42,,158438.35,833772.6,158438.35,120266.23,169446.95,120266.23,,,849.15,71284.7,,,627046.07,581904.5,,,,,,,833772.6,87239.36,462543.08,97031.68,3872.61,1864.49,10552.08,111653.74,59015.56,19300.75,16109.1,0.0,647.36,2544.28,2209.81,,,0.0,217449.15,,,,,,0.0,0.0,1156.96,79386.6,43.71,58828.06,0.0,0.0,
Malaysia,Islamic Banking,2020,3,2020-Q3,609.82,926.46,272789.88,853324.82,23085.1,637475.07,13084.29,646648.96,144378.4,71994.43,646648.96,0.0,16590.49,2744.48,6014.8,12570.33,31575.26,283.9,,19489.73,3148.36,8955.19,2609.51,276.76,,4358.21,22.93,401332.69,29649.84,1.38,27979.35,,4321.98,0.0,33920.92,29125.78,,11677.09,8742.98,0.0,1201.39,193.48,158.95,8.32,117.23,1027.71,3.46,,3.05,101.06,19.59,6.83,13.54,0.0,2812.64,0.03,240.49,156.61,,1373.79,39.31,0.0,842.24,423.27,,,,,,8.866666666666667,,,110573.445,42048.025,0.0,0.0,599.985,,21.855,30286.895,0.0,0.0,71994.43,405691.01,71994.43,305727.9,56954.03,405691.01,56954.03,205764.79,54791.04,405691.01,28712.775,105801.68,8742.98,646648.96,5562.91,71994.43,3180.07,8742.98,6203.39,831165.33,6203.39,59222.52,6203.39,19637.58,8161.82,19637.58,56954.03,853324.82,29794.27,,161161.47,853324.82,161161.47,130081.67,170876.38,130081.67,,,696.32,71994.43,,,646648.96,594347.7,,,,,,,853324.82,88982.97,456477.37,111603.98,3873.53,1820.87,10979.73,118374.14,61212.23,29048.42,24443.25,0.0,1080.29,3524.87,4652.54,,,0.0,221031.26,,,,,,0.0,0.0,1199.97,82986.78,43.71,60447.86,0.0,0.0,
Malaysia,Islamic Banking,2020,4,2020-Q4,587.38,850.28,286209.74,871281.46,25622.0,648241.57,13417.8,656681.87,146142.63,76031.87,656681.87,0.0,15893.19,2672.52,5062.22,12716.31,31991.52,267.97,,16974.62,2986.38,8930.04,2511.78,315.84,,4989.59,20.64,412843.4,30089.91,1.21,27193.83,,4649.45,0.0,33766.96,30441.96,,12362.55,9449.32,0.0,1162.97,180.7,163.67,7.03,127.13,850.13,3.5,,3.05,101.37,7.46,8.46,15.51,0.0,3881.61,0.03,192.94,45.88,,1293.33,131.58,0.0,821.41,451.58,,,,,,8.673333333333334,,,112894.55,42546.3,0.0,0.0,612.38,,71.895,30512.475,0.0,0.0,76031.87,417138.99,76031.87,314300.4775,60738.89,417138.99,60738.89,211461.965,58575.83,417138.99,30642.895,108623.4525,9449.32,656681.87,6056.7,76031.87,3392.62,9449.32,5910.53,844464.31,5910.53,60291.05,5910.53,20426.96,8286.55,20426.96,60738.89,871281.46,31724.425,,167879.05,871281.46,167879.05,133360.38,182934.75,133360.38,,,677.22,76031.87,,,656681.87,606728.74,,,,,,,871281.46,88821.59,469998.8,103272.42,4668.99,1804.39,15814.23,124752.47,62148.57,38339.34,32740.92,0.0,1523.19,4075.23,5910.53,,,0.0,223984.74,,,,,,0.0,0.0,1224.76,84049.41,143.79,60901.03,0.0,0.0,
Malaysia,Islamic Banking,2021,1,2021-Q1,558.75,821.08,284445.26,903583.33,27048.33,678496.79,14161.96,667885.62,152689.01,74626.8,667885.62,0.0,15462.1,2852.9,4962.55,11523.82,32222.98,264.33,,17018.59,3357.76,8951.36,2740.59,233.96,,4581.92,21.78,421509.85,31826.12,1.12,27408.75,,4623.13,0.0,33550.4,32186.47,,12585.13,9671.42,0.0,1182.53,178.92,160.93,9.53,155.66,837.81,0.0,,3.02,101.66,5.72,7.23,24.84,0.15,3958.83,0.03,213.36,43.98,,1326.2,129.89,0.0,820.15,510.99,,,,,,8.33,,,113039.18,42888.82,0.0,0.0,572.755,,71.895,31480.465,0.0,0.0,74626.8,425826.59,74626.8,320858.31,59303.36,425826.59,59303.36,215890.03,57147.19,425826.59,29946.620000000003,110921.75,9671.42,667885.62,6064.72,74626.8,3606.7,9671.42,11020.44,865490.55,11020.44,61169.26,11020.44,25963.76,8358.24,25963.76,59303.36,903583.33,31024.705,,180810.31,903583.33,180810.31,137473.06,194363.14,137473.06,,,1285.89,74626.8,,,667885.62,613120.65,,,,,,,903583.33,93753.3,485690.46,114675.16,4669.88,1835.46,16818.96,123839.42,62300.69,10246.44,8268.51,0.0,375.75,1602.18,2755.11,,,0.0,225054.3,,,,,,0.0,0.0,1145.51,84786.0,143.79,62842.28,0.0,0.0,
Malaysia,Islamic Banking,2021,2,2021-Q2,645.96,1045.16,293495.97,908097.66,27568.13,672935.9,14267.25,674184.63,158073.58,77793.93,674184.63,0.0,15549.84,2746.36,5289.28,11722.6,32432.74,248.88,,17003.32,3675.28,5913.56,3013.22,270.9,,4592.32,22.09,427647.54,32971.84,1.38,27008.04,,5071.86,0.0,33615.38,32552.4,,12835.83,9931.16,0.0,1157.54,181.23,210.14,5.42,252.35,831.96,0.0,,1.34,93.56,4.83,5.83,17.49,0.33,3940.64,0.02,282.1,45.98,,1351.49,128.9,0.0,938.47,481.55,,,,,,8.086666666666666,,,112894.055,43159.815,0.0,0.0,565.105,,121.96,31938.98,0.0,0.0,77793.93,431735.1,77793.93,325282.215,62286.69,431735.1,62286.69,218829.33,60130.46,431735.1,31392.365,112376.445,9931.16,674184.63,6149.9,77793.93,3781.26,9931.16,10865.4,884071.82,10865.4,62376.12,10865.4,25407.2,8562.39,25407.2,62286.69,908097.66,32470.48,,182278.69,908097.66,182278.69,134494.42,195130.21,134494.42,,,1094.74,77793.93,,,674184.63,627046.07,,,,,,,908097.66,98188.34,481947.26,115426.71,4570.78,2216.35,19641.76,122263.48,63842.97,20146.65,16795.21,0.0,783.3,2568.14,5432.7,,,0.0,223516.56,,,,,,0.0,0.0,1130.21,85324.74,243.92,63763.42,0.0,0.0,
Malaysia,Islamic Banking,2021,3,2021-Q3,653.36,1209.05,310119.39,924655.1,25256.82,674804.67,15009.43,687724.2,164608.68,78046.94,687724.2,0.0,18489.18,2604.97,6169.78,21904.11,30094.64,11313.89,3583.13,6022.93,3417.44,3333.92,2392.38,60.3,,2797.13,123.44,446523.4,30734.72,5.15,6533.97,,4826.84,1122.48,42083.31,33155.88,,10431.22,9575.01,0.0,964.71,195.5,198.12,101.01,85.75,680.29,177.67,54.12,4.79,97.82,16.01,1.79,31.61,0.65,4405.27,0.02,202.26,126.7,,655.21,129.22,9.27,927.47,509.75,,,,,,11.85,,,28122.185,48210.685000000005,178255.07,0.0,345.6,,127.415,32679.615,0.0,92.96,78046.94,432931.77,78046.94,326244.80000000005,62159.02,432931.77,62159.02,219557.83,60002.69,432931.77,31321.69,112870.86,9575.01,687724.2,5773.84,78046.94,3801.16,9575.01,9361.07,901904.39,9361.07,63181.47,9361.07,24187.85,8696.05,24187.85,62159.02,924655.1,32399.855,,190082.04,924655.1,190082.04,136073.84,204686.73,136073.84,,,1140.25,78046.94,,,681179.86,646648.96,,,,,,,924655.1,99367.42,484141.32,116698.58,4051.67,2400.37,28512.68,125049.41,64433.65,29299.79,24685.73,0.0,1303.92,3310.14,7020.8,,,2669.18,55508.8,,,,,,356510.14,0.0,691.2,95444.94,254.83,65248.29,0.0,185.92,
Malaysia,Islamic Banking,2021,4,2021-Q4,644.55,1475.61,298476.04,956127.07,26131.36,698195.62,15800.1,714605.63,165304.81,82211.44,714605.63,0.0,16723.86,2370.5,6668.33,22764.11,30428.02,12533.14,3698.86,6198.39,3189.77,4093.01,2145.34,62.94,,2906.18,128.36,464201.28,31206.82,5.76,7371.34,,6120.81,1151.43,43284.09,35209.05,,12144.22,9567.29,0.0,966.72,309.12,198.5,32.63,85.61,630.64,716.73,53.83,4.32,96.64,15.65,1.82,29.39,0.5,3691.68,2.88,177.78,224.73,,619.53,136.79,8.08,1111.42,455.18,,,,,,19.416666666666664,,,27481.18,50506.495,200529.065,0.0,337.28,,126.265,33423.21,0.0,275.58,82211.44,436521.46,82211.44,328825.60250000004,65897.79,436521.46,65897.79,221129.745,63741.38,436521.46,33206.78,113433.8875,9567.29,714605.63,6007.61,82211.44,3559.69,9567.29,9833.34,923115.79,9833.34,64162.47,9833.34,24334.53,8952.32,24334.53,65897.79,956127.07,34284.985,,194207.75,956127.07,194207.75,144433.09,208324.98,144433.09,,,964.51,82211.44,,,707223.23,656681.87,,,,,,,956127.07,106994.52,500972.64,122480.36,3357.52,2629.53,29447.43,124172.5,66072.57,39392.69,33346.02,0.0,1790.33,4256.34,9833.34,,,2898.78,54962.19,,,,,,384804.18,0.0,674.56,99909.42,252.53,66737.7,0.0,247.41,
Malaysia,Islamic Banking,2022,1,2022-Q1,698.93,1082.22,300059.08,966709.76,24270.8,697005.46,15731.4,730751.26,170048.34,79806.49,730751.26,0.0,16621.13,2331.39,7139.85,22510.19,30039.04,11951.48,3617.97,6194.2,2554.91,4220.0,2624.72,64.77,,3008.3,110.94,476306.83,33029.35,5.03,7448.28,,6931.75,1192.49,43882.25,37048.59,,11917.8,10261.0,0.0,977.97,300.45,196.34,35.87,102.82,503.1,647.77,45.34,13.15,95.46,15.31,1.91,30.35,0.49,3937.64,2.515,293.86,226.87,,589.17,267.15,6.48,1506.51,467.0,,,,,,18.586666666666662,,,27108.545,51461.245,206962.125,0.0,337.2,,76.93,34239.435,0.0,275.885,79806.49,442154.84,79806.49,333126.71,63467.46,442154.84,63467.46,224098.58,61205.87,442154.84,31931.315,115070.45,10261.0,730751.26,6271.39,79806.49,3989.6,10261.0,10627.01,938897.4,10627.01,65046.66,10627.01,27444.25,9546.52,27444.25,63467.46,966709.76,33062.11,,187599.77,966709.76,187599.77,137642.74,201145.33,137642.74,,,732.04,79806.49,,,723291.29,667885.62,,,,,,,966709.76,112535.94,501808.75,122406.24,3358.24,3331.0,32277.83,125154.3,65837.45,10947.88,8864.61,0.0,432.66,1650.61,2656.75,,,2925.65,54216.67,,,,,,397606.62,0.0,674.4,102504.16,153.86,68374.34,0.0,247.72,
Malaysia,Islamic Banking,2022,2,2022-Q2,761.3,1232.9,309818.61,994197.15,20722.37,714792.22,16137.41,748379.49,168500.75,81116.16,748379.49,0.0,17303.76,2374.53,7342.52,22012.98,31751.76,12332.37,3835.71,6131.87,1969.65,4146.63,2568.44,69.94,,2846.83,106.8,489394.19,33585.88,5.81,7527.95,,7769.71,1411.65,42784.39,38976.58,,12129.55,11818.69,0.0,930.47,284.35,213.66,41.37,104.73,536.43,978.9,48.77,13.09,97.71,8.34,2.0,38.26,0.5,4430.92,2.905,577.31,225.13,,650.5,267.19,6.43,1815.26,547.38,,,,,,17.546666666666667,,,26572.25,52947.87,215051.3,0.0,328.6,,78.52,35006.105,0.0,187.645,81116.16,452270.42,81116.16,340687.2675,64925.26,452270.42,64925.26,229104.115,62540.74,452270.42,32610.22,117520.96249999997,11818.69,748379.49,7199.88,81116.16,4618.81,11818.69,11335.32,960422.27,11335.32,65871.02,11335.32,26806.88,9542.29,26806.88,64925.26,994197.15,33802.48,,188652.96,994197.15,188652.96,141735.62,203240.34,141735.62,,,775.22,81116.16,,,740841.82,674184.63,,,,,,,994197.15,115474.42,505953.67,133123.34,3563.02,4936.86,35470.98,128534.47,67140.39,21482.12,18246.01,0.0,872.38,2363.73,5667.66,,,2977.64,53141.36,,,,,,412218.32,0.0,657.2,105493.78,157.04,69911.78,0.0,74.98,
Malaysia,Islamic Banking,2022,3,2022-Q3,798.09,1078.43,368912.84,994396.02,25918.83,751193.3,17225.95,772737.43,172330.71,82890.84,772737.43,0.0,19042.69,2427.58,7601.63,26186.91,31694.19,11580.13,3730.81,6475.87,1872.86,4683.75,2688.67,78.97,,2911.84,94.55,502944.16,34249.28,4.46,8000.16,,7704.92,1449.73,43280.73,40825.66,,13207.91,12233.49,0.0,834.3,253.72,213.95,45.15,103.94,647.21,721.42,55.24,12.78,97.08,6.78,1.94,40.47,0.51,4743.09,2.23,596.11,185.54,,731.18,164.59,7.23,2156.26,615.02,,,,,,16.743333333333332,,,26345.205,54427.15,225820.945,0.0,322.05,,78.54,35775.87,0.0,189.51,82890.84,467933.04,82890.84,352468.995,66620.77,467933.04,66620.77,237004.95,63223.74,467933.04,32933.185,121540.90499999996,12233.49,772737.43,7645.12,82890.84,4588.37,12233.49,11826.62,977857.5,11826.62,67250.22,11826.62,27150.16,9833.62,27150.16,66620.77,994396.02,34631.7,,188462.85,994396.02,188462.85,150861.18,204782.68,150861.18,,,667.34,82890.84,,,764727.93,681179.86,,,,,,,994396.02,80115.13,536701.77,131725.44,2773.89,5551.61,26283.07,141294.61,69950.48,32091.21,27741.91,0.0,1466.01,2883.29,8869.96,,,3098.04,52688.39,,,,,,433383.25,0.0,644.1,108471.36,157.08,71456.38,0.0,42.36,
Malaysia,Islamic Banking,2022,4,2022-Q4,933.62,1443.3,358070.69,1037987.67,21670.56,773807.01,15673.44,800057.33,169225.21,87908.38,800057.33,0.0,19147.71,2443.01,9318.52,27178.3,33102.45,12091.4,4058.02,7423.96,1687.03,4698.58,2657.46,79.33,,3222.58,91.62,516839.64,34412.85,3.0,8330.84,,10953.11,1587.12,44660.36,42484.99,,13585.41,12483.17,0.0,812.27,239.3,214.4,50.16,102.57,630.45,720.67,47.94,13.04,104.18,7.76,1.35,41.1,0.0,5076.04,0.0,575.41,158.67,,821.27,113.48,7.22,2029.96,715.92,,,,,,13.946666666666667,,,26543.765,55817.765,237639.515,0.0,312.285,,76.845,36339.225,0.0,194.06,87908.38,474662.45,87908.38,357477.35250000004,71799.47,474662.45,71799.47,240292.255,68297.49,474662.45,35523.86,123107.15750000004,12483.17,800057.33,7740.14,87908.38,4743.03,12483.17,12381.25,998322.65,12381.25,69059.67,12381.25,27904.56,10227.38,27904.56,71799.47,1037987.67,37274.85,,195788.85,1037987.67,195788.85,155715.1,215468.27,155769.47,,,928.84,87908.38,,,791717.59,707223.23,,,,,,,1037987.67,82303.71,556224.65,130375.5,3635.97,5757.83,37246.18,149133.45,73310.37,45266.14,39045.28,0.0,2050.63,4170.23,12381.25,,,3403.43,53086.68,,,,,,455453.65,0.0,624.57,111259.95,153.69,72586.53,0.0,3.37,
Malaysia,Islamic Banking,2023,1,2023-Q1,1018.21,1470.38,367856.59,1049355.17,25644.7,775879.43,15059.42,809807.76,185896.11,87859.39,809807.76,0.0,19877.08,2648.74,8800.38,26727.03,33082.51,12146.2,4316.68,7541.09,1760.77,4890.91,2837.71,85.54,,3231.64,90.71,524064.36,34772.23,2.56,8200.61,,11047.94,1635.27,43850.58,44263.09,,13934.14,12727.11,0.0,833.14,202.61,207.04,68.49,103.76,496.42,734.05,53.23,13.63,115.24,8.48,0.76,124.05,0.03,5116.7,0.0,587.61,159.29,,775.01,109.18,7.24,2226.62,784.55,,,,,,9.593333333333334,,,26336.24,57306.905000000006,242079.34,0.0,311.22,,78.09,37038.86000000001,0.0,187.88,87859.39,483703.08,87859.39,364298.915,71669.81,483703.08,71669.81,244894.75,68166.26,483703.08,35387.915,125490.58500000002,12727.11,809807.76,7746.68,87859.39,4980.43,12727.11,9892.78,1018984.0,9892.78,71237.09,9892.78,26934.35,11139.76,26934.35,71669.81,1049355.17,37139.69,,196109.0,1049355.17,196109.0,150417.61,216110.18,150417.61,,,834.6,87859.39,,,801599.48,723291.29,,,,,,,1049355.17,92224.46,560252.88,133107.68,3629.9,5723.41,35133.98,144735.73,74547.13,13673.59,11431.24,0.0,524.72,1717.63,2473.19,,,3450.45,52665.57,,,,,,462428.94,0.0,622.44,114266.55,156.18,73989.1,0.0,3.08,
Malaysia,Islamic Banking,2023,2,2023-Q2,1134.19,1548.31,386622.21,1052853.38,25574.84,777866.36,15074.17,819009.75,187513.39,91315.11,819009.75,0.0,19546.39,2796.22,7742.04,27652.94,33642.71,12035.93,4568.38,7554.47,1590.96,4901.12,2856.61,96.08,,3224.48,103.17,533922.4,34791.34,2.57,8653.8,,9440.19,1544.94,42646.68,45551.62,,14144.71,12634.38,0.0,57.36,491.61,212.59,69.46,105.38,549.4,702.69,64.87,14.42,118.72,12.68,0.76,123.79,0.23,5767.36,1.285,559.24,156.86,,716.77,108.54,5.28,1876.77,919.6,,,,,,9.266666666666667,,,26158.805000000004,59000.350000000006,245330.275,0.0,298.26,,88.065,37593.96000000001,0.0,175.435,91315.11,496125.14,91315.11,373659.845,74333.68,496125.14,74333.68,251194.55,70809.25,496125.14,36682.5,128729.255,12634.38,819009.75,7899.19,91315.11,4735.19,12634.38,10199.15,1033648.06,10199.15,73642.84,10199.15,27159.86,11364.94,27159.86,74333.68,1052853.38,38444.715,,201519.43,1052853.38,201519.43,148816.96,217182.87,148816.96,,,1035.58,91315.11,,,810348.21,740841.82,,,,,,,1052853.38,86360.78,560775.37,130048.29,3541.9,5890.14,38475.51,150998.02,76763.35,27425.57,23342.54,0.0,1053.96,3029.08,5099.57,,,3587.69,52315.12,,,,,,468968.45,0.0,596.52,117672.94,176.13,75166.24,0.0,2.97,
Malaysia,Islamic Banking,2023,3,2023-Q3,1162.62,1712.25,414225.99,1069069.72,28337.5,790966.62,17617.68,838634.65,190332.31,91250.03,838634.65,0.0,17671.85,3097.64,8750.33,28395.66,35673.43,11708.2,4760.74,8582.99,1687.81,4782.13,2829.09,97.85,,3192.67,99.24,547960.71,35559.86,2.26,8899.16,,8855.75,1717.12,42844.92,47239.62,,14225.61,13089.66,0.0,58.16,524.25,212.6,69.35,41.88,565.11,704.08,73.12,15.03,119.91,14.64,1.01,129.64,1.26,5914.01,1.13,566.69,153.02,,809.94,77.86,6.57,2013.45,1018.08,,,,,,8.936666666666666,,,25795.44,60687.28999999999,252082.22,0.0,297.79,,88.29,38162.18,0.0,188.795,91250.03,509655.35,91250.03,383889.2625,73697.44,509655.35,73697.44,258123.175,69821.6,509655.35,36200.235,132357.08750000002,13089.66,838634.65,8168.74,91250.03,4920.92,13089.66,10513.08,1052316.49,10513.08,75677.7,10513.08,27012.83,11526.49,27012.83,73697.44,1069069.72,38138.155,,185953.17,1069069.72,185953.17,142380.01,205888.0,148816.96,,,1164.7,91250.03,,,829727.86,764727.93,,,,,,,1069069.72,84822.9,564571.34,139114.55,3536.19,6083.21,39623.87,153227.71,78089.94,41324.44,35607.71,0.0,1664.81,4051.92,7884.81,,,3848.52,51589.11,,,,,,485343.5,0.0,595.58,121052.76,176.58,76315.69,0.0,2.24,
Malaysia,Islamic Banking,2023,4,2023-Q4,1171.67,1676.94,431202.57,1095324.28,29501.8,815465.75,19162.51,868083.19,187088.12,95091.39,868083.19,0.0,18381.02,3548.9,9547.03,35244.68,36483.15,12297.65,4719.77,8659.69,1726.54,5364.91,2879.72,103.6,,3301.34,101.42,562822.32,35841.03,2.19,9108.51,,10432.03,1863.5,43401.43,49074.92,,13177.86,13175.22,0.0,52.79,526.39,215.7,75.08,54.17,503.5,717.11,74.35,15.79,122.87,16.7,0.88,143.39,1.52,6088.29,0.0,565.92,155.34,,797.18,77.5,7.68,1882.27,1080.8,,,,,,8.566666666666666,,,25012.01,62115.45,266674.11,0.0,291.205,,83.14,38869.71000000001,0.0,174.745,95091.39,520285.34,95091.39,391808.0375,78272.23,520285.34,78272.23,263330.735,74204.23,520285.34,38444.725,134853.4325,13175.22,868083.19,8904.64,95091.39,4270.58,13175.22,10255.6,1066650.64,10255.6,77443.37,10255.6,27076.1,11727.63,27076.1,78272.23,1095324.28,40478.725,,196772.2,1095324.28,196772.2,135787.32,213905.82,135787.32,,,1251.31,95091.39,,,858042.95,791717.59,,,,,,,1095324.28,89264.36,576337.65,147727.74,4609.86,5476.1,32421.18,159114.32,80373.07,55481.15,48107.25,0.0,2281.25,5092.65,10255.6,,,4189.0,50021.83,,,,,,513190.01,0.0,582.41,123930.29,166.28,77731.02,0.0,0.92,
Malaysia,Islamic Banking,2024,1,2024-Q1,1249.41,1789.69,438130.05,1122902.31,34470.96,833826.84,21459.59,884403.87,196830.6,93922.86,884403.87,0.0,18933.83,4490.43,10326.79,37671.04,37013.65,12436.96,5360.68,8370.16,1902.4,5235.75,3024.23,103.76,,3566.04,101.85,573956.89,36364.77,3.46,8248.57,,7763.35,1912.23,44134.6,50844.38,,12638.06,13160.17,0.0,55.66,562.99,220.89,85.26,50.58,530.57,738.57,81.73,19.79,44.44,17.66,0.82,149.38,0.86,6245.56,0.1,65.13,158.97,,791.12,80.54,7.51,2027.92,1224.12,,,,,,8.143333333333334,,,25453.98,63525.74,272974.72,0.0,275.28,,83.69,39376.71,0.0,174.73999999999998,93922.86,531261.69,93922.86,400057.735,77071.02,531261.69,77071.02,268853.78,72992.2,531261.69,37856.605,137649.82499999995,13160.17,884403.87,8587.92,93922.86,4572.25,13160.17,11165.15,1085037.42,11165.15,79162.07,11165.15,29500.09,12366.59,29500.09,77071.02,1122902.31,39896.015,,199288.99,1122902.31,199288.99,144426.36,212686.31,144426.36,,,1240.66,93922.86,,,875315.97,801599.48,,,,,,,1122902.31,92717.23,579218.1,157567.16,8097.39,5801.95,33441.66,164636.91,81421.92,15389.22,12857.3,0.0,596.87,1935.04,2791.29,,,4696.88,50905.75,,,,,,526721.34,0.0,550.56,126773.28,167.38,78745.1,0.0,0.96,
Malaysia,Islamic Banking,2024,2,2024-Q2,1247.84,1736.11,493211.32,1124546.59,32728.48,826094.66,20632.04,898439.47,192629.16,96157.51,898439.47,0.0,19109.06,4816.0,9634.57,44795.59,37248.4,12347.54,5143.5,8089.75,2416.94,5516.38,3099.56,103.56,,3142.95,96.41,581566.2,37070.24,3.4,7992.65,,5895.53,1957.98,44301.51,51938.58,,12153.17,13440.25,0.0,60.16,563.86,219.25,92.18,393.9,443.89,765.94,87.45,16.9,42.52,20.05,0.79,156.53,0.89,6061.25,0.1,60.9,135.68,,789.38,80.54,6.97,2181.48,1259.65,,,,,,7.793333333333334,,,26167.72,64788.44500000001,278881.28,0.0,279.02,,65.49,39839.99999999999,0.0,164.87,96157.51,535283.97,96157.51,403089.145,79145.28,535283.97,79145.28,270894.32,75066.85,535283.97,38896.0,138699.495,13440.25,898439.47,8663.27,96157.51,4776.98,13440.25,11472.64,1102932.49,11472.64,80733.24,11472.64,30404.39,12504.05,30404.39,79145.28,1124546.59,40935.215,,185889.24,1124546.59,185889.24,131898.82,201261.66,131898.82,,,1302.1,96157.51,,,890332.49,811224.06,,,,,,,1124546.59,92823.64,575333.98,153530.88,8021.08,7497.0,35561.98,168667.33,83110.72,30579.27,25883.35,0.0,1212.15,3483.77,5736.32,,,4761.78,52333.48,,,,,,537199.17,0.0,558.04,129316.52,130.98,79671.79,0.0,0.45,
Malaysia,Islamic Banking,2024,3,2024-Q3,1280.05,1893.12,512552.81,1149244.92,36618.47,840819.44,20883.43,914425.54,192595.02,96127.81,914425.54,0.0,16813.55,5321.49,10089.18,43313.38,37838.83,11526.35,4991.82,8201.85,2555.2,5481.99,3089.25,109.52,,3150.65,95.55,595548.51,37318.73,3.46,9470.36,,5842.61,2069.72,43747.86,54630.25,,13215.42,13381.38,0.0,53.53,588.53,207.96,104.95,375.92,414.71,790.81,83.65,17.58,47.3,20.9,1.06,160.36,0.73,6132.82,0.19,61.04,141.99,,640.27,73.96,8.22,2095.05,1359.84,,,,,,7.36,,,25763.67,66178.56,285345.975,0.0,294.275,,156.675,40529.1,0.0,168.73999999999998,96127.81,543813.46,96127.81,409561.38,78944.01,543813.46,78944.01,275309.3,74913.35,543813.46,38869.64,141057.21999999997,13381.38,914425.54,8652.6,96127.81,4728.78,13381.38,11807.75,1122976.29,11807.75,82445.78,11807.75,30349.73,12497.67,30349.73,78944.01,1149244.92,40884.97,,180423.13,1149244.92,180423.13,140002.33,198900.48,140002.33,,,905.66,96127.81,,,905680.4,829773.87,,,,,,,1149244.92,94222.22,603478.08,151421.3,11076.75,7679.62,28717.39,167709.43,84940.12,45830.28,39178.15,0.0,1881.39,4770.74,8855.81,,,5046.68,51523.1,,,,,,550502.41,0.0,588.55,132116.14,313.35,81050.54,0.0,1.77,
Malaysia,Islamic Banking,2024,4,2024-Q4,1324.27,1904.19,537419.45,1189448.58,44043.28,863716.2,23755.56,939160.17,194054.19,100277.35,939160.17,0.0,16569.28,5627.33,10451.69,59864.08,38005.58,11287.5,5138.29,3142.47,2710.09,121.05,3060.27,8025.53,,5504.74,94.79,608548.82,39728.39,4.28,9862.37,,6309.35,2228.02,33852.61,56004.86,,13018.81,12683.33,0.0,62.31,132.98,247.85,107.7,364.87,441.76,789.17,89.52,21.01,45.67,26.61,2.53,158.92,0.13,6067.03,0.2,46.63,103.86,,611.69,79.64,7.15,1884.55,1391.55,,,,2247.69,,7.12,,,24640.67,,295686.05,3849.445,294.32,,61.7,40780.780000000006,0.0,618.4950000000001,100277.35,553391.17,100277.35,416837.9625,83518.64,553391.17,83518.64,280284.755,79210.32,553391.17,79210.32,143731.5475,12683.33,939160.17,8588.66,100277.35,4094.67,12683.33,12331.86,1169346.75,12331.86,86478.91,12331.86,30110.33,12661.61,30110.33,83518.64,1189448.58,83518.64,,8673.36,1189448.58,8673.36,4158.49,214813.18,134614.77,,,1290.35,100277.35,,100277.35,669414.91,609822.84,1189448.58,939160.17,194054.19,176.92,61820.44,-5763.15,1189448.58,101217.23,618197.38,160921.78,11288.34,8419.81,37265.44,165659.7,86478.91,60898.14,52699.2,0.0,2514.8,5684.14,12331.86,939160.17,85979.33,4495.26,49278.5,7.12,,,32854.95,,573815.58,7698.89,588.64,134656.41,123.4,81554.08,0.0,970.08,
Malaysia,Islamic Banking,2025,1,2025-Q1,1376.73,2012.6,586834.57,1199946.21,38484.36,871167.18,23363.82,954480.98,198969.12,99753.31,954480.98,0.0,16377.74,5732.79,11240.8,60518.42,39208.36,11338.77,5198.0,3235.86,2883.73,125.44,3076.39,8093.88,,5481.63,101.96,619896.5,40359.48,4.18,9718.99,,6549.49,2253.13,33797.19,55960.05,,13328.19,12771.6,0.0,60.98,143.0,248.9,101.79,350.7,445.4,798.54,86.92,18.9,44.53,25.99,2.67,160.36,0.13,6257.78,0.27,41.82,98.44,,661.0,100.88,7.46,1687.86,1427.28,,,,2268.135,,7.12,,,31457.276666666665,,303267.06499999994,3762.28,311.57,,59.74,40856.95,0.5,677.9649999999999,99753.31,563966.93,99753.31,424724.4575,83079.78,563966.93,83079.78,285481.98500000004,78774.33,563966.93,78774.33,146239.51250000007,12771.6,954480.98,8482.77,99753.31,4288.83,12771.6,12488.79,1194697.39,12488.79,87432.98,3122.2,8145.75,3342.32,8145.75,83079.78,1199946.21,83079.78,,8673.36,1199946.21,8673.36,4158.49,204385.78,143672.44,,,1161.93,99753.31,,99753.31,679935.3,623316.24,1199946.21,954480.98,198969.12,177.15,47848.41,-1529.45,1199946.21,102907.24,629328.71,162815.28,12076.25,9474.03,40343.12,154614.54,88387.05,16545.39,13499.86,0.0,618.56,2426.97,3122.2,954480.98,87677.07,4536.27,47181.99,7.12,,,31457.02333333333,,586580.57,7524.56,623.14,137509.76,119.48,81706.53,1.0,1020.6,
Malaysia,Islamic Banking,2025,2,2025-Q2,1403.24,1978.2,627722.67,1231323.04,45242.84,883919.02,21766.8,969213.48,203864.83,103621.59,969213.48,0.0,16938.87,6163.26,12347.58,64065.67,40310.24,11802.3,5325.59,3322.13,2429.44,128.41,2978.73,6679.84,,4952.36,99.45,630937.97,39109.78,3.93,8854.39,,7404.66,2299.02,34311.36,55748.45,,13000.06,12965.45,0.0,72.85,174.66,214.27,93.92,357.69,475.1,832.24,93.36,18.29,43.36,28.67,3.22,154.74,0.13,6391.06,0.16,41.76,97.48,,683.41,146.77,43.47,1480.19,1518.65,,,,2437.28,,7.12,,,31279.21,,311213.05,3678.475,316.74,,45.06,41434.73,1.0,898.34,103621.59,572579.26,103621.59,431210.2,85728.5,572579.26,85728.5,289841.14,81440.36,572579.26,81440.36,148472.08000000002,12965.45,969213.48,8834.99,103621.59,4130.46,12965.45,12218.59,1215634.62,12218.59,89584.89,3054.65,7963.8,3430.29,7963.8,85728.5,1231323.04,85728.5,,8673.36,1231323.04,8673.36,4158.49,204911.44,135352.63,,,1119.02,103621.59,,103621.59,687531.76,637819.22,1231323.04,969213.48,203864.83,162.04,59960.28,-1877.6,1231323.04,109412.58,634780.71,167519.95,12288.14,8926.71,42892.46,164719.75,90782.74,32408.35,27353.29,0.0,1355.49,3699.57,6176.84,969213.48,83220.93,4874.56,46915.27,7.12,,,31279.02,,601718.36,7356.95,633.48,140007.93,90.12,82862.34,2.0,1531.54,
Malaysia,Islamic Banking,2025,3,2025-Q3,1476.48,3311.96,636671.21,1248068.77,45522.36,887716.12,23161.31,988462.16,205233.26,104045.22,988462.16,0.0,16277.22,6148.88,13038.33,65066.27,40256.33,11592.71,5409.17,3286.66,2356.84,227.17,2941.02,7295.5,,4910.76,101.04,643028.86,40363.39,3.46,9906.11,,7246.8,2488.93,35862.76,55952.41,,14701.54,13809.58,0.0,65.69,177.55,157.43,93.51,360.47,466.56,835.49,80.4,18.53,39.78,29.2,3.55,154.77,0.22,6533.12,0.17,39.07,98.72,,726.77,171.7,38.33,2090.88,1627.66,,,,2882.56,,7.12,,,30738.980000000003,,319605.895,3581.465,329.615,,42.965,41887.595,1.0,1259.15,104045.22,572912.35,104045.22,431504.47,85116.66,572912.35,85116.66,290096.59,80828.81,572912.35,80828.81,148688.70999999996,13809.58,988462.16,9367.4,104045.22,4442.18,13809.58,13320.74,1239695.91,13320.74,91176.25,3330.19,8050.93,3369.08,8050.93,85116.66,1248068.77,85116.66,,8673.36,1248068.77,8673.36,4158.49,213545.21,142750.61,,,1157.55,104045.22,,104045.22,701191.13,650876.24,1248068.77,988462.16,205233.26,177.26,63117.18,-8921.09,1248068.77,114526.73,627329.67,180949.53,13131.71,8693.47,50210.18,161657.73,91569.76,49651.41,41157.46,0.0,2070.29,6423.67,9507.03,988462.16,84191.52,5765.08,46105.21,7.12,,,30739.12333333333,,615466.12,7162.93,659.23,142994.39,85.93,83768.2,2.0,2261.55,
Malaysia,Islamic Banking,2025,4,2025-Q4,1408.08,2001.72,644089.79,1268044.78,47755.96,906508.48,21484.72,1013377.29,201582.48,106354.54,1013377.29,0.0,14995.79,6114.64,13280.84,64557.9,43527.07,11346.42,5534.37,3347.09,2411.13,230.36,2864.2,7883.38,,4706.84,66.74,657148.97,40478.82,3.98,10401.32,,13233.39,2307.81,37132.54,56900.8,,14902.91,13768.45,0.0,146.82,334.5,152.45,86.44,209.58,445.47,838.05,84.54,14.48,41.27,25.28,3.18,149.42,0.42,6516.36,0.17,33.24,94.9,,586.53,157.58,45.51,2064.67,1737.59,,,,2390.115,,7.12,,,28632.67666666667,,331855.34500000003,3482.075,353.5,,101.38,42453.84,1.0,1244.135,106354.54,577988.57,106354.54,435294.5575,88972.91,577988.57,88972.91,292600.545,84202.14,577988.57,84202.14,149906.53249999997,13768.45,1013377.29,9501.05,106354.54,4267.39,13768.45,13934.94,1258056.78,13934.94,92530.78,3483.74,8391.93,3498.89,8391.93,88972.91,1268044.78,88972.91,,8673.36,1268044.78,8673.36,4158.49,210207.14,137122.41,,,1478.58,106354.54,,106354.54,714954.09,669486.43,1268044.78,1013377.29,201582.48,316.62,59475.98,-6707.58,1268044.78,117336.52,638440.33,179682.3,13354.72,9290.77,44592.48,171855.83,93491.81,64543.76,54945.62,0.0,2813.71,6784.43,12990.77,1013377.29,82929.06,4780.12,42945.54,7.12,,,28632.463333333333,,641568.93,6964.15,707.0,146118.81,202.76,84900.84,2.0,2258.06,
Pakistan,Islamic Banking,2013,4,2013-Q4,,,215156.39,638753.27,33474.16,551492.23,15971.65,214434.19,208150.3,42423.2,214434.19,,0.42,0.12,,,3.25,,,,0.03,0.48,1.43,,0.63,2.71,,,67.77,,,,10.95,,1.14,,4.69,6.36,,,0.4175,6.2725,0.1149999999999999,,,3.195,,,,0.47,1.4075,,3.0375,,,,,0.105,,67.36,11.09,,1.1225,,,,,,,,,,,,,,,,,,,,42423.0,317454.0,42423.1,276594.76,39602.58,317454.0,39512.89,235735.52,39602.58,317454.0,33289.345,194876.28,15327.95,214434.19,3608.66,42423.2,11719.3,15327.95,4454.87,578249.1,4454.87,41445.2,4454.87,24632.62,18749.92,24632.62,39423.2,638753.27,33199.655,,282585.12,638753.27,282585.12,416521.04,,,,,,42423.2,,,194871.76,156720.0,638753.27,214434.19,208150.3,32188.8,31384.43,152595.55,638753.27,388784.76,29846.05,132861.42,,,22105.92,22274.76,42880.37,50683.42,20980.37,22714.64,2506.49,4481.92,4454.87,214434.19,65474.3,25.85,,,,,23829.0,,,10293.08,15678.39,16809.9,505.63,9905.43,71912.61,,
Pakistan,Islamic Banking,2014,1,2014-Q1,,,285051.12,654932.53,32274.29,567028.81,11393.27,217414.98,179912.81,47457.53,217414.98,,0.41,0.1,,,3.03,,,,0.33,0.44,1.34,,0.65,4.02,,,66.13,,,,11.51,,1.07,,4.97,6.01,,,0.5625,5.9775,0.1,,,3.0525,,,,0.455,1.3275,,4.012499999999999,,,,,0.3275,,66.0,11.765,,1.005,,,,,28.152500000000003,,,,,12169.766666666666,12770.355,,7496.744999999999,9635.829999999998,,317.5,12959.43,52915.275,,47457.53,318481.03,47457.53,276652.8225,44598.45,318481.03,44598.45,234824.615,40460.37,318481.03,34581.21,192996.40750000003,15318.97,217414.98,3241.32,47457.53,12077.65,15318.97,7857.0,646842.9,7857.0,44088.95,7857.0,29447.48,21141.34,29447.48,44598.45,654932.53,36650.25,,259415.86,654932.53,259415.86,305523.29,,,,,,47457.53,,,204092.46,155448.8,654932.53,217414.98,179912.81,27796.25,71240.16,158568.34,654932.53,404311.25,33528.35,129189.21,,,14895.11,27711.07,45297.54,14695.94,6766.47,4791.46,749.68,2388.33,1964.25,217414.98,59239.04,28.92,17258.70333333333,,,,22347.64,,,11959.72,16480.17,16936.46,635.0,13850.63,75937.42,,
Pakistan,Islamic Banking,2014,2,2014-Q2,,,256323.52,694509.56,32447.99,601286.77,12222.69,225256.84,186650.75,49180.29,225256.84,,1.02,0.1,,,3.12,,,,0.32,0.5,1.29,,0.63,3.99,,,65.61,,,,12.53,,0.81,,4.23,5.88,,,0.815,5.825,0.0975,,,3.12,,,,0.48,1.255,,4.5875,,,,,0.3125,,65.0875,12.62,,0.8800000000000001,,,,,32.1975,,,,,12195.543333333331,14355.045,,8051.465,10450.835,,266.53,16047.085,55545.015,,49180.29,327264.52,49180.29,289457.985,46254.82,327264.52,46254.82,251651.45,42105.02,327264.52,35894.384999999995,213844.915,14720.51,225256.84,2568.65,49180.29,12151.87,14720.51,8469.79,662731.79,8469.79,45052.31,8469.79,30394.08,21741.82,30394.08,46254.82,694509.56,37969.285,,258557.05,694509.56,258557.05,305272.33,,,,,,49180.29,,,211214.21,165183.05,694509.56,225256.84,186650.75,26876.7,114499.38,141225.89,694509.56,389098.22,29136.06,183052.48,,,16821.9,29421.87,46979.02,30080.32,13784.22,9077.87,1553.36,5664.87,4234.89,225256.37,54453.07,33.29,19353.136666666665,,,,26510.73,,,9432.83,17868.78,18544.11,533.06,18077.77,79802.73,,
Pakistan,Islamic Banking,2014,3,2014-Q3,,,276431.77,702020.77,33067.96,603660.31,9933.16,226790.96,186714.7,49726.83,226790.96,,0.2,0.09,,,3.12,,,,0.29,0.42,1.15,,1.17,6.38,,,63.52,,,,12.89,,1.09,,4.02,5.66,,,0.1975,5.43,0.12,,,3.0275,,,,0.4725,1.0799999999999998,,6.3175,,,,,0.2749999999999999,,64.3375,12.58,,0.9825,,,,,32.69,,,,,11608.643333333332,14309.52,,5593.344999999999,13431.695,,270.575,16748.175,60808.61,,49726.83,335066.23,49726.83,296179.025,45397.86,335066.23,45397.86,257291.82,41087.23,335066.23,36175.815,218404.615,14545.99,226790.96,2326.16,49726.83,12219.83,14545.99,8541.43,672554.03,8541.43,45228.58,8541.43,30730.96,21921.5,30730.96,45397.86,702020.77,38331.130000000005,,248296.36,702020.77,248296.36,317552.67,,,,,,49726.83,,,212147.89,158018.5,702020.81,226790.0,186714.7,21611.8,106963.67,159940.63,702020.77,431764.93,23351.99,148543.39,,,21778.59,30824.49,45757.38,45756.92,20919.93,13552.51,2360.28,8924.2,6406.07,226790.0,54242.87,32.49,18094.13666666667,,,,24579.63,,,5598.4,22341.94,18335.72,541.15,18600.3,82517.51,,
Pakistan,Islamic Banking,2014,4,2014-Q4,,,230668.48,770081.12,39216.46,661162.93,21336.01,277517.32,173009.57,52892.58,277517.32,,0.19,0.21,,,2.75,,,,0.23,0.63,0.87,,0.96,6.13,,,66.79,,,,11.65,,0.66,,4.18,4.74,,,0.235,4.7325,0.2175,,,2.745,,,,0.655,0.8574999999999999,,5.835,,,,,0.2275,,67.70500000000001,10.975,,0.75,,,,,32.4075,,,,,14597.873333333331,14883.595,,7842.754999999999,18006.525,,115.69,23023.01,64875.380000000005,,52892.58,382978.31,52892.58,338881.8675,47878.51,382978.31,47878.51,294785.425,44819.24,382978.31,38664.82,250688.9825,15908.27,277517.32,2018.25,52892.58,13890.02,15908.27,8211.59,692059.45,8211.59,45936.97,8211.59,31771.8,22924.12,31771.8,47878.51,770081.12,40194.455,,230722.15,770081.12,230722.15,345151.98,,,,,,52892.58,,,260059.76,194871.76,770081.1,277517.3,173009.57,18356.78,129061.81,172135.64,770081.12,465849.24,18967.01,176346.69,,,23600.33,36547.32,48770.53,62597.08,29222.14,17812.36,3159.16,12403.42,8211.59,277517.32,61709.41,32.38,24654.646666666667,,,,34711.42,,,12306.82,30855.54,18291.78,231.38,29605.88,89772.72,,
Pakistan,Islamic Banking,2015,1,2015-Q1,,,342690.94,788775.85,39357.17,683467.04,12318.59,264847.88,165328.84,53267.81,264847.88,,0.37,0.24,,,2.73,,,,0.22,0.73,0.82,,1.04,4.95,,,70.45,,,,8.95,,1.02,,3.76,4.71,,,0.355,4.9125,0.27,,,3.05,,,,0.72,0.7849999999999999,,4.87,,,,,0.2125,,70.14750000000001,8.82,,1.11,,,,,30.64,,,,,14797.663333333334,16751.305,,10374.415,14380.305,,115.885,23855.43,70295.03,,53267.81,365236.12,53267.81,326402.57,48121.89,365236.12,48121.89,287569.02,44996.18,365236.12,39263.18,248735.47,16382.77,264847.88,1888.2,53267.81,14494.57,16382.77,9243.07,779428.48,9243.07,48960.8,9243.07,35856.88,25601.34,35856.88,48121.89,788775.85,40826.035,,221450.11,788775.85,221450.11,351905.21,,,,,,53267.81,,,257421.47,204092.46,788775.85,264847.88,165328.84,18749.2,193625.99,146223.94,788775.85,485477.45,20917.3,177072.29,,,20414.0,35743.75,49151.06,16686.79,8394.52,3775.73,884.35,3632.19,2310.77,264847.88,51071.89,30.06,23534.776666666665,,,,32271.89,,,13900.24,24421.9,19484.95,231.77,30793.07,92642.11,,
Pakistan,Islamic Banking,2015,2,2015-Q2,,,405353.48,929001.58,40975.98,791406.16,13191.1,359143.94,168465.93,62399.48,359143.94,,0.31,0.36,,,4.01,,,,0.19,0.69,0.68,,0.58,4.63,,,69.24,,,,8.43,,1.38,,3.97,5.52,,,0.2774999999999999,5.5825,0.3725,,,3.7775,,,,0.73,0.685,,4.5925,,,,,0.19,,69.48249999999999,8.3125,,1.2799999999999998,,,,,29.1225,,,,,29454.25,18778.755,,12012.77,26045.315,,115.92,24745.055,82418.73,,62399.48,434171.49,62399.48,382381.8075,52368.07,434171.49,52368.07,330592.125,48979.65,434171.49,42123.125,278802.4425,27046.13,359143.94,2283.58,62399.48,24762.55,27046.13,6928.58,829286.18,6928.58,50641.08,6928.58,40934.5,29793.92,40934.5,52368.07,929001.58,43817.335,,281098.24,929001.58,281098.24,426633.37,,,,,,62399.48,,,337501.3,211214.21,929001.58,359143.94,168465.93,28992.42,255973.09,116426.2,929001.58,534231.9,25484.14,231690.13,,,36779.57,46814.2,54001.65,36455.14,17649.0,8123.94,1978.32,8703.9,3464.29,359143.94,61985.17,28.81,49525.81,,,,69597.37,,,15609.48,45548.55,23929.24,231.84,32661.77,109551.72,,
Pakistan,Islamic Banking,2015,3,2015-Q3,,,372779.85,937288.78,41908.88,794085.37,11540.26,364103.32,172545.03,73330.8,364103.32,,0.18,0.41,,,3.08,,,,0.19,0.85,0.7,,1.01,4.48,,,70.21,,,,7.96,,0.98,,4.18,5.77,,,0.25,5.6525,0.3974999999999999,,,3.205,,,,0.8674999999999999,0.63,,3.765000000000001,,,,,0.4075,,70.06,7.9975,,1.025,,,,,33.805,,,,,22967.230000000003,20348.515,,12642.185,24994.91,,78.425,35588.44,92493.13,,73330.8,435164.59,73330.8,379548.91,62954.81,435164.59,62954.81,323933.23,59488.27,435164.59,48119.57,268317.55,27334.91,364103.32,2454.7,73330.8,24880.22,27334.91,6630.38,858796.54,6630.38,53660.37,6630.38,39670.07,29812.9,39670.07,62954.81,947327.62,49852.84,,283682.92,947327.62,283682.92,425664.21,,,,,,73330.8,,,337568.44,212147.89,947327.62,364103.32,172545.03,29549.95,242342.97,138786.35,947327.62,548332.64,30716.94,215035.78,,,41118.63,49405.4,62718.22,53433.42,25564.97,11001.64,3095.16,13771.66,4972.78,364103.32,65484.71,35.47,35563.82000000001,,,,48160.41,,,16110.38,42997.34,24907.01,156.85,50969.47,115281.68,,
Pakistan,Islamic Banking,2015,4,2015-Q4,,,432499.26,997191.2,45900.92,859168.29,16609.95,462885.14,184534.04,71623.78,462885.14,,0.46,0.36,,,3.58,,,,1.06,0.92,0.42,,1.27,1.62,,,69.61,,,,8.11,,1.16,,6.14,5.3,,,0.5,5.215,0.3525,,,3.5725,,,,0.915,0.425,,1.625,,,,,0.875,,70.1225,7.965,,1.235,,,,,38.0875,,,,,29737.96,21203.955,,15818.66,30591.51,,107.495,46806.74,98772.01,,71623.78,520718.9,71623.78,451220.42,63284.76,520718.9,63284.76,381721.94,61409.6,520718.9,50194.58,312223.46,29141.42,462885.14,923.21,71623.78,28218.21,29141.42,9198.37,886475.47,9198.37,56298.43,9198.37,38275.43,28908.7,38275.43,63284.76,997191.2,51132.16,,311542.48,997191.2,311542.48,435175.24,,,,,,71623.78,,,410219.17,260059.76,997191.2,462885.14,184534.04,28812.88,172901.44,148057.69,997191.2,579990.31,33909.73,245268.25,,,27578.53,43593.72,66850.66,67240.39,33213.74,12011.76,4253.09,17761.8,9198.37,462885.14,82952.61,38.96,53322.26,,,,76906.56,,,23823.31,52695.82,26703.45,214.99,71316.51,128232.93,,
Pakistan,Islamic Banking,2016,1,2016-Q1,,,421454.13,1005149.3,47356.59,835598.76,15745.07,453198.76,292888.8,72120.62,453198.76,,0.62,0.33,,,3.55,,,,0.32,0.9,0.44,,0.23,1.64,,,71.66,,,,7.53,,1.46,,6.35,4.96,,,0.65,5.047499999999999,0.325,,,3.5375,,,,0.9275,0.44,,1.7975,,,,,0.39,,70.525,8.035,,1.6324999999999998,,,,,19.465,,,,,36832.3,22912.29,,15518.365000000002,26661.115,,157.5,45670.695,104756.145,,72120.62,517515.92,72120.62,447744.8575,63779.44,517515.92,63779.44,377973.795,61862.1,517515.92,50888.74,308202.7325,29359.11,453198.76,2282.93,72120.62,27076.18,29359.11,10259.31,1001170.25,10259.31,67129.65,10259.31,37512.88,30702.1,37512.88,63779.44,1005149.3,51847.41,,372572.06,1005149.3,372572.06,442629.26,,,,,,72120.62,,,402273.49,257421.47,1005149.3,453198.76,292888.8,27908.93,100506.64,130646.18,1005149.3,565553.51,30356.27,239688.99,,,53633.25,48508.65,67408.64,16017.39,8663.27,1968.85,1186.99,4198.28,2564.83,453198.76,73220.97,38.93,59323.20000000001,,,,81814.1,,,19749.45,49200.9,29217.12,315.0,70606.56,129035.72,,
Pakistan,Islamic Banking,2016,2,2016-Q2,,,440993.82,1062227.18,49098.78,887546.79,19243.02,492447.18,300458.62,73071.84,492447.18,,0.74,0.31,,,3.5,,,,0.6,1.01,0.44,,0.23,2.27,,,67.12,,,,9.55,,2.15,,6.77,5.31,,,0.7525,5.494999999999999,0.295,,,3.49,,,,1.0175,0.4425,,2.31,,,,,0.605,,66.8075,9.4625,,2.1775,,,,,388.06,,,,,42017.32333333333,26378.685,,15799.115,25169.56,,112.5,39977.05,126044.38,,73071.84,544439.66,73071.84,468085.7225,64874.58,544439.66,64874.58,391731.785,62901.62,544439.66,50868.425,315377.84750000003,28787.48,492447.18,2131.66,73071.84,26655.81,28787.48,10811.81,1021522.56,10811.81,67635.78,10811.81,40688.69,32269.08,40688.69,64874.58,1062227.18,51854.905,,384506.73,1062227.18,384506.73,458890.74,,,,,,73071.84,,,428163.93,337501.31,1062227.18,492447.18,300458.62,39322.45,83135.5,146863.45,1062227.18,575684.93,29534.95,282326.92,,,54922.66,51109.7,68648.03,33631.54,17647.62,7281.97,2600.53,6101.42,5405.9,492447.18,84433.81,776.12,64170.21666666666,,,,86323.11,,,16521.82,47062.72,34763.94,225.0,54980.41,167360.26,,
Pakistan,Islamic Banking,2016,3,2016-Q3,,,431656.57,1090291.19,51298.29,897617.48,18595.2,489944.9,302393.87,79632.15,489944.9,,0.79,0.25,,,3.46,,,,0.62,1.04,0.45,,0.38,2.43,,,65.87,,,,9.2,,2.26,,7.21,6.05,,,0.79,6.05,0.25,,,3.46,,,,1.04,0.45,,2.43,,,,,0.62,,65.87,9.2,,2.26,,,,,335.2,,,,,44698.96,27325.85,,11826.84,25269.07,,97.5,44147.185,132478.725,,79632.15,526676.72,79632.15,457131.5175,64377.45,526676.72,64377.45,387586.315,62344.25,526676.72,51111.525,318041.11250000005,30269.04,489944.9,3524.86,79632.15,26744.18,30269.04,10256.76,1038714.72,10256.76,67942.68,10256.76,40911.33,32627.83,40911.33,64377.45,1090291.19,52128.125,,397628.61,1090291.19,397628.61,472539.26,,,,,,79632.15,,,417586.15,337568.44,1090291.19,489944.9,302393.87,32483.99,115744.94,149723.49,1090291.19,594905.25,29601.39,273110.84,,,68029.95,55780.38,68863.38,50653.61,27007.46,11099.02,3750.09,8797.03,7692.57,489944.9,68052.2,670.4,72557.86,,,,100416.76,,,16202.19,44428.4,36947.8,195.0,49953.43,173078.72,,
Pakistan,Islamic Banking,2016,4,2016-Q4,,,477010.35,1147323.66,53005.33,967849.09,26075.34,581675.36,203431.27,81983.0,581675.36,,0.79,0.25,,,3.46,,,,0.62,1.04,0.45,,0.38,2.43,,,65.87,,,,9.2,,2.26,,7.21,6.05,,,0.835,5.8825,0.2324999999999999,,,3.21,,,,0.9725,0.4275,,2.6175,,,,,0.6699999999999999,,66.5125,8.795,,2.2425,,,,,102.37,,,,,49704.64333333333,28423.465,,15395.02,32894.86,,40.0,63106.485,140715.33000000002,,78774.86,608876.94,80378.93,529542.84,64061.55,608876.94,65373.775,450208.74,64061.55,608876.94,55124.555,370874.64,30549.88,581675.36,4351.7,81983.0,26198.18,30549.88,11124.78,1060436.5,11124.78,69704.78,11124.78,40772.89,31622.09,40772.89,66686.0,1147323.66,56436.78,,317089.99,1147323.66,317089.99,484484.01,,,,,,81983.0,,,486954.59,410219.17,1147323.66,581675.36,203431.27,35980.61,171562.68,154673.73,1147323.66,613878.59,39496.97,314473.53,,,49749.54,52971.84,76753.19,67014.82,35807.97,10730.36,5154.55,15321.94,11124.78,581675.36,67570.85,199.1,85503.86666666667,,,,121303.09,,,23138.66,60598.27,38258.24,80.0,90852.47,179674.67,,
Pakistan,Islamic Banking,2017,1,2017-Q1,,,481414.99,1162044.27,54841.15,957188.13,13701.58,628603.68,203759.09,83084.96,628603.68,,0.97,0.18,,,2.46,,,,0.82,0.77,0.36,,0.26,3.18,,,68.44,,,,7.58,,2.19,,7.41,5.38,,,0.9825,5.4675,0.19,,,2.4725,,,,0.77,0.35,,3.0475000000000003,,,,,0.825,,68.1475,7.3025,,2.3225,,,,,103.46,,,,,53875.893333333326,30027.44,,15965.335,44008.275,,0.0,72021.48,149900.65,,83084.96,617816.65,83084.96,543793.9925,68440.84,617816.65,68440.84,469771.335,68440.84,617816.65,58257.64,395748.6775,32783.02,628603.68,6424.08,83084.96,26358.94,32783.02,11175.97,1154683.96,11175.97,77281.6,11175.97,45903.14,34659.67,45903.14,68440.84,1162044.27,58257.64,,279315.3,1162044.27,279315.3,482010.37,245348.05,189361.65,937269.64,673813.8,,83084.96,,,496245.56,402273.49,1162044.27,628603.68,203759.09,33907.82,169047.92,126725.77,1162044.27,618852.06,31798.45,306537.62,,,70139.95,56906.19,77810.0,18150.18,9991.36,2944.98,1853.03,3360.8,2793.99,628603.68,83966.6,201.28,89643.51666666666,,,,125411.14,,,17998.8,73634.4,40105.46,0.0,101483.84,185802.15,,
Pakistan,Islamic Banking,2017,2,2017-Q2,,,341823.59,1209998.08,60716.5,1027619.2,16674.96,655370.4,195898.1,84914.04,655370.4,,1.02,0.22,,,2.51,,,,0.84,0.77,0.32,,0.41,2.65,,,67.27,,,,6.47,,2.72,,9.05,5.73,,,1.02,5.7975,0.215,,,2.5875,,,,0.7725,0.325,,2.6425,,,,,0.8925,,67.0025,6.365,,2.7725,,,,,154.445,,,,,70127.15,32278.085,,28503.465,36152.535,,0.0,87398.11000000002,146115.51,,84914.04,656778.38,84914.04,577908.65,70356.63,656778.38,70356.63,499038.92,70356.63,656778.38,61530.94,420169.19,33004.18,655370.4,6831.22,84914.04,26172.96,33004.18,12936.03,1173122.0,12936.03,78069.77,12936.03,48583.81,35530.22,48583.81,70356.63,1209998.08,61530.94,,284145.23,1209998.08,284145.23,491350.44,245069.39,162683.19,986364.08,704785.28,,84914.04,,,526171.11,428163.93,1209998.08,655370.4,195898.1,35748.39,169522.21,153458.98,1209998.08,636303.67,43101.46,348214.07,,,46254.78,56478.01,79646.1,37914.59,21132.9,5797.61,3715.14,7268.93,6468.01,655370.4,95670.87,254.03,105306.78,,,,140486.41,,,25073.36,58819.89,44109.92,0.0,121056.1,169899.83,,
Pakistan,Islamic Banking,2017,3,2017-Q3,,,343746.46,1232608.78,60982.35,1038759.13,14468.37,688877.18,194028.04,91718.96,688877.18,,1.02,0.2,,,2.82,,,,1.05,0.78,0.34,,0.67,2.62,,,66.2,,,,6.05,,2.93,,9.32,6.0,,,0.965,5.9575,0.1875,,,2.8675,,,,0.765,0.3625,,2.5025,,,,,1.03,,66.2675,6.1875,,2.9075,,,,,245.16,,,,,84035.55666666667,43479.555,,25504.14,30117.245000000003,,0.0,102802.715,148324.58000000002,,91718.96,648845.1,91718.96,573999.4974999999,72700.43,648845.1,72700.43,499153.895,72700.43,648845.1,63263.08,424308.2925,33126.17,688877.18,6580.01,91718.96,26546.16,33126.17,11927.43,1187993.7,11927.43,78786.38,11927.43,48835.48,37779.25,48835.48,72700.43,1232608.78,63263.08,,267863.8,1232608.78,267863.8,502451.01,224943.24,184375.9,1015149.3,728118.66,,91718.96,,,530041.3,417586.15,1232608.78,688877.18,194028.04,31976.81,173953.05,143773.7,1232608.78,663523.84,41973.54,333261.76,,,49927.56,62985.85,80936.23,57636.67,33360.64,8670.52,5437.27,10168.25,8945.57,688877.18,75280.4,416.13,125265.81333333334,,,,166496.07,,,23655.0,46333.33,62446.01,0.0,146028.66,168221.56,,
Pakistan,Islamic Banking,2017,4,2017-Q4,,,455282.2,1351745.1,70202.28,1132976.47,13484.27,777933.33,199439.38,93962.21,777933.33,,0.8,0.15,,,3.01,,,,0.97,0.72,0.43,,0.2,2.15,,,66.47,,,,6.6,,2.84,,9.82,5.83,,,0.7725,5.827500000000001,0.1425,,,2.985,,,,0.7324999999999999,0.485,,2.2475,,,,,1.01,,66.2675,6.8325,,2.8425,,,,,308.96500000000003,,,,,94278.94,38030.15,,21855.975,49741.525,,0.0,120180.92,164722.745,,93962.21,703448.21,93962.21,623867.4525,73974.94,703448.21,73974.94,544286.695,73974.94,703448.21,66131.495,464705.9375,32370.75,777933.33,5656.54,93962.21,26714.2,32370.75,12152.76,1220743.98,12152.76,79508.04,12152.76,50247.72,36792.68,50247.72,73974.94,1351745.1,66131.495,,290587.17,1351745.1,290587.17,571186.77,233571.21,186294.72,1080182.01,803233.89,,93962.21,,,583596.11,486954.59,1351745.1,777933.33,199439.38,38329.21,179956.69,156086.49,1351745.1,712677.57,46366.09,373932.81,,,68775.52,67598.4,82394.71,79462.67,45959.44,11956.06,7416.35,14130.82,12152.76,777933.33,73921.65,611.19,145611.19,,,,196943.44,,,26387.74,79564.33,49603.32,0.0,163175.07,187726.6,,
Pakistan,Islamic Banking,2018,1,2018-Q1,,,547444.34,1358654.67,76042.16,1137834.89,13258.97,794821.57,196267.09,96684.21,794821.57,,0.69,0.12,,,2.91,,,,1.13,0.77,0.65,,0.16,2.54,,,65.66,,,,7.53,,2.85,,9.16,5.82,,,0.6725,5.755,0.135,,,2.885,,,,0.7475,0.63,,2.8225,,,,,1.115,,65.8725,7.2175,,2.8225,,,,,339.58500000000004,,,,,96343.51,41913.34,,15533.419999999998,47644.405,,0.0,135334.255,196100.945,,96684.21,736055.6,96684.21,654041.645,77347.66,736055.6,77347.66,572027.69,77347.66,736055.6,68713.77,490013.735,32799.12,794821.57,5561.5,96684.21,27237.62,32799.12,13946.17,1355199.88,13946.17,83880.1,13946.17,52387.52,36763.9,52387.52,77347.66,1358654.67,68713.77,,257936.94,1358654.67,257936.94,564866.15,230291.92,201370.93,1080704.79,827518.94,,96684.21,,,610849.51,496245.56,1358654.67,794821.57,196267.09,45422.92,175359.01,146784.07,1358654.67,706813.15,51390.25,379631.48,,,62791.63,72662.66,85365.49,21124.52,12989.26,2963.74,2049.13,3122.39,3486.54,794821.57,76700.36,609.39,150534.81,,,,204726.11,,,22823.53,73861.97,54581.18,0.0,161779.31,199739.72,,
Pakistan,Islamic Banking,2018,2,2018-Q2,,,577296.55,1451787.64,80153.63,1214115.95,10449.97,798830.69,203285.64,98817.81,798830.69,,0.62,0.18,,,2.81,,,,1.07,0.68,0.57,,0.25,3.67,,,66.51,,,,6.28,,2.74,,9.07,5.56,,,0.64,5.637499999999999,0.1775,,,2.9125,,,,0.68,0.575,,3.4875,,,,,1.135,,66.24000000000001,6.5625,,2.79,,,,,338.92,,,,,103492.53333333333,44867.52,,18436.805,41974.37,,0.0,131845.805,216519.115,,98817.81,765597.08,98817.81,764759.3333333333,79593.98,765597.08,79593.98,763921.5866666667,79593.98,765597.08,79607.4025,763083.84,32549.36,798830.69,5246.67,98817.81,27302.69,32549.36,15942.64,1387395.8,15942.64,85186.61,15942.64,55114.06,38005.48,55114.06,79593.98,1451787.64,80768.54333333333,,292783.28,1451787.64,292783.28,622090.99,258645.24,226896.27,1135039.33,824579.86,,98817.81,,,664410.02,526171.11,1451787.64,798830.69,203285.64,47256.2,228988.88,173426.24,1451787.64,747782.79,49287.02,417046.15,,,76521.87,73350.19,87799.63,44047.74,26424.32,6157.89,4131.63,7333.9,7971.32,798830.69,88234.27,599.54,158239.35666666666,,,,212986.18,,,26735.62,57252.93,59841.55,0.0,146501.76,206678.84,,
Pakistan,Islamic Banking,2018,3,2018-Q3,,,586333.6,1480896.53,83137.88,1241807.59,8337.5,847053.2,206616.52,105380.78,847053.2,,0.7,0.17,,,3.22,,,,1.33,0.68,0.59,,0.31,2.94,,,65.43,,,,7.41,,2.94,,8.43,5.87,,,0.7625,5.92,0.1875,,,3.325,,,,0.65,0.6,,2.85,,,,,1.48,,65.31,7.24,,2.825,,,,,305.56500000000005,,,,,103615.29333333332,45991.685,,16235.46,53407.74,,0.0,149632.39500000002,233415.66,,105380.78,758057.36,105380.78,764253.401111111,86641.36,758057.36,86641.36,770449.4422222222,79647.67,758057.36,80602.54,776645.4833333333,33099.02,847053.2,5739.99,105380.78,27359.02,33099.02,15881.25,1410770.98,15881.25,85757.47,15881.25,56179.42,39026.89,56179.42,86641.36,1480896.53,87998.32666666666,,285474.79,1480896.53,285474.79,641406.82,249768.21,156282.13,1162644.73,832662.32,,105380.78,,,664986.06,530041.3,1480896.53,847053.2,206616.52,47605.38,214901.42,164720.02,1480896.53,779353.96,46750.03,415703.59,,,68805.03,82813.88,87470.03,68722.3,41541.74,9605.01,6176.05,11399.52,11910.94,847053.2,86331.11,585.34,155125.89666666667,,,,206636.5,,,21644.77,77920.95,61983.81,0.0,174272.17,217678.56,,
Pakistan,Islamic Banking,2018,4,2018-Q4,,,636951.97,1592175.06,92971.75,1339837.9,9678.81,941365.83,197383.07,114277.26,941365.83,,0.95,0.24,,,3.64,,,,1.93,0.56,0.63,,0.36,2.58,,,64.95,,,,6.73,,2.48,,8.89,6.07,,,0.94,5.9825,0.2425,,,3.6625,,,,0.5525,0.6325000000000001,,2.365,,,,,2.22,,65.29,6.640000000000001,,2.4325,,,,,390.265,,,,,111214.0,47570.08500000001,,18289.335,65540.305,,0.0,159018.86000000002,240292.755,,114277.26,813821.73,114277.26,811658.8966666666,94783.16,813821.73,94783.16,809496.0633333334,83467.15,813821.73,83836.3725,807333.23,32148.74,941365.83,5118.98,114277.26,27029.76,32148.74,18056.42,1447051.8,18056.42,86974.46,18056.42,60486.03,40553.61,60486.03,94783.16,1592175.06,95027.39666666668,,308740.91,1592175.06,308740.91,704458.86,232295.84,126264.71,1246100.97,926566.55,,114277.26,,,751774.5,583596.11,1592175.06,941365.83,197383.07,50401.3,211663.1,191361.76,1592175.06,815970.05,62866.04,461001.81,,,68401.9,92092.85,91842.42,99372.54,61506.09,13354.45,8669.5,15842.5,18056.42,941365.83,89734.39,650.98,171354.55000000002,,,,231495.1,,,26145.96,103593.86,65183.04,0.0,192187.89,232374.62,,
Pakistan,Islamic Banking,2019,1,2019-Q1,12524.29,23877.9,628277.99,1640159.17,100735.32,1334766.84,9049.51,923702.1,323221.18,117030.35,923702.1,,0.91,0.25,,,3.73,,,,3.09,0.53,0.64,,0.32,1.72,,,66.31,,,,6.37,,2.29,,8.13,5.72,29790.26,,0.885,5.4575,0.275,,,2.9025,,,,0.53,0.6425000000000001,,1.6075,,,,,3.1375,,65.75,6.7875,,2.2925,,11.97,,,232.105,,,,,117990.67666666668,48054.72,,18166.39,63601.035,,0.0,151309.285,257555.415,,117030.35,794356.23,117030.35,795645.1811111111,96248.58,794356.23,96248.58,796934.1322222222,84944.04,794356.23,86056.2,798223.0833333334,31243.24,923702.1,2753.18,117030.35,28490.06,31243.24,27780.2,1616167.12,27780.2,92918.38,27780.2,76244.17,45387.81,76244.17,96248.58,1640159.17,96248.58,1873367.88,333157.19,1640159.17,333157.19,757817.99,349967.01,209875.72,1256960.24,894234.74,678.01,117030.35,583217.94,117030.35,748667.92,610849.51,1640159.17,923702.1,323221.18,60281.47,112870.04,220084.37,1640159.17,840677.11,61864.99,432224.75,,,79779.55,131618.43,93994.35,35815.88,23421.8,6178.84,2394.01,3821.24,6945.05,923702.1,85315.03,430.52,175033.55333333334,,,,232076.43,,,26064.83,90829.82,65794.55,0.0,188764.74,234426.2,,
Pakistan,Islamic Banking,2019,2,2019-Q2,20231.17,40490.73,748879.19,1777957.66,119940.42,1455416.64,9613.45,930291.53,317755.99,121451.28,930291.53,,0.81,0.35,1.74,,0.42,1.75,1.22,,3.28,0.53,0.65,0.0,0.32,1.27,,,64.07,,,,8.04,0.4,2.3,8.5,8.13,4.67,32059.63,,594.94,1371.68,489.45,154.9,268.96,253.09,38.83,129.54,0.0,100.0,788.13,0.0,3744.35,1128.73,2711.1,0.0,54.04,31.92,,16081.65,5.83,75.72,1672.83,2363.62,11.97,50858.32,3817.95,0.0,15685.8,,,2856.59,404.62,3685.67,462.1,1127.12,5188.61,,0.0,3441.94,13644.84,3399.66,121451.28,805956.79,121451.28,803944.2711111112,100705.04,805956.79,100705.04,801931.7522222223,89392.68,805956.79,90347.4975,799919.2333333334,31673.39,930291.53,3357.05,121451.28,28316.34,31673.39,33710.07,1670097.3,33710.07,94718.61,33710.07,84344.22,47808.33,84344.22,100705.04,1777957.66,100705.04,2011199.1,403726.68,1777957.66,403726.68,800273.96,395930.24,211364.77,1349662.16,897535.0,12367.64,121451.28,398436.84,121451.28,749583.3,664410.02,1777957.66,930291.53,317755.99,63592.01,163503.96,302814.17,1777957.66,913101.85,68886.43,473428.36,,,84543.46,139678.51,98319.06,78465.45,49177.91,15406.28,4903.5,8977.77,16855.04,930291.53,83805.86,833.11,120023.87,,,3068.0225,239643.12,,462.1,28733.37,81688.7,65315.29,0.0,195066.36,235205.72,3984.3225,
Pakistan,Islamic Banking,2019,3,2019-Q3,30154.96,55191.49,705521.23,1766482.25,118651.91,1450924.16,10883.15,917151.44,313935.15,125855.73,917151.44,,0.69,1.12,2.09,249.265,0.57,1.41,1.18,0.0,3.33,0.67,0.72,0.01,0.32,1.05,1092.4375,3082.5825,63.46,0.0,99.6475,,8.76,0.37,2.48,7.63,8.13,4.43,35615.41,,648.99,1180.0,843.98,154.9,242.7,292.05,204.96,901.57,0.0,0.0,787.39,0.0,5460.19,1080.34,3206.41,0.0,114.85,31.92,,17109.34,6.03,0.0,1678.21,1671.59,11.97,76119.0,5989.04,0.0,23214.09,,,3702.32,533.47,5649.65,462.1,1730.79,7334.25,,0.0,5399.58,20067.71,5738.31,125855.73,787844.12,125855.73,798479.7588888889,104544.85,787844.12,104544.85,809115.3977777777,93211.95,787844.12,94956.07,819751.0366666666,35615.5,917151.44,5190.67,125855.73,30424.83,35615.5,32454.31,1694193.54,32454.31,96624.17,32454.31,87363.13,48711.91,87363.13,104544.85,1766482.25,104544.85,2088681.12,331857.58,1766482.25,331857.58,769408.36,341291.29,210216.17,1363600.99,911049.33,-1196.78,125855.73,476147.64,125855.73,719781.07,664986.06,1766482.25,917151.44,313935.15,54900.38,234386.75,246108.53,1766482.25,933438.3,70271.27,447214.59,,,80326.02,132891.24,102340.84,127743.71,79483.21,25135.64,7114.05,16010.81,24340.73,917151.44,72577.18,834.9,113880.16,,,4054.79,227226.85,,485.87750000000005,29005.94,80123.74,65793.86,0.0,193739.91,247849.06,6251.335,
Pakistan,Islamic Banking,2019,4,2019-Q4,34309.57,67725.89,860084.99,1927065.17,112829.99,1582900.33,14909.61,956147.7,305518.86,135738.67,956147.7,,0.75,1.48,1.76,242.4,0.39,1.3,1.02,0.0,3.41,0.6,0.92,0.0,0.32,1.02,1810.66,2709.1075,64.41,0.0,28.71250000000001,,9.09,0.2,1.99,7.59,8.13,4.08,38555.19,,835.23,1288.89,926.43,129.9,242.3,53.3,0.0,1397.57,0.0,0.0,787.39,0.0,6714.22,2054.1,2543.34,0.0,0.0,31.92,,15615.14,1467.05,0.0,1692.22,2776.56,11.97,106154.21,8133.88,0.0,34182.33,,,5112.2,1099.45,6021.93,557.21,2656.59,10053.04,,0.0,7490.28,28169.09,7790.41,135738.67,883564.87,135738.67,884583.5255555556,111663.92,883564.87,111663.92,885602.1811111111,100188.43,883564.87,100885.1075,886620.8366666667,37464.46,956147.7,4902.77,135738.67,32561.69,37464.46,35684.82,1740767.86,35684.82,100750.7,35684.82,92537.68,50467.84,92537.68,111663.92,1927065.17,111663.92,2225042.94,383805.71,1927065.17,383805.71,774253.93,377090.43,201215.96,1498264.8,971683.15,854.7,135738.67,497316.48,135738.67,762299.28,751774.5,1927065.17,956147.7,305518.86,61559.8,292641.65,311197.16,1927065.17,1008916.66,70524.38,503459.3,,,74914.09,151993.92,117256.82,182413.37,111667.85,35663.73,9542.53,25539.25,35684.82,956147.7,65143.5,672.59,125219.495,,,4213.16,249339.54,,444.355,33904.78,89867.96,64488.45,0.0,200105.5,252625.39,6335.7575,
Pakistan,Islamic Banking,2020,1,2020-Q1,25235.58,43499.71,1313098.73,2005354.34,122049.96,1625840.08,17533.48,952220.23,306274.07,146568.08,952220.23,,0.74,1.43,1.83,242.3,0.36,1.02,1.1,0.0,4.16,0.53,0.82,0.0,0.32,0.67,2165.9700000000003,2797.9275,65.95,0.0,0.0,,8.74,0.12,1.72,7.09,8.13,3.73,41138.9,,897.95,1259.19,1192.43,129.9,242.3,35.74,0.0,1397.57,0.0,0.0,787.39,0.0,8652.42,2203.26,2882.79,0.0,0.0,31.92,,15242.37,1713.67,0.0,1692.22,2777.7,11.97,29798.26,1516.3,0.0,8979.07,,,1516.04,247.91,2718.13,105.79,986.66,2885.59,,0.0,2052.9,8334.11,1971.8,146568.08,892732.77,146568.08,888094.4511111111,116184.38,892732.77,116184.38,883456.1322222223,102975.14,892732.77,105281.845,878817.8133333334,41711.66,952220.23,5023.56,146568.08,36688.1,41711.66,48782.64,1966209.75,48782.64,120325.52,48782.64,113321.9,53557.68,113321.9,116184.38,2005354.34,116184.38,2413742.55,386014.15,2005354.34,386014.15,814340.27,373395.57,155617.29,1561236.15,979651.96,1071.24,146568.08,467656.49,146568.08,768093.66,748667.92,2005354.34,952220.23,306274.07,64834.32,388371.14,293654.57,2005354.34,1049067.14,92445.08,484327.86,,,91929.35,164190.68,123394.22,57240.85,32125.52,10070.73,2220.18,12824.42,12195.66,952220.23,62209.35,610.47,128927.81,,,1752.0425,257607.71,,90.0475,29172.69,108303.14,62705.78,0.0,175418.79,256192.31,2576.6875,
Pakistan,Islamic Banking,2020,2,2020-Q2,24049.17,47433.74,1196181.48,2135253.77,123734.52,1761927.01,9585.54,993639.95,425018.56,157999.35,993639.95,,0.67,1.3,2.58,242.3,0.39,0.99,1.01,0.0,4.96,0.66,0.92,0.0,0.32,0.58,3256.545,5485.485000000001,64.44,0.0,0.0,,8.46,0.1,1.79,7.35,8.13,3.79,44175.78,,973.22,1111.82,1619.3,117.9,242.3,127.19,527.96,1569.39,0.0,0.0,787.39,100.0,4263.22,3607.64,6353.05,0.0,0.0,31.92,,16584.56,1107.35,621.4,1717.92,2712.55,11.97,56731.23,3125.51,0.0,16969.32,,,2460.05,434.82,3985.94,42.82,1415.29,6212.95,,0.0,3669.89,16483.35,4391.35,157999.35,850987.9,157999.35,851522.1633333333,125711.2,850987.9,125711.2,852056.4266666666,112201.96,850987.9,114135.95,852590.6900000001,42418.72,993639.95,4739.37,157999.35,37679.35,42418.72,52796.39,2022557.76,52796.39,123389.66,52796.39,117761.12,56678.82,117761.12,125711.2,2135253.77,125711.2,2481595.35,435265.7,2135253.77,435265.7,830581.64,499701.06,188415.07,1678154.39,1015695.34,1213.68,157999.35,543888.51,157999.35,747701.72,749583.3,2135253.77,993639.95,425018.56,69724.91,319541.67,327328.68,2135253.77,1080129.35,98524.07,583273.59,,,83856.99,159951.82,129517.95,108915.77,60546.35,20759.3,3996.59,23613.54,26398.2,993639.95,59407.21,662.43,142368.345,,,2701.955,284301.87,,106.79,18649.56,109231.67,58546.64,0.0,200424.66,262415.91,4660.31,
Pakistan,Islamic Banking,2020,3,2020-Q3,22695.27,55362.44,1219051.72,2235918.05,132716.54,1815593.49,8271.38,1005543.12,494788.84,167117.25,1005543.12,,0.54,1.02,1.98,242.3,0.35,1.16,1.0,0.0,4.66,0.93,1.0,0.0,0.32,0.63,3246.5675,5112.655,62.47,0.0,0.0,,8.75,0.72,2.35,8.22,8.13,4.22,44488.88,,923.11,1205.07,2953.8,145.6,242.3,0.0,398.03,1787.61,0.0,0.0,809.3,0.0,3746.24,3126.21,4699.19,0.0,0.0,31.92,,19184.37,852.03,0.0,1866.24,2518.35,11.97,78961.28,4098.93,0.0,22929.45,,,3427.67,1134.72,6137.25,298.7,1841.07,9492.71,,0.0,4991.61,22569.65,5467.19,167117.25,855796.27,167117.25,872234.16,133447.16,855796.27,133447.16,888672.05,119937.92,855796.27,119799.215,905109.94,45850.82,1005543.12,5209.74,167117.25,40641.08,45850.82,52591.52,2075897.83,52591.52,127354.49,52591.52,118438.24,56990.23,118438.24,133447.16,2235918.05,133447.16,2599106.15,519737.59,2235918.05,519737.59,896563.33,541031.5,250420.59,1737451.02,1098973.15,656.7,167117.25,509373.49,167117.25,747953.83,719781.07,2235918.05,1005543.12,494788.84,79279.55,327560.09,328746.46,2235918.05,1117019.72,88438.18,610135.6,,,117619.09,163456.49,139248.98,154891.31,84147.5,32579.25,6427.54,31737.02,39443.64,1005543.12,52702.59,660.89,122146.945,,,3641.5975,243159.17,,319.0375,16550.94,81299.34,60326.65,0.0,266445.72,284397.82,6126.9775,
Pakistan,Islamic Banking,2020,4,2020-Q4,26154.65,64866.38,926753.35,2499409.51,133304.33,2032632.33,14975.92,1056732.42,613576.97,166999.99,1056732.42,,0.51,1.11,2.16,242.3,0.49,0.99,1.02,0.0,4.5,0.92,0.97,0.11,0.32,0.55,2871.315,4460.3825,64.22,0.0,0.0,,7.36,0.65,2.08,8.86,8.13,3.51,43800.89,,1741.51,1080.57,2184.01,139.6,242.3,0.0,406.61,1784.63,0.0,0.0,843.17,0.0,3052.2,2786.35,4380.78,0.0,0.0,0.0,,19768.64,852.03,0.0,1818.49,2720.03,11.97,99000.26,5109.07,0.0,28908.84,,,4283.38,2158.76,5926.2,380.05,2133.98,11606.64,,0.0,6279.21,28391.18,8106.34,166999.99,1003737.28,166999.99,1005959.7611111111,132892.35,1003737.28,132892.35,1008182.2422222224,119383.1,1003737.28,119903.09,1010404.7233333334,43801.3,1056732.42,3069.31,166999.99,40731.99,43801.3,50948.84,2160600.17,50948.84,129902.57,50948.84,116852.49,57806.94,116852.49,132892.35,2499409.51,132892.35,2588120.93,683187.28,2499409.51,683187.28,1037355.33,699510.63,269032.13,1923184.4,1122920.37,648.29,166999.99,536002.36,166999.99,829791.15,762299.28,2499409.51,1056732.42,613576.97,73632.04,389683.34,365784.74,2499409.51,1217034.06,93133.51,722464.76,,,154296.07,172386.26,140094.86,198937.53,105349.97,44477.55,9415.74,39694.26,50948.84,1056732.42,60595.16,658.53,123030.065,,,3454.06,243901.37,,336.955,24865.3,101770.9,60816.82,0.0,259068.55,305055.78,6339.0775,
Pakistan,Islamic Banking,2021,1,2021-Q1,13556.74,33517.87,967430.65,2543850.82,131487.01,2036045.17,17124.69,1103982.18,635957.33,169944.59,1103982.18,,0.37,1.14,2.04,242.375,0.49,0.8,0.78,0.0,5.28,0.85,1.0,0.12,0.32,0.62,2892.4675,8064.6675,64.41,0.0,0.0,,8.24,0.62,2.11,8.0,8.13,3.13,50119.98,,1253.73,1025.93,1952.21,133.9,242.4,0.0,345.0,3495.18,0.0,0.0,852.41,0.0,3746.99,2927.84,9292.63,0.0,0.0,0.0,,20549.63,844.79,0.0,713.78,2743.57,11.97,20252.03,1165.4,0.0,5965.93,,,966.1,702.73,2040.9,207.67,484.68,1874.32,,0.0,863.71,5909.4,1037.29,169944.59,1023739.61,169944.59,1026495.51,134972.3,1023739.61,134972.3,1029251.41,121463.06,1023739.61,123097.215,1032007.31,50119.87,1103982.18,3307.19,169944.59,46812.68,50119.87,53811.82,2521630.16,53811.82,141362.32,53811.82,113415.39,58814.14,113415.39,134972.3,2543850.82,134972.3,2986416.89,666953.13,2543850.82,666953.13,1026526.26,753198.02,383733.73,1928244.72,1153478.2,916.87,169944.59,541180.83,169944.59,847717.66,768093.66,2543850.82,1103982.18,635957.33,104701.99,345740.97,353468.35,2543850.82,1195030.12,110181.26,730833.79,,,180013.8,185162.07,142629.78,45705.94,21070.03,13704.89,3203.19,7727.84,13452.96,1103982.18,59957.66,590.36,117222.275,,,1115.545,233741.82,,279.73749999999995,29452.44,107928.81,64153.4,0.0,282936.51,325221.18,1268.3625,
Pakistan,Islamic Banking,2021,2,2021-Q2,23354.83,62046.73,1110420.17,2699385.59,138894.62,2200907.04,22428.83,1159215.84,666477.98,177741.7,1159215.84,,0.42,0.83,2.31,242.4,0.56,0.53,0.76,0.0,1.75,0.84,1.04,0.11,0.32,0.79,2902.865,9503.395,66.68,0.0,0.0,,9.05,0.87,2.32,8.13,8.13,3.01,50824.57,,1741.53,1064.36,1871.71,121.9,242.4,0.0,339.0,3479.18,0.0,0.0,850.41,0.0,3892.2,2894.54,9573.65,0.0,0.0,0.0,,18180.07,3097.79,0.0,683.78,2792.05,11.97,41019.84,2080.75,0.0,11546.99,,,1563.88,1552.96,4056.97,495.94,763.28,4175.07,,0.0,1780.49,12605.81,1961.58,177741.7,1048542.71,177741.7,1049951.2911111112,141508.93,1048542.71,141508.93,1051359.8722222222,127999.68,1048542.71,129574.385,1052768.4533333334,50839.14,1159215.84,4125.99,177741.7,46713.15,50839.14,55038.9,2580881.97,55038.9,144087.6,55038.9,116189.43,60402.49,116189.43,141508.93,2699385.59,141508.93,3185730.97,729001.53,2699385.59,729001.53,1028875.59,759894.38,370975.7,2054632.86,1250941.42,2777.94,177741.7,572998.45,177741.7,883684.54,747701.72,2699385.59,1159215.84,666477.98,77050.2,428995.13,367646.45,2699385.59,1260963.89,113665.24,826277.92,,,159788.94,189151.44,149538.17,93638.64,42669.82,28215.21,6321.0,16432.61,27519.45,1159215.84,103491.13,238.87,133306.80999999997,,,1761.5325,265060.66,,572.655,31218.55,90504.76,67808.14,0.0,250413.85,350479.87,2144.83,
Pakistan,Islamic Banking,2021,3,2021-Q3,35819.2,91803.98,1195118.88,2737832.79,143185.84,2176900.9,22516.05,1225077.28,670069.13,182371.38,1225077.28,,0.79,0.76,2.82,242.325,0.55,0.44,0.77,0.0,1.34,0.71,0.81,0.11,0.32,0.66,2433.17,9710.63,66.45,0.0,0.0,,8.58,1.11,2.21,8.9,8.13,2.98,52121.2,,2756.77,1282.34,1796.22,196.91,242.3,0.0,339.26,3338.56,0.0,0.0,815.68,0.0,3585.67,2279.38,9756.29,0.0,0.0,0.0,,19122.43,2617.15,0.0,1165.69,2826.57,11.97,63002.95,3263.79,0.0,17648.95,,,2354.49,2539.51,6421.15,802.8,1479.81,5778.35,,0.0,2798.3,19575.7,2694.58,182371.38,1061219.94,182371.38,1075760.102222222,147807.74,1061219.94,147807.74,1090300.2644444443,134298.5,1061219.94,135506.785,1104840.4266666663,52120.96,1225077.28,3522.37,182371.38,48598.59,52120.96,55103.02,2620119.68,55103.02,146911.96,55103.02,119657.9,60187.96,119657.9,147807.74,2737832.79,147807.74,3341238.59,718081.7,2737832.79,718081.7,1066453.52,748888.77,366879.34,2022089.73,1217083.88,1681.33,182371.38,661496.02,182371.38,936172.42,747953.83,2737832.79,1225077.28,670069.13,64443.27,420171.56,358071.55,2737832.79,1261867.58,89903.3,825130.03,,,207859.49,197687.39,155385.02,144172.22,65450.74,43116.91,9959.81,25644.76,41327.27,1225077.28,111314.73,237.54,138315.555,,,2698.6975,274091.6,,897.8824999999999,27262.05,89854.43,72906.51,0.0,272419.94,376990.49,3480.4275,
Pakistan,Islamic Banking,2021,4,2021-Q4,48943.89,124568.27,1087716.07,3027862.5,153818.98,2358923.18,46723.14,1408937.11,873444.51,190910.37,1408937.11,,0.94,0.66,2.41,242.3,0.52,0.48,0.51,0.0,1.31,0.79,0.67,0.1,0.32,0.41,2031.8725,9265.25,68.67,0.0,0.0,,9.54,0.78,1.9,6.99,8.13,3.32,50991.76,,3520.66,1289.98,1685.72,721.76,242.3,0.0,339.26,2982.37,0.0,0.0,33.85,0.0,3861.8,1949.37,9101.57,0.0,0.0,0.0,,19868.08,2806.52,0.0,532.2,2056.34,11.97,88895.66,5975.13,0.0,24436.85,,,3731.32,4786.12,6569.03,1183.13,1557.45,7488.64,,0.0,3884.05,27177.29,5837.97,190910.37,1192081.4,190910.37,1195808.7133333331,152640.89,1192081.4,152640.89,1199536.0266666666,139131.64,1192081.4,141430.3525,1203263.34,50933.63,1408937.11,896.76,190910.37,50036.87,50933.63,58734.05,2701668.24,58734.05,149633.93,58734.05,125260.03,62941.7,125260.03,152640.89,3027862.5,152640.89,3537301.28,963324.62,3027862.5,963324.62,1221917.51,943234.17,448032.83,2196841.11,1340419.96,-2462.04,190910.37,739078.53,190910.37,1063099.58,829791.15,3027862.5,1408937.11,873444.51,72267.18,276431.43,396782.29,3027862.5,1311566.91,100341.87,947014.4,,,299919.32,208498.16,160521.84,201752.95,92493.17,61158.34,13999.83,34101.61,58734.05,1408937.11,71912.39,239.03,163056.085,,,3133.9425,321326.05,,1020.235,34564.67,139383.62,76070.79,0.0,393998.85,371441.7,4593.3625,
Pakistan,Islamic Banking,2022,1,2022-Q1,21263.88,43399.73,1279749.18,3269923.52,157907.34,2349111.69,43306.79,1414457.65,1177023.28,197638.02,1414457.65,,0.96,0.62,2.78,240.875,0.71,0.37,0.44,0.0,1.03,0.73,0.59,0.09,0.32,0.36,1975.86,9081.47,70.46,0.0,0.0,,9.04,0.57,1.83,6.48,8.13,2.93,51219.82,,3921.85,1201.09,1612.72,815.05,240.4,0.0,89.04,2896.07,0.0,0.0,28.43,0.0,4425.25,1984.69,9074.77,0.0,0.0,0.0,,19399.88,2806.52,0.0,651.95,2072.14,11.97,30370.52,1259.96,0.0,9431.43,,,1341.81,3381.79,2419.03,531.55,354.41,1876.05,,0.0,1234.43,9022.34,859.54,197638.02,1225627.22,197638.02,1231240.0977777778,161835.73,1225627.22,161835.73,1236852.9755555557,148326.49,1225627.22,151286.305,1242465.8533333333,51219.61,1414457.65,-732.67,197638.02,51952.28,51219.61,73103.2,3148893.01,73103.2,163017.04,73103.2,149625.23,79231.83,149625.23,161835.73,3269923.52,161835.73,3700439.87,1238501.05,3269923.52,1238501.05,1454709.28,907103.58,362900.0,2264629.04,1408987.88,2767.36,197638.02,797807.89,197638.02,1122861.35,847717.66,3269923.52,1414457.65,1177023.28,72202.03,221126.26,385114.31,3269923.52,1280665.53,97681.01,970765.15,,,525257.46,230042.14,165512.23,66966.54,31199.97,25238.14,4258.11,6270.32,18275.8,1414457.65,79153.68,549.22,157191.24000000002,,,1336.9625,311000.69,,709.595,35400.7,152953.04,83104.72,0.0,322683.69,429611.92,1143.1525,
Pakistan,Islamic Banking,2022,2,2022-Q2,34357.48,67052.67,1468503.18,3737069.45,191595.36,2575270.01,52145.16,1541255.21,1540205.55,209695.23,1541255.21,,1.08,0.55,3.53,240.4,0.76,0.35,0.4,0.0,1.21,0.66,0.58,0.08,0.32,0.37,1913.0725,9444.9775,67.87,0.0,0.0,,11.26,0.17,1.9,6.82,8.13,2.41,53705.57,,4182.45,1144.29,1602.72,702.77,240.4,0.0,89.04,2854.89,0.0,0.0,27.93,0.0,5320.3,1889.2,9568.38,0.0,0.0,0.0,,20052.12,3238.94,0.0,648.1,2144.06,11.97,52141.31,2585.51,0.0,15417.76,,,1322.42,3103.6,3110.33,1243.73,1219.06,3982.05,,0.0,3006.78,16478.49,1993.99,209695.23,1276143.12,209695.23,1275277.3577777778,173674.99,1276143.12,173674.99,1274411.5955555555,160165.75,1276143.12,163421.97,1273545.8333333335,53705.17,1541255.21,-150.42,209695.23,53855.58,53705.17,82938.69,3344951.82,82938.69,167242.92,82938.69,167137.67,78284.32,167137.67,173674.99,3737069.45,173674.99,4180036.22,1674318.15,3737069.45,1674318.15,1775033.85,1124595.78,468089.49,2452457.59,1526320.8,-7189.1,209695.23,954352.43,209695.23,1173584.03,883684.54,3737069.45,1541255.21,1540205.55,73223.08,143757.04,438628.58,3737069.45,1401196.67,112092.44,1061980.9,,,724555.17,261549.57,175694.69,157419.36,69752.24,64823.66,8752.01,14091.45,41469.35,1541255.21,127910.71,2282.91,158968.21000000002,,,1406.905,314832.82,,1423.33,41257.24,148530.3,90006.82,0.0,360932.87,455501.54,2302.3975,
Pakistan,Islamic Banking,2022,3,2022-Q3,51659.36,100224.86,1457557.84,3759261.7,203006.69,2673060.34,50528.78,1577947.74,1581159.87,222954.3,1577947.74,,1.11,0.49,3.9,240.4,0.89,0.37,0.37,0.0,0.95,0.62,0.5,0.07,0.32,0.42,2035.9825,9361.3575,68.95,0.0,0.0,,10.12,0.13,1.85,7.14,8.13,2.13,52383.82,,3155.2,1200.05,1520.91,659.35,240.4,0.0,89.04,2781.64,0.0,0.0,14.13,0.0,5026.05,2084.91,9292.35,0.0,0.0,0.0,,19998.18,3682.94,0.0,626.0,2012.67,11.97,81565.82,4304.61,0.0,24594.79,,,1660.36,6142.53,3903.9,1962.13,1687.52,5996.08,,0.0,4771.69,24974.94,3227.62,222954.3,1268351.26,222954.3,1278688.8555555556,186699.87,1268351.26,186699.87,1289026.451111111,173190.63,1268351.26,177620.6,1299364.0466666666,52384.19,1577947.74,-4484.99,222954.3,56869.18,52384.19,96156.46,3448529.29,96156.46,172620.75,96156.46,184302.86,79547.41,184302.86,186699.87,3759261.7,186699.87,4387556.17,1656260.07,3759261.7,1656260.07,1736287.34,1144347.23,453332.87,2550947.62,1575725.75,1451.56,222954.3,1069221.33,222954.3,1195309.25,936172.42,3759261.7,1577947.74,1581159.87,75528.22,80719.97,443905.9,3759261.7,1485385.04,122304.88,1065370.42,,,641490.01,255957.13,188754.24,269023.35,118563.73,118515.42,13353.54,18590.66,72117.35,1577947.74,126349.24,213.9,162443.53499999997,,,1742.74,318744.54,,2145.7025000000003,29344.32,156073.35,87871.59,0.0,381990.22,477360.58,4584.9125,
Pakistan,Islamic Banking,2022,4,2022-Q4,62399.32,121478.37,1607316.33,3941436.08,199591.73,2759206.42,46551.97,1675977.4,1680468.9,242293.17,1675977.4,,1.04,0.46,4.04,307.27750000000003,0.91,0.38,0.34,0.0,0.92,0.58,0.44,0.06,0.32,0.36,2289.3675,9191.3175,71.05,0.0,0.0,,8.73,0.39,2.01,6.32,8.13,1.98,56051.91,,2708.31,898.4,4097.29,653.15,329.57,261.91,0.0,2455.29,0.0,0.0,329.42,0.0,4959.38,2357.52,9157.64,0.0,0.0,0.0,,19569.48,3222.03,1208.44,445.03,3399.03,11.97,116804.51,10774.11,0.0,35714.69,,,1989.88,4584.43,1580.4,2696.42,2025.11,8455.93,,0.0,6674.5,35642.11,8656.79,242293.17,1361389.62,242293.17,1410610.4011111113,204419.75,1361389.62,204419.75,1459831.1822222222,190910.51,1361389.62,207294.555,1509051.9633333334,56052.2,1675977.4,-5372.65,242293.17,61424.86,56052.2,113154.5,3547110.65,113154.5,179024.54,113154.5,207427.74,83115.37,207427.74,204419.75,3941436.08,204419.75,4516487.7,1749135.74,3941436.08,1749135.74,1759110.5,1257605.85,525386.42,2620188.01,1593712.74,-3991.14,242293.17,1122007.24,242293.17,1278426.14,1063099.58,3941436.08,1675977.4,1680468.9,74304.67,88512.48,422172.64,3941436.08,1471472.17,187504.88,1100229.37,,,657885.67,319704.33,204639.68,396497.61,177894.38,179141.35,18337.52,21124.36,113154.5,1675977.4,69967.41,212.97,182303.31,,,2359.5775000000003,360022.19,,2370.54,34759.44,185722.92,88074.22,0.0,442638.49,494579.77,6865.9575,
Pakistan,Islamic Banking,2023,1,2023-Q1,52318.58,104887.54,1799346.93,5239158.64,299149.14,3663410.78,62762.14,2239244.66,2108141.56,320891.73,2239244.66,,1.04,0.63,3.97,367.61,0.63,0.36,0.34,0.0,1.67,0.63,0.34,0.06,0.32,0.51,2796.33,10387.6475,70.15,0.0,0.0,,10.37,0.19,1.96,5.39,8.13,1.77,83964.27,,4737.87,1601.29,4805.52,643.24,380.29,266.43,74.86,2473.91,0.0,5.5,339.16,0.0,6364.95,2942.6,10797.65,0.0,0.0,6.23,,34231.44,6295.89,1208.44,1011.1,5777.9,11.97,72157.73,3342.05,0.0,26520.23,,,3468.67,2752.23,2905.04,1392.9,1074.33,6573.38,,0.0,1887.45,24216.65,1493.46,320891.73,1804376.65,320891.73,1805147.1933333331,270805.93,1804376.65,270805.93,1805917.7366666663,256446.69,1804376.65,263161.18,1806688.28,83964.15,2239244.66,-4718.17,320891.73,88682.33,83964.15,170410.44,4590297.36,170410.44,243745.61,170410.44,328435.09,131274.24,328435.09,270805.93,5239158.64,270805.93,6045720.21,2269822.32,5239158.64,2269822.32,2376246.31,1283720.76,548594.34,2866457.91,1776298.31,252.98,320891.73,1464604.42,320891.73,1682987.74,1122861.35,5239158.64,2239244.66,2108141.56,142850.93,59300.53,689620.96,5239158.64,1800695.52,327797.68,1534917.57,,,939713.14,353183.18,282851.54,170322.22,72957.52,86737.42,6773.23,3854.05,42602.61,2239244.66,135727.92,208.98,232562.34500000003,,,3481.7525,462372.46,,1737.2400000000002,52028.25,223424.91,86654.48,0.0,568585.13,710242.53,1980.6375,
Pakistan,Islamic Banking,2023,2,2023-Q2,80644.47,134415.78,1757797.23,5528872.18,307159.49,4005645.64,55698.35,2283946.86,2228677.78,350353.73,2283946.86,,1.21,0.65,4.31,380.29,0.61,0.36,0.33,0.0,1.97,0.72,0.38,0.08,0.32,0.74,2215.7525,12021.065,69.74,0.0,0.0,,9.72,0.09,1.89,5.28,8.13,1.93,85855.61,,5026.73,1201.25,4907.99,881.51,380.29,261.51,77.24,2498.81,0.0,5.5,322.65,0.0,800.94,1973.47,12428.87,0.0,0.0,6.23,,42096.45,5303.68,1208.44,897.75,5576.31,11.97,144480.95,8087.61,0.0,51105.33,,,3521.0,11689.11,4081.03,2770.26,1526.51,11105.98,,0.0,3908.68,46764.27,3442.17,350353.73,1811311.54,350353.73,1804223.0377777775,297663.9,1811311.54,297663.9,1797134.5355555555,283304.65,1811311.54,290055.09750000003,1790046.0333333334,85855.95,2283946.86,-7191.04,350353.73,93046.99,85855.95,204254.08,4903155.63,204254.08,265860.39,204254.08,367619.2,140385.54,367619.2,297663.9,5528872.18,297663.9,6328871.05,2525519.67,5528872.18,2525519.67,2376246.31,1927571.57,836655.86,3785459.61,2140051.89,1642.57,350353.73,1540165.07,350353.73,1652916.81,1173584.03,5528872.18,2283946.86,2228677.78,140706.16,136379.29,739162.09,5528872.18,2056655.82,326192.01,1622797.81,,,817675.69,395460.9,310089.95,385377.63,176087.92,186679.32,14366.72,8243.66,102127.04,2283946.86,191199.34,230.12,234290.0,,,3699.07,456890.89,,3088.3325000000004,47023.79,198084.14,84317.24,0.0,582756.53,723444.81,3970.55,
Pakistan,Islamic Banking,2023,3,2023-Q3,140884.78,200733.75,2044037.46,5686365.38,315219.05,4117324.85,23638.99,2093611.88,2601204.75,377505.07,2093611.88,,1.26,0.62,4.86,380.29,0.61,0.45,0.32,0.0,1.41,0.79,0.38,0.08,0.32,0.74,1923.43,12935.06,69.77,0.0,0.0,,9.46,0.31,1.68,5.32,8.13,1.95,91020.33,,6021.18,1168.93,4634.05,881.49,380.29,678.88,117.2,2498.81,0.0,19.43,325.65,0.0,803.18,1906.75,13103.79,0.0,0.0,3.45,,42095.73,6429.22,991.24,2107.95,6853.12,11.97,200521.46,14325.89,0.0,67981.02,,,4233.28,14230.46,4945.69,4042.55,2450.74,15025.42,,0.0,5727.0,66237.01,5555.69,377505.07,1747515.02,377505.07,1782892.108888889,324665.68,1747515.02,324665.68,1818269.197777778,310306.44,1747515.02,318740.4525,1853646.2866666664,91020.32,2093611.88,-10667.91,377505.07,101688.23,91020.32,234020.94,5098958.07,234020.94,283831.34,234020.94,407266.25,148385.6,407266.25,324665.68,5686365.38,324665.68,6519885.75,2790806.14,5686365.38,2790806.14,2386172.49,2264101.58,947919.15,3847195.68,2085438.8,-1471.53,377505.07,1496926.24,377505.07,1615649.66,1195309.25,5686365.38,2093611.88,2601204.75,133821.7,53419.84,804307.21,5686365.38,2178130.04,306906.06,1632288.75,,,823054.88,408241.49,337744.17,632165.86,280013.26,316962.78,22977.69,12212.13,175515.71,2093611.88,173825.95,228.84,217339.645,,,3726.4275,420448.83,,4461.185,25998.26,184785.42,84375.53,0.0,491522.92,712426.13,6168.6975,
Pakistan,Islamic Banking,2023,4,2023-Q4,188521.04,249318.49,1953659.28,5985475.27,312171.73,4494981.68,53499.84,2020702.18,2717316.34,426770.75,2020702.18,,1.29,0.52,4.45,344.785,0.53,0.55,0.32,15.225,1.69,0.62,0.32,0.06,0.32,0.65,1911.595,11712.0525,71.31,1259.3625000000002,0.0,,8.67,0.47,1.41,5.44,8.13,1.68,91927.5,,5551.7,3428.93,4645.66,579.57,332.95,357.74,5.14,2590.74,20.3,12.53,307.53,7.28,558.53,1913.21,11248.14,1679.15,0.0,824.74,,28622.25,18980.66,2818.77,972.58,6469.44,11.97,259757.93,22975.32,0.0,85318.09,,,2205.87,14304.21,6179.31,5717.09,1804.69,18792.81,,0.0,7848.69,88810.0,8007.72,426770.75,2065908.82,426770.75,2064426.5722222223,358401.73,2065908.82,358401.73,2062944.3244444449,344042.49,2065908.82,349218.28,2061462.076666667,91927.62,2020702.18,-10472.12,426770.75,102399.73,91927.62,264665.05,5276261.51,264665.05,304964.45,264665.05,443162.5,158426.16,443162.5,358401.73,5985475.27,358401.73,6725397.44,2965162.18,5985475.27,2965162.18,2386576.81,2661866.4,1097946.34,4159806.0,2121385.21,-2551.69,426770.75,1446294.89,426770.75,1808789.46,1278426.14,5985475.27,2020702.18,2717316.34,145843.25,64965.23,1036648.27,5985475.27,2363184.89,355438.04,1776358.74,,,672088.07,428908.63,389496.89,897257.35,385339.79,459778.92,31796.02,20342.62,264665.05,2020702.18,116718.93,62.37,204816.095,,,2699.725,395327.98,,4709.3375,46260.99,232801.69,79846.93,0.0,520922.72,628760.57,6559.057500000001,
Pakistan,Islamic Banking,2024,1,2024-Q1,74086.12,93518.11,1875971.85,6157784.49,307221.91,4535518.44,52604.63,1947035.08,2844591.08,446056.63,1947035.08,,1.19,0.55,4.21,369.6475,0.62,0.31,0.32,5.074999999999999,1.44,0.51,0.28,0.06,0.32,0.48,2673.71,11964.2025,72.24,419.7874999999999,0.0,,8.27,0.77,1.41,5.54,8.13,1.81,94957.39,,7466.47,1221.03,4544.15,569.88,381.88,329.38,109.71,2498.81,0.0,11.05,314.59,0.0,759.77,2927.21,12202.89,0.0,0.0,3.45,,44520.32,6295.91,991.24,2012.9,7796.75,11.97,98921.77,5432.53,0.0,36520.05,,,4181.29,6812.58,3547.87,1686.08,1859.54,9788.77,,0.0,1771.28,29290.01,2213.07,446056.63,2052568.59,446056.63,2058479.5444444448,379254.89,2052568.59,379254.89,2064390.498888889,364745.65,2052568.59,371211.58,2070301.4533333331,94957.51,1947035.08,-22126.71,446056.63,117084.22,94957.51,324663.62,6071629.88,324663.62,396384.45,324663.62,505757.14,180925.92,505757.14,379254.89,6157784.49,379254.89,6903297.74,3105634.21,6157784.49,3105634.21,2474737.09,2545589.11,1054324.3,4246435.76,2277368.23,859.78,446056.63,1649984.73,446056.63,1742803.39,1682987.74,6157784.49,1947035.08,2844591.08,124240.67,68053.04,1173864.61,6157784.49,2429909.71,336417.56,1769191.18,,,786027.63,432966.42,403272.0,261761.4,100393.05,145589.22,9308.25,6470.89,81165.9,1947035.08,128723.71,57.71,170292.32499999998,,,3949.7425,333772.07,,2101.545,50966.77,233431.96,79813.01,0.0,490125.38,630144.48,2656.2375,
Pakistan,Islamic Banking,2024,2,2024-Q2,143403.67,190982.85,2054002.46,6365070.73,321212.79,4814690.87,56490.1,2173752.66,2885358.72,468137.37,2173752.66,,1.21,0.65,4.31,379.2625,0.61,0.36,0.33,0.0,1.97,0.72,0.38,0.08,0.32,0.74,2094.95,13414.395,69.74,0.0,0.0,,9.72,0.09,1.89,5.28,8.13,1.93,96777.14,,6383.16,1267.95,4142.88,567.17,378.39,322.71,108.59,2473.47,0.0,9.48,321.12,0.0,667.34,1817.53,13818.23,0.0,0.0,3.45,,45681.92,6605.61,991.24,1974.81,9242.07,11.97,169157.98,9456.43,0.0,64152.12,,,3255.1,5010.44,5175.95,3347.94,3171.05,17633.7,,0.0,3417.54,53807.06,3985.74,468137.37,2105767.18,468137.37,2098910.677777778,405118.61,2105767.18,405118.61,2092054.175555556,390609.37,2105767.18,396394.7475,2085197.673333333,96777.19,2173752.66,-23916.14,468137.37,120693.33,96777.19,322296.4,6169443.5,322296.4,407163.4,322296.4,511589.28,185143.71,511589.28,405118.61,6365070.73,405118.61,7168320.93,3220283.66,6365070.73,3220283.66,2504155.63,2775638.4,1140053.93,4508102.6,2328804.44,-306.17,468137.37,1995354.59,468137.37,1778526.99,1652916.81,6365070.73,2173752.66,2885358.72,117841.59,55655.82,1132461.94,6365070.73,2640601.24,324787.06,1849302.57,,,654750.51,466908.05,428721.31,532072.94,210393.21,291398.67,18040.39,12240.67,161148.2,2173752.66,118987.22,62.01,175607.81,,,3293.9875,346205.18,,3748.6375,57886.79,226829.32,93522.41,0.0,672785.3,657474.44,4363.3775,
Pakistan,Islamic Banking,2024,3,2024-Q3,186333.21,248074.95,1934071.26,6483597.93,322862.81,5058897.3,60803.66,2105391.79,3079280.91,509603.12,2105391.79,,1.13,0.63,6.4,379.815,0.58,0.36,0.4,0.0,1.1,0.52,0.29,0.06,0.32,0.49,1804.66,15521.105,70.23,0.0,0.0,,8.25,0.59,1.92,5.37,8.13,1.66,104085.19,,6352.92,1320.67,4675.21,574.39,380.29,265.35,108.54,2474.03,0.0,7.84,289.54,0.0,860.06,1800.37,16088.73,0.0,0.0,3.45,,49257.95,6101.66,1280.93,2307.04,9936.23,11.97,219370.7,13596.95,0.0,79190.48,,,3410.65,9522.45,9853.95,4950.73,4503.06,22294.12,,0.0,4911.75,65050.92,5496.29,509603.12,2044058.66,509603.12,2116783.7533333334,428260.12,2044058.66,428260.12,2189508.8466666667,413750.88,2044058.66,416684.26,2262233.94,104085.2,2285339.27,-18711.96,509603.12,122797.16,104085.2,331859.96,6247982.1,331859.96,423023.57,331859.96,527612.37,190537.94,527612.37,428260.12,6483597.93,428260.12,7354285.24,3417011.96,6483597.93,3417011.96,2344579.57,3047383.96,1226685.0,4747563.68,2298216.31,-138.83,509603.12,1508460.51,509603.12,1708399.94,1615649.66,6483597.93,2105391.79,3079280.91,140164.84,118859.07,1039901.31,6483597.93,2792754.22,321242.08,1944901.0,,,492371.23,461725.32,470604.07,797401.99,313874.23,437662.15,27949.46,17916.15,248894.97,2285339.27,110545.52,203.73,155652.77,,18376.56,120157.35,428983.76,,5049.1225,39951.38,229949.49,100743.31,0.0,433112.91,761901.7,24294.71,
Pakistan,Islamic Banking,2024,4,2024-Q4,369322.5,553841.9,2121675.5,7257637.81,335088.8,4967711.2,106536.0,3017647.5,3084698.6,534032.7,3017647.5,,32577.9,15028.8,210295.2,376.7725,11118.7,11914.2,8657.5,5621.5,38592.2,1213.3,13459.3,225.0,,74105.5,1848.9175,15697.7325,2124122.7,0.20625,0.0,,173690.2,20419.8,49480.2,190066.2,,37284.3,112206.8,,5151.7,1291.0,5384.1,557.9,375.6,255.5,107.5,2470.5,5455.1925,6.0,286.6,300.0,5496.9,1865.1,15567.4,0.275,0.0,3.5,,54315.4,6082.9,1276.5,1844.6,9868.1,11.97,403415.0,20106.3,892.765,168619.5,14572.43,16478.12,151447.31,722002.9850000001,,5344.3,9142.6,45075.2,21116.3,0.0,6251.0,122044.9,5714.9,534032.7,2698584.5,534032.7,2323992.1725,439993.6,2698584.5,439993.6,1949399.845,425484.4,2698584.5,425484.4,1574807.5175,112206.8,3017647.5,-21229.2,534032.7,133436.0,112206.8,321725.6,6870617.87,321725.6,494028.3,321725.6,536820.0,198705.7,536820.0,439993.6,7257637.81,439993.6,8020757.6,3416557.9,7257637.81,3416557.9,3061120.0,2642039.6,1294950.4,4759799.5,2651354.2,-5206.9,534032.7,2355024.5,534032.7,2639972.5,1808789.5,7257637.81,3017647.5,3084698.6,143466.07,103500.19,908325.45,7257637.81,2649603.77,290312.81,2027794.59,,,1187415.28,608483.07,494028.3,1040501.1,407731.1,564543.6,38596.6,29629.8,321725.6,3017647.5,112026.7,259.0,1311499.3,14572.43,16478.12,151447.31,991307.9133333332,,2672.15,51956.7,307698.1,103379.2,0.0,233590.4,838828.2,58409.9,
Pakistan,Islamic Banking,2025,1,2025-Q1,52809.31,100517.87,2661074.85,7402528.05,341664.89,5325873.88,96379.62,2896658.35,3349132.69,528995.32,2896658.35,,25687.81,14742.43,216725.66,313.0125,14825.85,11825.85,11156.01,4956.27,31599.85,1363.37,11861.59,525.0,,9509.33,1065.7714285714285,8567.335,2049115.61,0.48125,0.0,,186969.42,19769.14,66672.95,179200.7,,40676.5,111217.43,,2578.84,520.29,392.58,1019.54,292.15,5349.28,698.76,861.33,4796.5725,9.01,710.4,600.0,1511.22,799.3285714285714,6233.98,0.55,0.0,1553.53,,76275.92,2531.94,991.24,1550.5,7536.38,11.97,85379.8,4561.52,0.0,40020.91,14572.43,16478.12,151447.31,539119.3933333333,,0.0,1431.32,8127.54,5453.87,0.0,1185.96,23790.78,807.9,528995.32,2514378.73,528995.32,2195185.7825,457660.67,2514378.73,457660.67,1875992.835,443151.43,2514378.73,443151.43,1556799.8875,111217.42,2896658.35,-16271.13,528995.32,127488.54,111217.42,292045.94,7330082.93,292045.94,493236.91,73011.49,120355.09,50124.44,120355.09,457660.67,7402528.05,457660.67,8674061.53,3686140.3,7402528.05,3686140.3,2930286.45,3009717.47,1264467.82,4973831.82,2421027.22,-9638.64,528995.32,2183276.62,528995.32,2147577.15,1742803.39,7402528.05,2896658.35,3349132.69,139443.31,37884.49,979409.22,7402528.05,2736843.91,324840.29,2264189.67,0.0,0.0,1113050.03,471158.64,492445.51,215845.14,85436.06,108143.93,10731.37,11533.77,73011.49,2896658.35,191072.31,279.67,633216.52,14572.43,16478.12,151447.31,542903.2366666667,,0.0,48657.41,276562.81,111377.78,0.0,818988.46,787199.8,29303.59,0.0
Pakistan,Islamic Banking,2025,2,2025-Q2,112626.6,204820.3,2506685.12,7650257.71,351436.22,5765579.58,78674.65,2695380.81,3713383.37,544828.27,2695380.81,,31474.95,11878.86,181602.92,17316.06,12037.6,8583.34,9545.68,4317.48,35869.25,1140.43,14464.34,207.48749999999995,,8610.44,0.0,285826.27,1616950.96,0.0,0.0,,151532.31,19922.48,63309.03,180205.78,,40792.65,110337.46,,2233.78,585.43,393.16,19.54,292.15,6359.83,254.15,766.88,0.0,6.8,10.4,76.65,594.13,0.0,9080.16,0.0,0.0,4.82,,75789.46,2843.83,991.24,1681.46,8353.61,11.97,164436.94,10138.9,0.0,69742.44,14572.43,16478.12,151447.31,749473.93,,0.0,2952.86,16710.64,10542.0,0.0,2285.94,50511.05,1553.13,544828.27,2671995.97,544828.27,2342153.92,472435.39,2671995.97,472435.39,2012311.87,457926.15,2671995.97,457926.15,1682469.82,110337.46,2695380.81,-18216.83,544828.27,128554.28,110337.46,281370.45,7526392.88,281370.45,505194.0,70342.61,119609.3,47622.18,119609.3,472435.39,7650257.71,472435.39,8622172.58,4106567.34,7650257.71,4106567.34,2854114.08,3739886.1,1517559.5,5200629.77,2439335.33,-7235.08,544828.27,2106069.04,544828.27,2244019.67,1778526.99,7650257.71,2695380.81,3713383.37,144332.17,94171.14,1002990.22,7650257.71,2832428.92,387800.92,2545349.74,0.0,0.0,810279.12,556456.52,517942.49,422886.8,164718.02,214591.62,20063.15,23514.01,143354.1,2695380.81,197736.64,298.98,943072.56,14572.43,16478.12,151447.31,791829.7233333334,,0.0,46276.3,271504.34,134726.23,0.0,179256.2,865841.29,56668.27,0.0
Pakistan,Islamic Banking,2025,3,2025-Q3,165826.53,287314.77,2655753.98,7735727.65,353826.13,5878316.98,94469.5,2699420.54,3672577.24,556515.91,2699420.54,,46564.53,16433.17,213474.72,280.15,16839.09,10644.05,11081.95,5262.64,24023.53,1120.51,10654.14,169.1625,,8304.75,0.0,9197.325,1829110.68,0.0,0.0,,161128.66,28203.33,79662.57,188800.25,,48111.99,110170.07,,2800.79,1195.86,148.16,58.7,276.15,7354.42,186.23,512.31,0.0,6.26,176.31,200.0,561.08,0.0,9236.38,0.0,0.0,1435.92,,72478.43,2308.92,991.24,1034.45,9208.44,11.97,230341.17,15730.96,0.0,93690.04,14572.43,16478.12,151447.31,911830.7366666668,,0.0,4142.42,23704.27,12431.76,0.0,3329.17,71014.42,6298.14,556515.91,2716170.46,556515.91,2379512.735,486057.51,2716170.46,486057.51,2042855.01,471548.27,2716170.46,471548.27,1706197.285,110170.05,2699420.54,-16844.25,556515.91,127014.3,110170.05,251554.32,7692992.68,251554.32,523559.88,62888.58,121449.42,60274.17,121449.42,486057.51,7735727.65,486057.51,8902077.44,4149800.52,7735727.65,4149800.52,2847909.02,3773451.67,1608765.5,5342231.73,2552527.36,-7459.47,556515.91,2766426.45,556515.91,2254207.63,1708399.94,7735727.65,2699420.54,3672577.24,275204.47,58388.68,1030136.72,7735727.65,2971514.32,361247.58,2545555.08,0.0,0.0,835343.56,492889.86,529177.26,631360.29,237700.61,325046.85,32919.04,35693.79,206242.68,2699420.54,182940.16,1242.68,1123074.08,14572.43,16478.12,151447.31,910822.8333333334,,0.0,33951.22,261371.26,147945.49,0.0,1911.66,884314.87,62669.13,0.0
Pakistan,Islamic Banking,2025,4,2025-Q4,223337.63,373501.9,2206880.24,8439307.62,352425.55,6253547.0,167432.39,3425864.01,3789108.6,568900.07,3425864.01,,49653.54,62337.55,226114.31,31017.96,21225.19,171.4475,13724.79,6633.33,37603.48,318.74,13931.14,9079.1,,16636.74,0.0,361811.73,2086821.38,1755.18,0.0,,151229.81,25867.38,72586.42,220721.73,,16794.51,106263.58,,2199.13,932.24,693.68,58.77,276.15,7445.44,166.52,477.04,6633.33,5.65,128.98,9079.1,692.5,0.0,8570.67,0.55,0.0,1558.89,,70644.46,2177.41,929.72,1049.57,8256.23,11.97,319358.47,23077.26,1337.33,121841.55,14572.43,16478.12,151447.31,1110609.0,,0.0,5174.89,33099.14,18611.23,0.0,4416.71,105621.77,7515.92,568900.07,3253103.12,568900.07,2831302.7375000003,501143.2,3253103.12,501143.2,2409502.355,486633.96,3253103.12,486633.96,1987701.9725,106265.03,3425864.01,-17443.46,568900.07,123708.49,106265.03,266880.31,8087517.63,266880.31,535099.4,66720.08,127213.63,62758.33,127213.63,501143.2,8439307.62,501143.2,9327270.16,4400998.57,8439307.62,4400998.57,3325626.04,3256050.91,1646617.82,5601109.91,3072161.46,-4961.92,568900.07,2763010.32,568900.07,2691985.95,2639972.48,8439307.62,3425864.01,3789108.6,88816.5,91272.45,1044246.06,8439307.62,3141076.82,500267.37,2612202.8,0.0,0.0,1065909.49,578829.58,541021.55,849697.44,320189.29,433526.3,44383.58,51598.27,272962.76,3425864.01,227929.98,1233.61,1422753.33,14572.43,16478.12,151447.31,1173696.7366666668,,0.0,63882.7,417079.34,169942.73,0.0,3023.85,1096379.54,23638.94,0.0
Saudi Arabia,Islamic Banking,2013,4,2013-Q4,,,48910.4,439834.32,,,,407050.23,13877.8,70349.61,296537.15,,1611.35,806.41,,7321.2,23496.74,431.44,14907.69,515.78,759.46,,75.72,,,1055.03,2078.84,168921.95,37335.98,,,,4376.79,,6035.78,19727.92,,7079.06,4200.42,,302.38,23.77,3699.985,,0.0,32.24,1011.19,200.94,1708.64,,750.08,,75.17,50.0,2457.76,,,5904.44,,565.58,144.01,,112.03,236.54,,14755.25,1685.27,0.0,8987.11,,,,,1954.49,1943.24,0.0,0.0,,0.0,185.14,0.0,0.0,70349.61,346837.18,70349.61,348295.4222222222,66069.11,346837.18,66069.11,349753.6644444444,66069.11,346837.18,66683.5675,351211.9066666667,4200.54,296538.48,-2188.96,70349.61,6389.5,4200.54,8806.75,430537.89,8806.75,65434.77,8806.75,20934.77,11076.0,20934.77,66069.11,439833.77,66478.74833333334,,,439834.045,,,,,,,,70349.61,,,,,439833.83,296537.86,13877.8,4669.35,48366.29,76382.53,439834.59,,74469.08,270073.04,1000.0,0.0,7476.08,29154.39,57662.0,20972.71,14756.19,278.43,5298.33,639.77,9832.99,296538.48,203207.33,0.0,511.91,,,,,,46596.47,0.0,0.0,41473.22,0.0,4749.54,0.0,0.0,
Saudi Arabia,Islamic Banking,2014,1,2014-Q1,,,50020.38,453854.21,,,,424718.245,14718.56,72874.61,306766.31,,1609.97,659.68,4074.2466666666655,7766.96,24184.28,602.02,14355.22,1178.45,183.01,96.04,72.28,68.15333333333334,,1094.16,1601.79,176384.93,37947.69,0.0,12074.22666666667,,4038.67,228.66666666666663,7475.42,20073.62,,7538.17,4508.03,,0.0,14.73,3933.4,8148.493333333333,0.0,32.24,1066.3,0.0,2010.765,192.08,815.47,136.30666666666667,94.71,50.0,3059.5,0.0,23369.603333333336,5448.975,,488.38,130.02,457.3333333333333,387.7,250.75,,3744.75,489.96,0.0,2262.84,,,9167.5875,3276.666666666666,490.34,462.63,0.0,0.0,,0.0,38.98,0.0,0.0,72874.61,359961.36,72874.61,361697.39666666667,68526.94,359961.36,68526.94,363433.43333333335,68526.94,359961.36,68807.8,365169.47,4508.17,306766.38,-2435.66,72874.61,6943.83,4508.17,9328.5,446843.99,9328.5,67325.64,9328.5,20424.39,11091.98,20424.39,68526.94,453854.21,68714.18000000001,,,453854.21,,,,,,,,72874.61,,,,,453856.01,306766.47,14718.56,5244.44,53171.99,73954.55,453854.23,,68490.03,288422.26,1000.0,0.0,6197.13,31457.82,58287.0,5345.18,3744.92,71.75,1341.91,186.61,2332.13,306766.38,209599.61,0.0,356.21,,,9217.595,,,48340.9,0.0,0.0,43761.6,0.0,4708.06,0.0,0.0,
Saudi Arabia,Islamic Banking,2014,2,2014-Q2,,,48446.35,473358.76,,,,448458.385,15323.04,74021.92,323103.41,,1740.36,637.53,4117.2266666666665,7245.18,26593.41,621.18,15687.74,1178.56,740.28,145.20000000000002,73.89,51.92666666666667,,1130.32,1723.35,187958.87,38202.94,0.0,13005.97,,5485.11,128.66666666666666,7750.39,20521.54,,5812.76,4749.02,,0.0,10.11,3958.03,8234.453333333333,0.0,31.86,846.94,193.99,1918.885,290.40000000000003,695.55,103.85333333333334,87.39,50.0,3165.8,0.0,25166.04,6532.054999999999,,451.61,130.1,257.3333333333333,39.77,588.37,,7593.52,944.77,0.0,4570.55,,,9694.095,3270.8966666666674,1031.36,965.01,0.0,0.0,,0.0,81.84,0.0,0.0,74021.92,375585.69,74021.92,376200.9377777778,69650.38,375585.69,69650.38,376816.1855555556,69650.38,375585.69,69751.16500000001,377431.43333333335,4749.37,323101.72,-2685.4,74021.92,7434.77,4749.37,10506.51,463606.4,10506.51,69032.25,10506.51,21499.61,10984.02,21499.61,69650.38,473358.58,69717.57,,,473358.67,,,,,,,,74021.92,,,,,473359.29,323102.9,15323.04,5138.28,51811.06,77984.02,473359.65,,75325.86,297828.98,1000.0,0.0,7738.79,30060.02,61406.0,10934.19,7593.57,162.65,2877.49,300.48,4958.75,323101.72,219239.03,0.0,247.54,,,10070.58,,,52613.25,0.0,0.0,46434.57,0.0,4567.34,0.0,0.0,
Saudi Arabia,Islamic Banking,2014,3,2014-Q3,,,54688.74,484486.2,,,,462023.59,14971.03,74489.56,329158.35,,1446.3,600.61,4230.03,5710.29,28006.94,616.18,14230.98,1177.93,730.82,150.93,26.39,13.876666666666669,,1118.25,1948.55,193916.88,40037.33,0.0,13153.686666666668,,4158.09,650.0,8041.54,21132.18,,6259.1,4292.26,,0.0,11.66,4495.435,8460.06,0.0,31.8,707.5899999999999,193.61,2021.405,301.86,752.04,27.75333333333333,79.96,50.0,2925.89,0.0,25371.09333333333,7634.53,,377.77,84.98,1300.0,279.98,256.62,,11392.46,1424.47,0.0,6774.43,,,10594.0075,3889.5566666666655,1578.45,1489.97,0.0,0.0,,0.0,125.15,0.0,0.0,74489.56,381122.92,74489.56,381898.8488888889,70053.52,381122.92,70053.52,382674.77777777775,70053.52,381122.92,70546.5875,383450.70666666667,4291.53,329157.54,-3214.23,74489.56,7505.76,4291.53,9110.46,478922.45,9110.46,69771.89,9110.46,21119.25,12005.78,21119.25,70053.52,484486.31,70382.23166666667,,,484486.255,,,,,,,,74489.56,,,,,484486.31,329158.27,14971.03,7749.84,54805.64,77801.53,484487.63,,84662.2,302783.87,1000.0,0.0,4318.44,29689.14,62034.0,16433.57,11392.15,303.66,4319.83,417.92,7236.37,329157.54,221796.03,0.0,422.56,,,10364.465,,,54140.38,0.0,0.0,48336.9,0.0,4461.67,0.0,0.0,
Saudi Arabia,Islamic Banking,2014,4,2014-Q4,,,56691.3,501003.72,,,,471661.355,13978.36,76564.07,336501.54,,1182.81,544.46,4255.05,6140.92,30275.87,807.49,15270.54,1126.08,1381.91,176.20000000000002,40.74,14.25,,1003.24,2023.76,196170.84,39201.68,0.0,14007.083333333334,,4083.01,294.6666666666667,8364.8,20962.36,,7921.02,3806.59,,0.0,10.81,3943.995,8510.1,0.0,31.74,1717.36,220.48,2017.37,352.40000000000003,766.77,28.5,76.06,50.0,2626.25,0.0,27221.076666666668,7788.505,,474.96,12.54,589.3333333333334,41.05,262.7,,15526.69,1895.34,0.0,9299.47,,,10027.495,3626.3200000000006,2125.7,2038.27,0.0,0.0,,0.0,167.9,0.0,0.0,76564.07,388106.28,76564.07,389243.71222222224,72025.79,388106.28,72025.79,390381.1444444445,72025.79,388106.28,72280.0325,391518.57666666666,3806.91,336501.74,-3509.64,76564.07,7316.55,3806.91,9199.22,492744.86,9199.22,70928.63,9199.22,19396.65,10193.42,19396.65,72025.79,501003.42,72195.28499999999,,,501003.57,,,,,,,,76564.07,,,,,501005.04,336501.48,13978.36,7396.07,58979.47,84149.67,501005.6,,85507.66,314108.11,1000.0,0.0,5908.69,31993.14,62488.0,21747.12,15525.65,295.35,5453.67,472.45,9536.17,336501.74,225013.28,0.0,486.79,,,10149.61,,,55739.57,0.0,0.0,50549.24,0.0,4712.87,0.0,0.0,
Saudi Arabia,Islamic Banking,2015,1,2015-Q1,,,56921.27,520492.71,,,,481222.67,13878.39,77600.52,337794.6,,1318.63,641.26,3067.4166666666665,6413.37,24891.93,2714.0,16747.92,1126.08,706.68,179.58333333333334,40.51,2.0,,1087.56,2362.13,193879.45,40571.96,0.0,13554.05,,5647.89,757.3333333333334,8286.58,23350.77,,8007.88,3877.39,,0.0,12.18,4005.95,6134.833333333333,10.56,54.37,2347.78,189.93,1783.315,359.1666666666667,825.495,4.0,64.69,50.0,2579.54,0.0,26146.12,5412.06,,513.48,0.0,1514.6666666666667,78.27,324.37,,3915.61,479.11,0.0,2228.33,,,10452.9825,3723.1533333333327,610.38,553.6,0.0,0.0,,0.0,44.18,0.0,0.0,77600.52,398343.17,77600.52,400269.53555555554,73042.76,398343.17,73042.76,402195.9011111111,73042.76,398343.17,73676.6375,404122.26666666666,3877.72,337794.89,-3805.8,77600.52,7683.53,3877.72,9054.62,510748.06,9054.62,71941.87,9054.62,21324.89,12256.12,21324.89,73042.76,520492.71,73465.345,,,520492.71,,,,,,,6500.22,77600.52,,,325186.4,293793.1,520492.71,337794.59,13878.39,9538.16,64600.46,94681.1,520491.17,,73088.07,341005.84,1000.0,0.0,8078.51,34963.75,62355.0,5558.5,3915.72,77.54,1397.88,167.36,2263.66,337794.89,225284.0,0.0,387.81,,,10512.125,,,57013.79,0.0,0.0,50063.41,0.0,5045.87,0.0,0.0,
Saudi Arabia,Islamic Banking,2015,2,2015-Q2,,,55208.56,526476.83,,,,494437.485,14250.97,80446.43,345201.43,,1553.45,567.95,2904.2033333333334,5758.75,23422.73,2862.26,16794.75,1221.95,650.88,188.99,47.06,62.120000000000005,,1779.36,2319.36,202758.15,38042.06,0.0,13816.339999999998,,4810.71,1456.3333333333333,9041.55,25550.02,,8020.42,3995.78,,0.0,15.15,3511.3900000000003,5808.406666666667,10.56,86.95,3129.245,189.68,1807.145,376.7699999999999,814.145,124.24,61.94,50.0,2496.5,0.0,26550.38,5380.925,,512.26,0.0,2912.6666666666665,135.65,437.1,,7941.17,999.86,0.0,4517.38,,,10705.7225,3763.3633333333337,1208.85,1127.04,0.0,0.0,,0.0,88.05,0.0,0.0,80446.43,415680.46,80446.43,415776.0755555556,75578.27,415680.46,75578.27,415871.6911111112,75578.27,415680.46,75949.4525,415967.3066666667,3996.09,345201.03,-3750.85,80446.43,7746.94,3996.09,12997.02,523484.77,12997.02,73618.62,12997.02,24598.72,11603.85,24598.72,75578.27,526476.83,75825.725,,,526476.83,,,,,,,7184.45,80446.43,,,335578.2,309646.95,526477.07,345201.18,14250.53,8839.66,81355.53,76830.17,526475.85,,67819.87,345931.14,1000.0,0.0,10754.19,37330.23,63640.42,11911.99,7942.62,217.69,2830.15,921.52,5512.91,345201.03,227695.49,0.0,329.84,,,10781.035,,,60673.17,0.0,0.0,51466.37,0.0,5036.16,0.0,0.0,
Saudi Arabia,Islamic Banking,2015,3,2015-Q3,,,57569.0,526164.0,,,,496470.645,14247.8,81872.0,345081.8,,1674.15,513.38,0.0,4705.03,22962.28,2815.88,16410.37,0.0,577.26,0.0,33.07,0.0,,1869.08,2368.25,205548.55,38410.08,0.0,0.0,,5753.05,0.0,9351.05,23949.39,,8140.94,4304.92,,0.0,6.26,0.0,0.0,10.56,129.34,0.0,189.7,0.0,0.0,0.0,0.0,61.3,52.57,2605.69,0.0,0.0,0.0,,514.07,0.24,0.0,268.81,466.39,,11903.96,1404.36,0.0,6806.28,,,11436.93,3800.32,1835.77,1726.08,0.0,0.0,,0.0,131.47,0.0,0.0,81872.0,416541.0,81872.0,416580.4444444445,77063.0,416541.0,77063.0,416619.8888888889,77063.0,416541.0,77550.25,416659.3333333333,4305.0,345081.95,-3717.0,81872.0,8022.0,4305.0,9856.36,526320.41,9856.36,75936.87,9856.36,20004.39,10132.03,20004.39,77063.0,526164.0,77387.83333333333,,,526164.0,,,,,,,7610.38,81872.0,,,337274.21,315739.82,526164.0,345081.89,14249.0,6224.36,71092.33,89516.41,526164.38,,71556.25,344229.26,1000.0,0.0,5324.01,39878.87,64175.99,17324.71,11903.96,245.59,4139.69,1035.48,7977.0,345081.95,225300.76,0.0,234.65,,,11942.2,,,61372.18,0.0,0.0,53090.05,0.0,5084.3,0.0,0.0,
Saudi Arabia,Islamic Banking,2015,4,2015-Q4,,,54328.0,519452.0,,,,514669.39,13824.72,83662.0,350918.02,,1595.94,468.67,0.0,5108.36,22906.88,2704.74,16896.99,0.0,558.99,0.0,40.84,0.0,,1892.22,2928.03,207965.95,38318.48,0.0,0.0,,5977.25,0.0,10943.81,25583.84,,7027.04,4565.7,,0.0,6.0,0.0,0.0,10.0,114.51,0.0,189.5,0.0,0.0,0.0,0.0,61.05,52.43,2312.48,0.0,0.0,2.26,,632.76,0.18,0.0,759.05,425.5,,16179.44,1874.04,0.0,9316.14,,,13001.3225,4570.986666666668,2430.88,2384.0,0.0,0.0,,0.0,174.37,0.0,0.0,83662.0,416896.0,83662.0,418176.2222222223,79012.0,416896.0,79012.0,419456.4444444445,79012.0,416896.0,79140.0,420736.6666666667,4566.0,350918.14,-3437.0,83662.0,8003.0,4566.0,10792.0,522808.0,10792.0,77741.0,10792.0,22176.0,11376.0,22176.0,79012.0,519452.0,79097.33333333333,,,519452.0,,,,,,,6377.97,83662.0,,,340616.08,322878.24,519452.06,350918.02,13824.72,6344.53,67896.69,80468.1,519452.66,,75773.52,330204.92,1000.0,0.0,10978.52,36788.46,64707.24,23428.92,16179.44,336.91,5714.89,1197.69,10675.0,350918.14,226702.17,0.0,380.11,,,13049.905,,,63238.82,0.0,0.0,55735.53,0.0,4861.51,0.0,0.0,
Saudi Arabia,Islamic Banking,2016,1,2016-Q1,,,55363.0,534976.0,,,,536460.935,16952.22,83623.0,365625.24,,1782.85,275.53,0.0,4594.39,26356.09,2792.91,17116.39,1206.14,2304.1,0.0,60.18,0.0,,1942.7,3074.57,210017.16,38845.76,0.0,0.0,,5898.84,0.0,11050.15,30709.79,,7597.69,4996.02,,0.0,74.81,0.0,0.0,10.0,129.6,0.0,325.38,0.0,0.0,0.0,0.0,77.0,52.43,3109.0,0.0,0.0,0.0,,486.44,0.18,0.0,274.37,456.82,,4321.11,552.79,0.0,2317.49,,,13451.745,4642.076666666666,689.78,723.61,0.0,0.0,,0.0,37.44,0.0,0.0,83623.0,428418.0,83623.0,430081.5555555556,79524.0,428418.0,79524.0,431745.1111111111,79524.0,428418.0,80238.5,433408.6666666667,4996.0,365624.89,-3333.0,83623.0,8329.0,4996.0,11856.0,527214.0,11856.0,79056.5,11856.0,23316.0,11460.0,23316.0,79524.0,534976.0,80000.33333333333,,,534976.0,,,,,,,1125.8,83623.0,,,355604.4,325186.4,534976.29,365625.78,16952.22,5341.4,56596.05,90460.83,534975.92,,81690.0,338488.0,0.0,0.0,12673.19,37361.34,64763.4,6074.87,4321.11,65.91,1481.61,206.25,2964.0,365624.89,236531.12,0.0,389.58,,,13756.42,,,67969.67,0.0,0.0,55736.41,0.0,4998.11,0.0,0.0,
Saudi Arabia,Islamic Banking,2016,2,2016-Q2,,,57446.0,552332.0,,,,550520.955,20281.68,88598.0,380959.13,,2543.8,197.04,0.0,5154.53,25788.11,2802.6,16911.66,1177.71,2310.53,0.0,58.66,0.0,,1853.04,2660.05,216083.66,44028.99,0.0,0.0,,7406.52,0.0,11029.73,32601.85,,8350.66,4637.38,,0.0,69.15,0.0,0.0,30.52,114.51,0.0,420.7,0.0,0.0,0.0,0.0,67.0,50.63,2018.0,0.0,0.0,2.26,,540.34,4.46,0.0,761.96,557.85,,9013.42,1711.27,0.0,4333.4,,,14064.8675,5123.043333333333,1409.2,1485.88,0.0,0.0,,0.0,73.66,0.0,0.0,88598.0,443390.0,88598.0,443952.3333333333,82382.0,443390.0,82382.0,444514.6666666667,82382.0,443390.0,82751.25,445077.0,4638.0,380958.43,-4166.0,88598.0,8804.0,4638.0,11288.0,543654.0,11288.0,80662.0,11288.0,23700.0,12396.0,23700.0,82382.0,552332.0,82628.16666666667,,,552332.0,,,,,,,2634.6,88598.0,,,364455.73,335578.2,552332.33,380958.91,20281.68,4690.96,43866.82,102533.96,552331.53,,92468.0,339358.0,2000.0,0.0,15503.89,38124.64,64877.0,12332.56,9013.42,222.73,3062.27,34.14,5786.0,380958.43,248713.45,0.0,501.68,,,13763.965,,,68445.55,0.0,0.0,59402.54,0.0,3895.21,0.0,0.0,
Saudi Arabia,Islamic Banking,2016,3,2016-Q3,,,56028.0,555226.0,,,,548791.52,21279.89,92118.0,383611.77,,2587.14,171.0,0.0,7910.36,25844.36,3392.0,15543.48,1176.82,2562.06,0.0,57.0,0.0,,1791.24,2996.0,221260.53,41653.51,0.0,0.0,,7920.8,0.0,9957.21,31957.67,,6830.59,4724.82,,0.0,48.28,0.0,0.0,11.0,85.95,0.0,390.8,0.0,0.0,0.0,0.0,67.26,50.0,2336.02,0.0,0.0,0.0,,535.92,6.0,0.0,671.84,521.75,,14097.14,1965.21,0.0,7489.23,,,13372.7125,4670.84,2186.05,2345.84,0.0,0.0,,0.0,110.81,0.0,0.0,92118.0,448451.0,92118.0,448758.0,83859.0,448451.0,83859.0,449065.0,83859.0,448451.0,84581.75,449372.0,4725.0,383611.44,-4308.0,92118.0,9033.0,4725.0,10724.0,553779.0,10724.0,82770.5,10724.0,23756.0,12908.0,23756.0,83859.0,555226.0,84340.83333333333,,,555226.0,,,,,,,2640.43,92118.0,,,367671.78,337274.21,555225.44,383612.04,21279.89,4890.0,57566.52,87877.0,555224.59,,98435.0,334981.0,4007.0,0.0,14418.03,37183.0,66200.56,18651.02,14097.14,348.64,4365.97,-160.73,8467.0,383611.44,250176.09,0.0,425.18,,,13583.265,,,68115.36,0.0,0.0,61544.09,0.0,3350.71,0.0,0.0,
Saudi Arabia,Islamic Banking,2016,4,2016-Q4,,,52430.0,564510.0,,,,546362.615,21169.79,95099.0,382923.78,,2842.55,371.0,0.0,7871.92,28231.66,3708.0,15315.42,1065.25,2309.72,0.0,61.91,0.0,,1980.1,3110.95,217864.8,42273.76,0.0,0.0,,7676.08,0.0,10109.4,30603.14,,7528.12,4405.06,,0.0,61.62,0.0,0.0,10.56,93.47,0.0,43.92,0.0,0.0,0.0,0.0,67.21,50.0,2089.13,0.0,0.0,0.0,,675.51,99.91,0.0,676.21,537.51,,19305.73,2755.39,0.0,10092.72,,,15425.325,5025.903333333334,3004.57,3305.84,0.0,0.0,,0.0,147.21,0.0,0.0,95099.0,451214.0,95099.0,451983.0,86750.0,451214.0,86750.0,452752.0,86750.0,451214.0,86874.25,453521.0,4405.0,382923.89,-4937.0,95099.0,9342.0,4405.0,11368.0,559868.0,11368.0,85017.0,11368.0,24128.0,12880.0,24128.0,86750.0,564510.0,86832.83333333333,,,564510.0,,,,,,,1700.48,95099.0,,,368116.71,340616.08,564510.13,382924.12,21169.79,4737.48,52654.68,103024.05,564510.38,,95682.0,341765.0,4007.0,0.0,16892.62,39230.24,66933.53,25144.02,19305.73,517.79,5673.29,-352.79,11309.0,382923.89,249983.99,0.0,536.67,,,16846.28,,,66978.05,0.0,0.0,62465.38,0.0,2959.8,0.0,0.0,
Saudi Arabia,Islamic Banking,2017,1,2017-Q1,,,50983.0,564890.0,,,,553939.0700000001,21245.83,95705.0,391911.86,,3503.04,123.0,0.0,8972.98,29662.19,3876.35,16819.85,1060.06,2274.37,0.0,58.55,0.0,,1869.76,3195.35,219525.82,43675.57,0.0,0.0,,8305.48,0.0,9263.13,31923.4,,7802.95,3930.56,,0.0,44.6,0.0,0.0,10.56,73.42,0.0,43.3,0.0,0.0,0.0,0.0,67.62,52.13,1896.83,0.0,0.0,0.0,,599.46,102.43,0.0,417.11,623.1,,5132.46,814.52,0.0,2631.75,,,20582.4875,6786.996666666668,794.62,857.04,0.0,0.0,,0.0,34.53,0.0,0.0,95705.0,458135.0,95705.0,458472.77777777775,87247.0,458135.0,87247.0,458810.5555555556,87247.0,458135.0,87674.25,459148.3333333333,3930.0,391911.38,-4989.0,95705.0,8919.0,3930.0,12340.0,564700.0,12340.0,86717.0,12340.0,24728.0,12384.0,24728.0,87247.0,564890.0,87531.83333333333,,,564890.0,,,,,,,3196.99,95705.0,,,377334.33,355604.4,564889.56,391911.71,21245.83,5001.83,48447.67,98282.52,564890.23,,89440.0,347679.0,4007.0,0.0,15231.58,40579.81,67952.83,6514.2,5132.46,140.79,1286.5,-45.54,3085.0,391911.38,254972.8,0.0,336.4,,,21476.785,,,68524.28,0.0,0.0,64891.0,0.0,3186.89,0.0,0.0,
Saudi Arabia,Islamic Banking,2017,2,2017-Q2,,,48018.0,583709.0,,,,556523.0650000001,26474.49,97548.0,400019.48,,3917.02,100.33,0.0,9147.79,31780.38,4300.05,14384.1,1072.28,1977.12,0.0,53.9,0.0,,1907.17,3170.29,220961.31,41882.4,0.0,0.0,,9816.68,0.0,10483.81,34939.05,,10125.8,3364.98,,0.0,36.03,0.0,0.0,10.56,110.82,0.0,45.69,0.0,0.0,0.0,0.0,69.99,59.63,1257.14,0.0,0.0,0.0,,713.51,104.08,0.0,276.45,681.08,,10382.75,1639.66,0.0,5340.58,,,23091.1675,8347.013333333334,1599.65,1730.24,0.0,0.0,,0.0,72.63,0.0,0.0,97548.0,460208.0,97548.0,461699.0,88956.0,461175.0,88956.0,462223.0,88956.0,461175.0,89169.75,462747.0,3365.0,400020.21,-5262.0,97548.0,8627.0,3365.0,12518.18,574299.5,12518.18,87813.0,12518.18,24936.0,12432.0,24936.0,88956.0,583709.0,89098.5,,,583709.0,,,,,,,6207.21,97548.0,,,385372.63,364455.73,583709.46,400019.93,26474.49,5106.97,47937.98,104170.09,583709.59,,104693.98,351812.22,4006.0,0.0,13591.97,41956.0,67649.42,13103.31,10382.75,336.1,2521.94,-137.47,6214.55,400020.21,259270.45,0.0,887.83,,,22916.955,,,69506.42,0.0,0.0,66924.69,0.0,3430.81,0.0,0.0,
Saudi Arabia,Islamic Banking,2017,3,2017-Q3,,,44970.0,579464.0,,,,562116.94,40569.25,98454.0,402547.12,,4769.39,78.65,0.0,8528.65,32327.39,3903.59,13666.81,1044.16,2306.66,0.0,46.79,0.0,,1959.64,3298.79,222161.95,44640.27,0.0,0.0,,11016.91,0.0,9965.35,33024.16,,9807.97,3498.8,,0.0,27.42,0.0,0.0,11.0,76.01,0.0,35.17,0.0,0.0,0.0,0.0,76.49,60.0,1318.18,0.0,0.0,0.0,,791.69,88.41,0.0,333.42,681.0,,15804.54,2536.8,0.0,8163.03,,,23539.9025,8017.696666666665,2372.75,2620.77,0.0,0.0,,0.0,111.19,0.0,0.0,98454.0,465891.0,98454.0,465517.3333333333,89811.0,465891.0,89811.0,465143.6666666667,89811.0,465891.0,90575.75,464770.0,3499.0,402547.12,-5313.0,98454.0,8812.0,3499.0,12857.82,581586.5,12857.82,89203.5,12857.82,26048.0,12940.0,26048.0,89811.0,579464.0,90322.16666666669,,,579464.0,,,,,,,5659.0,98454.0,,,388531.93,367671.78,579463.4,402546.48,40569.25,4752.12,43642.99,87952.56,579463.99,,94939.81,350736.78,4007.0,0.0,18992.83,41998.27,68789.3,19919.85,15804.54,524.82,3838.08,-247.6,9429.0,402547.12,260475.22,0.0,742.28,,,24511.275,,,70915.59,0.0,0.0,68072.35,0.0,2341.68,0.0,0.0,
Saudi Arabia,Islamic Banking,2017,4,2017-Q4,,,48788.0,589617.0,,,,554723.58,44212.15,101599.0,404848.02,,4184.3,55.0,0.0,9781.81,33154.49,3925.0,15098.81,1042.13,2241.01,0.0,50.37,0.0,,1788.31,3019.18,225421.35,42071.84,0.0,0.0,,12251.21,0.0,9683.92,31372.28,,9707.0,3620.34,,0.0,24.3,0.0,0.0,11.0,82.83,0.0,17.41,0.0,0.0,3.0,0.0,78.32,58.0,1166.27,0.0,0.0,0.0,,691.73,88.42,0.0,280.12,1118.94,,21457.47,3313.47,0.0,11080.93,,,26917.175,9744.113333333336,3384.18,3533.61,0.0,0.0,,0.0,145.29,0.0,0.0,101599.0,464202.0,101599.0,461782.6666666667,92878.0,462528.0,92878.0,461037.3333333333,92870.0,462528.0,91606.5,460292.0,3620.0,404848.05,-5392.0,101599.0,9012.0,3620.0,13988.0,584540.5,13988.0,91215.5,13988.0,27560.0,13832.0,27560.0,92878.0,589617.0,92067.16666666669,,,589617.0,,,,,,,3042.23,101599.0,,,390997.36,368116.71,589616.61,404848.21,44212.15,5274.69,41313.82,93967.74,589616.87,,103626.0,349478.0,4007.0,0.0,9956.62,53034.4,69514.84,27128.09,21457.47,682.36,5325.19,-336.93,12926.0,404848.05,259147.7,0.0,1389.16,,,27380.33,,,71034.22,0.0,0.0,70539.73,0.0,2737.25,0.0,0.0,
Saudi Arabia,Islamic Banking,2018,1,2018-Q1,,,45294.0,596744.0,,,,553113.27,51401.37,96719.0,405508.65,,4548.18,40.01,0.0,9851.19,32364.15,2576.21,14880.63,763.4,1988.03,0.0,48.51,0.0,,2120.89,2932.89,228458.57,42817.49,0.0,0.0,,11973.09,0.0,9428.64,30405.45,,10311.31,4080.86,,0.0,18.11,0.0,0.0,11.0,95.75,0.0,58.53,0.0,0.0,3.0,0.0,155.37,57.0,1375.6,0.0,0.0,0.0,,438.84,59.98,0.0,402.9,1404.77,,5578.24,797.34,0.0,2912.49,,,28815.9375,10118.533333333333,820.87,1017.31,0.0,0.0,,0.0,30.22,0.0,0.0,96719.0,459388.0,96719.0,456858.77777777775,88013.0,455820.0,88013.0,457897.5555555556,87816.0,455820.0,89031.0,458936.3333333333,4082.0,405508.72,-8813.0,96719.0,12895.0,4082.0,13863.25,593180.5,13863.25,90077.01,13863.25,26803.04,12970.64,26803.04,88013.0,596744.0,88790.16666666667,,,596744.0,,,,,,,7031.42,96719.0,,,392677.92,377334.33,596744.31,405508.61,51401.37,4935.44,38531.65,96367.24,596746.06,,101987.0,366459.0,4007.0,0.0,6801.19,48622.54,68869.33,7027.61,5578.24,211.1,1373.3,-135.02,3465.81,405508.72,259048.67,0.0,1024.48,,,29325.235,,,72993.78,0.0,0.0,70031.1,0.0,2410.68,0.0,0.0,
Saudi Arabia,Islamic Banking,2018,2,2018-Q2,,,40933.0,603198.0,,,,560291.54,56742.95,101554.0,411120.77,,4312.29,26.11,0.0,8102.57,34823.61,3637.52,14376.69,763.4,2160.28,0.0,56.23,0.0,,2097.71,2861.94,231671.86,39786.45,0.0,0.0,,12520.34,0.0,10182.93,33158.82,,10582.01,4197.12,,0.0,18.61,0.0,0.0,10.56,78.34,0.0,57.23,0.0,0.0,3.0,0.0,119.13,87.01,1643.52,0.0,0.0,0.0,,403.64,58.23,0.0,360.54,1357.3,,17381.23,1628.4,0.0,5955.21,0.0,0.0,0.0,5955.21,1707.81,2076.28,0.0,0.0,,0.0,58.32,0.0,0.0,101554.0,465169.0,101554.0,465770.4444444445,92676.0,465169.0,92676.0,466371.8888888889,92676.0,465169.0,92747.5,466973.3333333333,4197.0,411121.14,-8856.0,101554.0,13053.0,4197.0,14876.75,599971.0,14876.75,89437.51,14876.75,54996.0,13313.36,28192.96,92676.0,603198.0,92723.66666666669,,,603198.0,,,,,,,5357.72,101554.0,,,398765.13,385372.63,603199.06,411120.59,56742.95,4820.46,43661.76,86853.3,603197.21,,101359.0,361638.0,4007.0,0.0,12841.64,52155.57,71196.0,14821.62,11426.02,495.54,2838.49,61.57,7185.0,411121.14,260461.54,0.0,1058.57,0.0,0.0,1058.57,,,74771.24,0.0,0.0,72180.87,0.0,2648.91,0.0,0.0,
Saudi Arabia,Islamic Banking,2018,3,2018-Q3,,,41048.0,618862.0,,,,569655.095,56655.2,101928.0,420804.58,,4651.75,17.0,0.0,8359.66,36022.08,4158.0,15045.53,749.22,2160.11,0.0,53.26,0.0,,2675.82,3131.76,237478.73,40334.88,0.0,0.0,,12813.6,0.0,10300.87,32927.36,,9924.96,4629.48,,0.0,21.61,125.78,0.0,10.56,100.18,0.0,50.79,0.0,0.0,0.0,0.0,133.92,87.21,1693.96,0.0,0.0,0.0,,632.63,2.03,0.0,325.87,1444.93,,28443.85,4153.3,0.0,9170.9,0.0,0.0,0.0,9170.9,2596.47,3261.38,0.0,0.0,,0.0,90.9,0.0,0.0,101928.0,470582.0,101928.0,471322.6666666667,92962.0,470582.0,92962.0,472063.3333333333,92962.0,470582.0,92264.0,472804.0,4629.0,420685.62,-8783.0,101928.0,13412.0,4629.0,15072.0,611030.0,15072.0,91630.5,15072.0,28620.0,13524.0,28620.0,92962.0,618862.0,92496.66666666669,,,618862.0,,,,,,,5523.16,101928.0,,,408178.27,388531.93,618861.8,420804.98,56655.2,4764.02,41814.39,94823.21,618861.72,,106116.86,370199.96,4008.0,0.0,15960.25,50277.85,72298.8,23648.52,19272.95,688.78,4354.43,-667.64,10953.0,420685.62,266296.7,0.0,1438.26,0.0,0.0,1438.26,,,77536.54,0.0,0.0,72729.36,0.0,2684.77,0.0,0.0,
Saudi Arabia,Islamic Banking,2018,4,2018-Q4,,,43906.0,632975.0,,,,572950.635,60549.45,99260.0,420947.78,,3938.36,9.0,0.0,9107.75,38149.15,3597.0,15230.63,729.62,2149.49,0.0,41.1,0.0,,2448.23,3197.01,237439.97,42164.94,0.0,0.0,,13546.84,0.0,8345.82,31400.4,,9452.47,4959.93,,0.0,30.49,15.73,0.0,10.19,216.9,0.0,41.81,0.0,0.0,0.0,0.0,139.99,101.95,1709.76,0.0,0.0,0.0,,978.27,2.07,0.0,477.28,1235.5,,36637.85,3390.04,0.0,12541.06,0.0,0.0,0.0,12541.06,3538.81,4504.25,0.0,0.0,,0.0,122.62,0.0,0.0,99260.0,477248.0,99260.0,478109.6666666667,90170.0,477248.0,90170.0,478971.3333333333,90170.0,477248.0,90733.5,479833.0,4960.0,420949.11,-8027.0,99260.0,12987.0,4960.0,15888.0,625918.5,15888.0,90351.5,15888.0,29580.0,13708.0,29580.0,90170.0,632975.0,90545.66666666669,,,632975.0,,,,,,,4358.71,99260.0,,,408066.45,390997.36,632975.91,420947.78,60549.45,5200.36,40400.86,105877.47,632976.01,,106381.23,377825.84,4009.0,0.0,17079.39,54805.08,72875.47,29921.32,24096.78,1106.87,5708.03,-990.37,14925.0,420949.11,267617.1,0.0,2079.0,0.0,0.0,2079.0,,,78855.13,0.0,0.0,70158.04,0.0,2239.84,0.0,0.0,
Saudi Arabia,Islamic Banking,2019,1,2019-Q1,,,48333.0,631962.0,,,,575303.2,64336.47,101581.0,428769.54,,3926.3,1.2,0.0,7334.52,42385.16,3764.1,13134.84,715.44,2255.18,0.0,37.25,0.0,,2422.63,3434.21,242165.46,43215.48,0.0,0.0,,12536.28,0.0,10976.4,30533.92,,9931.18,4958.52,,0.0,34.88,18.25,0.0,0.0,213.8,0.0,38.2,0.0,0.0,0.0,0.0,129.85,184.24,1620.48,0.0,0.0,0.0,,1071.63,2.44,0.0,535.52,1109.24,,5987.46,634.39,0.0,3558.64,0.0,0.0,0.0,3558.64,919.48,842.05,0.0,0.0,,5.48,27.42,0.0,0.0,101581.0,485003.0,101581.0,485220.8055555556,92424.0,485003.0,92424.0,485438.6111111111,92424.0,485003.0,92424.705,485656.4166666667,4959.0,428770.25,-7979.0,101581.0,12938.0,4959.0,16696.0,632468.5,16696.0,90207.0,16696.0,30184.0,13496.0,30184.0,92424.0,631962.0,92424.47,,,631962.0,134841.51,499063.0,130049.0,79187.0,472958.0,361592.0,5604.94,101581.0,,,416376.54,392677.92,631961.45,428769.51,64336.47,5410.41,35107.66,98337.39,631963.05,,97782.0,389530.0,4008.0,0.0,13272.54,54646.26,72724.26,7949.36,5987.46,470.68,1281.29,209.92,4174.0,428770.25,272313.26,0.0,3054.46,0.0,0.0,3054.46,,,80939.93,0.0,0.0,69761.49,428.0,2273.1,0.0,0.0,363339.8
Saudi Arabia,Islamic Banking,2019,2,2019-Q2,,,46864.97,647002.84,,,,583544.4299999999,67857.1,101583.63,436192.39,,4455.89,0.0,0.0,7226.07,43250.76,3931.43,13195.4,1164.0,2042.93,0.0,0.0,0.0,,2418.93,3548.4,247703.75,40815.25,0.0,0.0,,14384.12,0.0,10929.7,31012.66,,10113.12,5416.91,,0.0,3.74,19.16,0.0,0.0,66.51,0.0,44.25,0.0,0.0,1.4,0.0,134.17,220.59,1585.51,0.0,0.0,0.0,,1082.25,2.43,0.0,797.3,1459.6,,11460.79,901.82,0.0,7216.69,0.0,0.0,0.0,7216.69,1459.38,1821.1,0.0,0.0,,3.76,58.03,0.0,0.0,101583.63,486963.25,101583.63,488949.1111111111,92426.82,486963.25,92426.82,490934.9722222223,92426.82,486963.25,92439.365,492920.8333333333,5417.63,436192.39,-7359.37,101583.63,12777.0,5417.63,16946.06,639482.42,16946.06,91473.51,16946.06,31594.61,14636.54,31594.61,92426.82,647002.84,92435.18333333332,,140610.7875,647002.84,142533.88,519606.61,133694.0,86453.0,479399.65,369937.99,4374.41,101583.63,,,423858.44,398765.13,647002.53,436192.39,67857.1,5617.18,34520.78,102815.09,647002.72,,96471.24,404028.81,4008.36,0.0,14957.75,41964.66,85571.91,14947.36,11460.79,836.2,2342.91,307.46,8410.52,436192.39,275408.48,0.0,3289.45,0.0,0.0,3289.45,,,85059.53,0.0,0.0,69681.78,307.0,2446.15,0.0,0.0,369519.57
Saudi Arabia,Islamic Banking,2019,3,2019-Q3,,,47354.0,658114.0,,,,602858.19,71472.64,101799.0,449104.52,,4987.53,0.0,0.0,6621.49,47476.8,4335.88,13172.04,1065.58,2438.2,0.0,125.4,0.0,,2667.33,3404.63,255910.89,40768.21,0.0,0.0,,13541.16,0.0,11570.65,30004.92,,11013.8,5478.33,,0.0,3.75,14.3,0.0,0.0,63.99,0.0,97.52,0.0,0.0,1.4,0.0,149.73,215.91,1662.35,0.0,0.0,0.0,,1171.6,2.46,0.0,345.1,1750.21,,16957.45,1164.91,0.0,10961.96,0.0,0.0,0.0,10961.96,2016.23,2722.07,0.0,0.0,,4.91,87.36,0.0,0.0,101799.0,504836.0,101799.0,506582.0,92477.0,504836.0,92477.0,508328.0,92477.0,504836.0,93263.75,510074.0,5478.33,449104.52,-7277.67,101799.0,12756.0,5478.33,18333.94,652558.42,18333.94,91479.51,18333.94,32773.39,14435.46,32773.39,92477.0,658114.0,93001.5,,146449.29249999998,658114.0,147754.43,528422.89,135376.53,84808.34,491288.15,382016.37,7521.38,101799.0,,,437063.43,408178.27,658113.16,449104.52,71472.64,5923.6,34958.35,96654.06,658111.52,,102508.31,409489.12,4008.36,0.0,12481.54,43056.38,86567.81,22175.79,16957.45,1210.0,3603.67,404.67,12994.0,449104.52,285650.4,0.0,3706.58,0.0,0.0,3706.58,,,89042.03,0.0,0.0,68170.77,340.0,2194.73,0.0,0.0,368284.0
Saudi Arabia,Islamic Banking,2019,4,2019-Q4,,,52097.0,688544.44,,,,626154.4299999999,73406.69,105020.0,466033.5,,4966.42,0.0,0.0,7590.84,44308.64,4868.18,12380.6,1493.47,2653.35,0.0,572.58,0.0,,2978.75,3155.0,273666.63,40656.45,0.0,0.0,,14113.94,0.0,11954.41,30908.23,,9766.01,5567.9,,0.0,0.81,11.77,0.0,0.0,65.48,0.0,87.96,0.0,0.0,1.4,0.0,182.32,161.65,1485.73,0.0,0.0,0.0,,1096.75,1.13,0.0,895.46,1577.45,,22705.66,1445.96,0.0,14952.29,0.0,0.0,0.0,14952.29,2482.88,3705.07,0.0,0.0,,5.6,113.86,0.0,0.0,105020.0,520550.0,105020.0,523020.59777777776,95624.0,520550.0,95624.0,525491.1955555555,95624.0,520550.0,95524.6675,527961.7933333333,5567.73,466033.5,-6959.27,105020.0,12527.0,5567.73,14628.0,673329.22,14628.0,93074.0,14628.0,33512.0,18904.0,33512.0,95624.0,688544.44,95557.77833333334,,159697.4675,688544.44,163678.48,553155.41,138590.75,87468.46,508779.13,394746.65,7871.26,105020.0,,,453804.71,408066.45,688544.92,466033.5,73406.69,6210.3,38815.28,104079.14,688542.24,,129330.23,404665.85,4008.0,0.0,13857.25,46430.85,90250.07,29631.85,22705.66,1583.65,4724.94,617.6,16651.0,466033.5,294974.42,0.0,4040.46,0.0,0.0,4040.46,,,96911.35,0.0,0.0,67820.43,363.0,1923.84,0.0,0.0,384086.0
Saudi Arabia,Islamic Banking,2020,1,2020-Q1,,,51178.74,708154.71,,,,651505.845,73710.24,104808.32,487171.98,,5270.79,0.0,0.0,7801.39,44768.16,4611.98,14183.43,2563.0,2805.68,0.0,614.74,0.0,,2959.95,3085.27,284798.66,41013.11,0.0,0.0,,16431.3,0.0,12737.76,32911.39,,10615.38,6806.94,,0.0,1.11,10.2,0.0,0.0,270.22,0.0,105.59,0.51,0.0,1.4,0.0,160.55,159.49,1595.89,0.0,0.0,0.0,,1719.26,1.09,0.0,984.75,1796.88,,6389.61,718.03,0.0,3741.98,0.0,0.0,0.0,0.0,943.37,958.54,0.0,0.0,,5.03,22.66,0.0,0.0,104808.32,542785.38,104808.32,543907.3377777778,95226.67,542785.38,95226.67,545029.2955555556,95226.67,542785.38,96026.8575,546151.2533333333,6806.94,487171.98,-6819.24,104808.32,13626.18,6806.94,14332.73,698349.57,14332.73,94113.81,14332.73,32034.38,17710.42,32034.38,95226.67,708154.71,95760.12833333333,,156569.4475,708154.71,154199.77,567668.63,137811.58,87705.29,518028.62,417367.2,8449.29,104808.32,,,473259.65,416376.54,708154.71,487171.98,73711.24,10385.17,37730.29,99156.02,708154.71,92057.16,37866.38,429626.77,4036.0,0.0,15781.49,35210.28,93576.61,8411.36,6389.61,561.11,1494.51,-33.87,3583.18,483931.35,309925.41,0.0,914.75,0.0,0.0,0.0,,,102863.25,0.0,0.0,68015.84,440.29,1771.82,0.0,0.0,391901.0
Saudi Arabia,Islamic Banking,2020,2,2020-Q2,,,49022.55,740573.26,,,,674769.65,79022.51,108158.14,510609.9,,5593.01,0.0,0.0,6952.99,46564.18,4388.71,15636.39,3012.0,5637.53,0.0,628.99,0.0,,3038.33,3483.13,300370.23,41493.38,0.0,0.0,,17402.4,0.0,12607.73,33390.73,,10410.17,7277.44,,0.0,1.52,20.9,0.0,0.0,272.56,0.0,42.12,77.03,0.0,1.4,0.0,155.78,159.21,1897.22,0.0,0.0,0.0,,1696.96,0.43,0.0,1211.5,1740.8,,11834.07,1031.71,0.0,7317.06,0.0,0.0,0.0,0.0,1392.51,2046.61,0.0,0.0,,6.12,40.06,0.0,0.0,108158.14,552883.0,108158.14,554916.4866666667,98427.42,552883.0,98427.42,556949.9733333334,98427.42,552883.0,99493.7475,558983.46,7277.44,510609.9,-6696.12,108158.14,13973.56,7277.44,15617.0,724363.98,15617.0,95190.26,15617.0,31772.98,16164.1,31772.98,98427.42,740573.26,99138.305,,164872.495,740573.26,168430.07,592532.76,142118.53,95791.66,543245.39,441110.89,9958.17,108158.14,,,493404.41,423858.44,740573.26,510609.9,79022.51,10623.3,31564.23,108753.32,740573.26,94308.73,24779.39,457300.05,4010.0,0.0,26372.38,36998.79,96803.92,15397.31,11834.07,964.12,2406.11,193.01,7487.43,507419.03,325169.09,0.0,879.49,0.0,0.0,0.0,,,107171.57,0.0,0.0,72289.5,389.96,1519.43,0.0,0.0,417684.0
Saudi Arabia,Islamic Banking,2020,3,2020-Q3,,,50517.7,762355.37,,,,702622.6499999999,85232.83,112659.23,530467.44,,5381.17,0.0,0.0,7198.8,45449.81,4275.02,17820.55,2941.0,5557.1,0.0,718.6,0.0,,3062.88,3472.99,318951.43,42116.14,0.0,0.0,,18096.71,0.0,12661.0,32068.76,,10695.47,6374.34,,0.0,1.0,29.6,0.0,0.0,255.86,0.64,35.53,74.42,5.11,0.0,2.2,199.38,159.07,1346.24,0.0,0.0,0.0,,1727.36,0.0,0.0,1025.24,1512.68,,17469.71,1294.31,0.0,11168.49,0.0,0.0,0.0,0.0,1851.64,3092.52,0.0,0.0,,6.15,56.6,0.0,0.0,112659.23,571184.38,112659.23,574391.9711111111,102692.73,571184.38,102692.73,577599.5622222222,102692.73,571184.38,103577.415,580807.1533333333,6374.35,530467.45,-7362.47,112659.23,13736.81,6374.35,16781.46,751464.31,16781.46,98937.38,16781.46,34264.47,17088.69,34264.47,102692.73,762355.37,103282.52,,167839.1975,762355.37,167642.24,612696.72,144914.71,99466.35,557146.61,456497.3,9717.08,112659.23,,,513688.38,437063.43,762355.37,530467.45,85232.83,10561.33,31026.34,105067.42,762355.38,96687.74,34082.2,463377.16,4026.0,0.0,28957.08,34154.35,101070.84,22832.24,17469.71,1315.97,3735.53,311.04,11682.8,527191.9,341856.83,0.0,905.73,0.0,0.0,0.0,,,110596.5,0.0,0.0,71640.77,457.22,1734.85,0.0,0.0,430300.39
Saudi Arabia,Islamic Banking,2020,4,2020-Q4,,,53866.84,813534.53,,,,730950.375,88630.9,116765.65,566312.9,,5717.79,0.0,0.0,10567.46,42625.29,4299.22,22579.33,3157.0,6097.69,0.0,759.46,0.0,,3021.42,3533.76,346133.93,47833.99,0.0,0.0,,17889.31,0.0,11304.75,31105.32,,9687.18,7385.09,,0.0,0.79,44.3,0.0,0.0,313.9,0.64,37.45,74.79,5.12,0.0,2.06,200.34,158.87,1523.41,0.0,0.0,0.0,,1660.33,0.0,0.0,1602.92,1760.17,,23534.81,1485.48,0.0,15566.33,0.0,0.0,0.0,15566.33,2314.87,4088.51,0.0,0.0,,8.51,71.11,0.0,0.0,116765.65,600052.7,116765.65,604631.3788888889,106231.47,600052.7,106231.47,609210.0577777778,106231.47,600052.7,106787.6175,613788.7366666667,7385.09,566312.9,-8292.68,116765.65,15677.77,7385.09,15463.1,787944.95,15463.1,102856.32,15463.1,37946.83,22944.41,37946.83,106231.47,813534.53,106602.235,,181428.4325,813534.53,186023.83,661221.08,158766.37,99881.18,588365.98,493494.26,10577.25,116765.65,,,538301.19,453804.71,813534.53,566312.9,88630.9,13514.8,29780.03,115295.9,813534.53,105598.64,55487.21,481814.51,4010.0,0.0,27630.1,34352.77,104641.31,31063.86,23534.81,1704.4,5408.36,416.28,15548.57,566312.92,374440.52,0.0,4208.23,0.0,0.0,4208.23,,,113468.05,0.0,0.0,71682.8,667.62,1845.7,0.0,0.0,468824.0
Saudi Arabia,Islamic Banking,2021,1,2021-Q1,,,55243.29,869287.64,,,,771052.3500000001,98784.53,119341.34,620528.35,,5983.6,0.0,0.0,9386.3,49247.24,4954.22,22746.08,3318.0,6245.79,0.0,809.39,0.0,,2737.01,3487.06,384724.67,50123.96,0.0,0.0,,18626.41,0.0,12529.66,33203.85,,12405.12,7546.75,,0.0,0.69,45.58,0.0,0.0,315.88,0.67,34.02,5.56,5.45,0.0,2.14,161.94,147.36,1841.12,0.0,0.0,0.0,,1610.85,0.0,0.0,1621.83,1753.66,,7140.81,786.34,0.0,4534.44,0.0,0.0,0.0,4534.44,855.83,940.15,0.0,0.0,,10.61,13.44,0.0,0.0,119341.34,641260.81,119341.34,653677.1255555556,108456.06,641260.81,108456.06,666093.4411111112,108456.06,641260.81,109973.1825,678509.7566666667,7546.75,620528.42,-9350.1,119341.34,16896.86,7546.75,20946.2,841411.09,20946.2,105754.54,20946.2,38578.89,17625.15,38578.89,108456.06,869287.64,109467.475,,186380.02,869287.64,186498.75,708570.73,156560.13,104168.42,616006.07,542312.8,10798.97,119341.34,,,601294.99,473259.65,869287.64,620528.42,98784.53,10150.38,33541.11,106283.2,869287.64,106376.95,70727.06,512738.72,4024.0,0.0,29280.7,39272.93,106867.28,9854.19,7140.81,593.36,1836.37,283.65,5236.55,620528.42,418673.09,0.0,4089.24,0.0,0.0,4089.24,,,120108.81,0.0,0.0,74898.21,855.58,1903.49,0.0,0.0,512233.6
Saudi Arabia,Islamic Banking,2021,2,2021-Q2,,,53479.78,913743.79,,,,806283.49,109742.58,125670.91,663329.88,,3545.77,5832.06,2295.62,8221.1,61006.13,40.81,20313.57,0.0,7494.1,878.46,2973.03,2.87,,6446.11,3357.82,412259.37,44094.91,0.38,0.0,,23963.76,1280.82,13169.03,32271.14,,13883.04,7868.05,,0.0,0.0,121.51,0.0,0.0,279.41,0.0,71.0,4.79,5.54,2.4,2.13,207.46,164.81,1798.12,0.0,0.0,0.0,,1595.18,0.0,0.0,1671.75,1943.94,,13627.99,987.38,0.0,9370.36,0.0,0.0,0.0,9370.36,1298.85,1932.86,0.0,0.0,,13.27,25.27,0.0,0.0,125670.91,753007.65,125670.91,746074.8611111111,114524.55,753007.65,114524.55,739142.0722222222,114524.55,753007.65,116365.035,732209.2833333333,7868.05,663329.88,-9801.08,125670.91,17669.14,7868.05,22221.66,891515.72,22221.66,96635.48,22221.66,32739.11,10710.84,32739.11,114524.55,913743.79,116064.04,,185501.3025,913743.79,185168.82,730982.86,166570.6,122579.37,645236.75,573032.13,4103.69,125670.91,,,647616.87,493404.41,913743.79,663329.88,109742.58,9874.91,27516.51,103279.91,913743.76,109141.38,100332.08,517628.72,4079.0,0.0,30514.08,41954.5,110094.0,18456.17,13627.99,1030.61,3368.05,429.51,10791.97,663329.88,454638.06,0.0,4197.26,0.0,0.0,4197.26,,,125720.39,0.0,0.0,76351.02,885.15,1538.0,0.0,0.0,546139.24
Saudi Arabia,Islamic Banking,2021,3,2021-Q3,,,59556.58,959677.0,,,,832909.27,119216.34,134218.09,700814.72,,3540.14,11840.67,4368.08,8712.54,58217.58,131.67,9703.24,92.74,8128.03,697.52,3541.98,43.83,,14248.0,3703.24,441754.36,44236.86,0.38,0.0,,21890.42,711.56,14123.69,38078.76,,13049.44,8197.25,,1.0,5.21,136.76,2.38,0.0,283.79,0.0,379.27,4.91,5.83,4.32,2.3,209.68,161.48,1956.91,0.0,0.0,0.0,,1624.18,0.0,0.0,1484.91,1934.35,,20636.82,1317.24,0.0,14479.43,0.0,0.0,0.0,14479.43,1797.92,2992.28,0.0,0.0,,14.33,35.61,0.0,0.0,134218.09,690612.55,134218.09,694559.9388888889,123761.49,690612.55,123761.49,698507.3277777778,121886.49,690612.55,123026.2075,702454.7166666667,8197.25,700814.72,-10405.64,134218.09,18602.9,8197.25,23179.51,936710.39,23179.51,114716.74,23179.51,41410.22,18214.6,41410.22,123761.49,959677.0,124521.30166666668,,191132.145,959677.0,193119.92,766422.39,174516.09,127328.46,682150.32,600263.86,4047.21,134218.09,,,672668.9,513688.4,959677.0,700814.72,119216.34,9822.49,29754.21,100069.24,959677.0,107433.52,123598.04,522250.69,3015.68,0.0,39489.62,44550.97,119338.48,27526.61,20636.82,1435.58,4929.54,524.67,16586.84,700814.72,484802.75,0.0,4585.14,0.0,0.0,4585.14,,,130107.55,0.0,0.0,79051.3,917.14,1350.83,0.0,0.0,582684.44
Saudi Arabia,Islamic Banking,2021,4,2021-Q4,,,62658.17,1010828.71,,,,862131.865,122018.98,141151.94,742987.83,,3372.33,13172.27,4572.58,11223.68,60459.21,247.68,9709.15,90.26,7779.74,630.64,4876.23,49.63,,17393.5,3802.11,468189.28,41612.26,0.43,0.0,,26532.86,1831.81,15118.65,37727.68,,14595.88,7613.9,,1.17,7.01,140.58,2.66,20.25,244.74,3.0,148.5,5.18,6.07,3.88,2.57,216.26,117.23,1991.19,0.0,0.0,0.0,,1455.47,0.0,0.0,1573.86,1674.3,,27635.92,1446.46,0.0,19807.59,0.0,0.0,0.0,19807.59,2266.86,4054.69,0.0,0.0,,14.53,45.79,0.0,0.0,141151.94,726139.05,141151.94,729649.0111111111,128320.36,726139.05,128320.36,733158.9722222222,126445.36,726139.05,129344.53,736668.9333333333,7613.9,742987.83,-11251.64,141151.94,18865.54,7613.9,23650.8,985252.85,23650.8,121616.72,23650.8,42315.66,18645.07,42315.66,128320.36,1010828.71,130253.14,,200884.9475,1010828.71,203473.29,802484.4,176904.33,134889.53,722030.46,627444.13,3198.38,141151.94,,,712682.06,538301.19,1010828.69,742987.83,122018.98,10016.78,26346.93,109458.18,1010828.7,110606.59,146789.36,535883.58,5010.41,0.0,44475.16,44168.63,123894.97,36859.45,27635.92,1741.24,6659.56,822.73,22499.54,742987.83,522133.03,0.0,4018.29,0.0,0.0,4018.29,,,135198.85,0.0,0.0,79446.76,905.52,1285.37,0.0,0.0,623671.9
Saudi Arabia,Islamic Banking,2022,1,2022-Q1,,,72432.05,1057905.85,,,,895441.16,136018.33,153118.88,782100.8,,3445.04,12717.25,4306.0,13021.64,64153.72,255.76,10560.32,83.6,7826.65,741.04,4572.76,46.7,,19781.02,3734.3,500078.26,41820.5,0.35,0.0,,26341.72,2658.4,15891.04,38069.25,,11995.47,8158.77,,1.14,34.5,115.92,2.18,0.0,381.0,3.0,85.68,3.98,6.02,3.39,3.16,215.77,16.94,2319.51,0.0,0.0,0.0,,1379.09,0.0,0.0,1905.81,1681.69,,8371.15,907.07,0.0,5471.23,0.0,0.0,0.0,5471.23,843.59,1126.98,0.0,0.0,,13.4,8.88,0.0,0.0,153118.88,757728.7,153118.88,762575.9588888888,139917.04,757728.7,139917.04,767423.2177777777,138042.04,757728.7,137276.75,772270.4766666667,8158.77,782100.8,-11318.59,153118.88,19477.36,8158.77,25970.12,1034367.28,25970.12,77706.59,25970.12,44058.74,18079.15,44058.74,139917.04,1057905.85,140490.18,,207693.72,1057905.85,209100.53,817543.64,180749.44,136480.14,742217.5,667860.74,4393.39,153118.88,,,752822.02,601295.1,1057905.85,782100.8,136018.33,9791.13,21462.78,108532.81,1057905.85,110922.33,154223.67,536514.77,11523.0,0.0,63123.57,52057.16,129541.35,11627.19,8371.15,594.14,2079.67,582.22,6492.53,782100.8,555459.46,0.0,4466.82,0.0,0.0,4466.82,,,139608.36,0.0,0.0,80384.05,945.26,1236.86,0.0,0.0,657628.15
Saudi Arabia,Islamic Banking,2022,2,2022-Q2,,,79535.54,1130622.18,,,,935842.315,144591.71,156980.7,823443.75,,3607.31,13176.32,4786.86,16247.23,72195.29,354.85,9408.41,72.94,9528.57,945.75,4764.84,52.72,,24459.87,3490.88,518007.88,40078.73,189.14,4236.16,,24175.99,2924.02,18101.48,41020.86,,11617.65,8415.79,,0.5,4.59,134.25,2.12,0.0,531.77,2.6,70.61,3.11,3.53,4.31,2.83,295.35,16.94,2294.56,0.0,57.21,0.34,,1902.17,0.0,0.0,1206.4,1882.61,,16620.14,1457.93,0.0,11425.11,0.0,0.0,0.0,11425.11,1406.76,2298.77,0.0,0.0,,11.98,19.6,0.0,0.0,156980.7,801354.03,156980.7,803703.02,143355.88,801354.03,143355.88,806052.01,134980.88,801354.03,135949.1075,808401.0,8415.79,823443.75,-9714.05,156980.7,18129.84,8415.79,26118.18,1094264.01,26118.18,137971.24,26118.18,44559.42,18001.42,44559.42,143355.88,1130622.18,144001.365,,231938.78,1130622.18,239551.53,867468.09,195689.58,147518.2,790263.55,709416.48,4201.09,156980.7,,,789686.77,647617.15,1130622.18,823443.75,144591.71,9560.77,20096.14,132929.8,1130622.18,108420.34,180463.4,573521.45,11522.2,0.0,70852.15,52442.07,133400.67,22333.61,16620.14,1023.37,3982.84,707.25,13022.08,823443.74,590694.19,0.0,5214.68,0.0,0.0,5214.0,,,143970.35,0.0,0.0,81534.75,952.41,1077.37,0.0,0.0,709779.05
Saudi Arabia,Islamic Banking,2022,3,2022-Q3,,,93058.21,1174005.46,,,,971215.11,151116.43,161241.65,875434.04,,3776.74,13307.69,4684.22,17931.96,72105.69,848.61,9744.88,18263.03,12307.18,894.09,4994.85,51.91,,27161.38,3213.47,541714.72,39761.85,94.64,4182.67,,26158.44,3352.15,19058.43,39366.26,,12459.18,8172.96,,0.97,29.48,97.54,2.43,0.0,328.8,7.22,652.42,0.0,0.34,20.14,2.55,297.5,16.94,2466.49,0.0,57.91,0.32,,1571.47,0.0,0.0,821.47,1798.95,,24651.97,1973.5,0.0,16996.31,0.0,0.0,0.0,16996.18,2048.22,3586.87,0.0,0.0,,12.57,34.5,0.0,0.0,161241.65,822494.94,161241.65,826043.6188888889,147228.79,822494.94,147228.79,829592.2977777778,138853.79,822494.94,139720.945,833140.9766666667,8172.96,875434.04,-9775.74,161241.65,17948.7,8172.96,21950.16,1152313.82,21950.16,142006.53,21950.16,45953.92,16964.49,45953.92,147228.79,1174005.46,149473.56,,233773.9425,1174005.46,231848.08,870973.57,199470.78,151966.38,813914.62,739352.19,4402.67,161241.65,,,822788.95,672668.9,1171216.48,875433.97,151116.43,9130.75,16769.81,118765.53,1171216.38,108708.07,191423.63,568336.63,11553.18,0.0,108025.18,45557.29,137612.4,32704.87,24651.97,1263.79,5851.03,938.08,18509.62,875433.97,631116.26,0.0,5372.71,0.0,0.0,5372.71,,,149890.69,0.0,0.0,86917.28,906.07,1230.96,0.0,0.0,740626.51
Saudi Arabia,Islamic Banking,2022,4,2022-Q4,,,104203.37,1208194.05,,,,988248.865,156417.18,175028.7,894181.64,,3454.71,15682.74,4739.27,21428.7,68190.62,897.12,11856.28,25711.3,12515.48,1333.4,5785.04,99.12,,27473.64,4009.0,543482.58,36064.05,94.64,4182.67,,27756.77,3825.07,19612.09,44075.66,,11911.68,8491.57,,0.63,29.3,162.28,2.39,0.21,310.66,2.23,585.45,0.0,20.65,19.13,2.48,156.57,18.0,2992.08,0.0,62.02,0.0,,1834.42,0.0,0.0,785.67,1507.4,,36751.1,2665.11,0.0,26309.68,0.0,0.0,0.0,26309.68,2715.04,4996.28,0.0,0.0,,11.82,53.16,0.0,0.0,175028.7,854433.05,175028.7,857817.92,160697.41,854433.05,160697.41,861202.79,142322.41,854433.05,142520.94,864587.66,8491.57,894181.64,-9081.94,175028.7,17573.51,8491.57,32018.69,1191099.76,32018.69,151610.87,32018.69,46325.43,20885.84,46325.43,160697.41,1208194.05,160829.76333333334,,242459.8375,1208194.05,245997.09,907190.25,207085.7,152681.43,835736.66,757572.55,5235.69,175028.7,,,836030.18,712682.25,1208194.05,894181.68,156417.18,9427.79,29387.21,118780.18,1208194.05,128917.89,234934.15,536355.34,21543.8,0.0,100811.56,43021.97,142609.35,47516.46,36751.1,1831.96,7675.24,1258.16,26514.29,894181.68,646799.55,0.0,5849.54,0.0,0.0,5849.54,,,151445.14,0.0,0.0,87780.82,942.61,1364.02,0.0,0.0,762366.02
Saudi Arabia,Islamic Banking,2023,1,2023-Q1,,,115147.43,1244743.83,,,,1015984.69,166768.0,176217.33,915415.47,,3476.98,14850.03,4495.13,25819.81,77601.87,1024.07,12766.64,21530.3,13130.38,1271.51,6225.95,103.3,,28335.06,3759.39,543265.36,37195.24,93.66,4481.52,,30057.14,4159.38,23335.07,47132.76,,11304.94,9530.09,,1.72,174.02,188.98,0.18,0.33,307.6,2.0,591.07,0.0,0.89,25.97,3.58,202.6,235.17,3424.48,0.0,63.03,0.0,,2089.7,0.0,0.0,750.2,1468.56,,13045.38,2209.95,0.0,8033.95,0.0,0.0,16598.765,8033.95,1356.58,1407.37,0.0,0.0,,14.28,23.25,0.0,0.0,176217.33,884896.88,176217.33,885677.3277777778,161491.53,884896.88,161491.53,886457.7755555556,143116.53,884896.88,142797.4425,887238.2233333334,9530.07,915415.47,-8207.94,176217.33,17738.01,9530.07,26309.17,966644.13,26309.17,127545.88,26309.17,44318.15,18022.67,44318.15,161491.53,1244743.83,162445.47166666668,,250109.61,1244743.83,251480.45,921255.2,207823.43,149552.62,856398.61,780912.64,5387.84,176217.33,,,852806.53,752822.02,1244743.83,915415.47,166768.0,10099.7,19466.27,132994.39,1244743.83,147696.4,230051.14,542721.16,21584.3,0.0,110134.72,48615.39,143940.72,16542.41,13045.38,905.88,2180.99,410.16,6577.29,915415.47,660098.82,0.0,6175.83,0.0,0.0,6175.83,,,156438.37,0.0,0.0,90384.02,898.93,1419.49,0.0,0.0,776196.37
Saudi Arabia,Islamic Banking,2023,2,2023-Q2,,,117415.29,1271268.64,,,,1039610.005,172403.98,181886.27,932462.06,,4684.85,14588.39,4501.24,21338.09,82349.38,1827.5,14108.22,22884.39,11640.67,1574.62,6773.24,80.34,,31712.92,3907.0,546535.11,35544.48,468.88,4479.76,,31296.9,4828.43,25177.88,49489.0,,12670.77,9527.77,,1.36,178.87,188.35,0.19,0.54,366.91,0.01,567.78,0.0,0.13,42.43,3.62,628.2,241.0,3137.58,0.0,62.69,0.0,,2080.36,0.0,0.0,733.19,1294.55,,23945.97,1692.63,0.0,16656.33,0.0,0.0,16284.56,16656.33,2004.56,3526.14,0.0,0.0,,15.56,50.76,0.0,0.0,181886.27,891920.91,181886.27,895667.9266666668,167215.18,891920.91,167215.18,899414.9433333334,141840.18,891920.91,141736.4625,903161.96,9527.77,932462.06,-8285.26,181886.27,17813.03,9527.77,27774.68,1258006.23,27774.68,163521.8,27774.68,45465.64,17712.99,45465.64,167215.18,1271268.64,167146.035,,253048.1825,1271268.64,253570.76,958181.56,218828.81,146633.69,886749.94,791969.53,3596.55,181886.27,,,869130.46,789686.77,1271268.64,932462.06,172403.98,10259.44,16988.27,139154.89,1271268.64,177979.56,238314.69,541022.41,25339.38,0.0,98464.58,40045.17,150102.85,30375.51,23945.97,1608.08,4038.76,782.71,13520.96,932462.06,668487.19,0.0,6649.0,0.0,0.0,6649.0,,,161478.01,0.0,0.0,93308.42,987.35,1552.08,0.0,0.0,784520.25
Saudi Arabia,Islamic Banking,2023,3,2023-Q3,,,123158.19,1301194.28,,,,1072934.5550000002,183039.53,181663.41,959642.76,,4294.69,16599.28,4182.65,37728.68,89844.37,2469.85,15168.02,23278.58,14098.29,1828.12,7690.97,106.37,,19386.28,3206.0,547751.9,35495.48,0.0,4477.31,,32115.04,5776.75,27045.67,52794.7,,14303.75,9422.94,,1.38,158.89,285.96,1.27,1.6,379.89,10.39,601.17,0.0,0.13,42.46,3.09,168.78,237.52,3029.31,0.0,67.32,0.0,,2579.7,0.0,0.0,330.31,1523.77,,35559.04,2346.91,0.0,25719.14,0.0,0.0,16391.2,25719.14,2863.87,4530.48,0.0,0.0,,16.48,82.16,0.0,0.0,181663.41,925644.06,181663.41,927003.5155555556,166800.31,925644.06,166800.31,928362.9711111112,141425.31,925644.06,144126.4275,929722.4266666668,9422.94,959642.76,-9313.88,181663.41,18736.82,9422.94,22745.47,1286231.46,22745.47,166643.58,22745.47,46405.41,17987.84,46405.41,166800.31,1301194.28,167767.72166666668,,247659.6425,1301194.28,245689.27,955179.18,222492.89,145467.01,894660.01,812369.37,3788.4,181663.41,,,885765.76,822788.95,1301194.28,959642.76,183039.53,10272.92,17670.65,130568.42,1301194.28,178738.57,242695.33,540549.7,25424.64,0.0,116016.14,47585.95,150183.96,44573.28,35559.04,2303.85,5669.81,1040.59,19207.33,959642.76,686891.98,0.0,7096.34,0.0,0.0,7096.34,,,167276.96,0.0,0.0,95749.08,884.84,1743.56,0.0,0.0,801483.27
Saudi Arabia,Islamic Banking,2023,4,2023-Q4,,,129539.16,1317470.17,,,,1090866.9,188542.96,187651.06,969536.89,,3672.2,17828.22,4667.5,38757.75,86995.84,2541.76,15845.55,23685.89,12805.82,2012.72,8151.39,242.19,,20280.05,3901.0,554450.87,36048.35,372.26,1138.95,,33551.95,5937.25,28032.48,54109.59,,14507.28,10129.29,,1.37,114.36,316.7,10.47,1.61,559.76,11.13,518.69,0.0,0.25,42.25,4.55,163.61,228.0,3035.52,0.0,15.16,0.0,,2561.36,34.24,0.0,363.18,2147.06,,48474.58,3029.67,0.0,35562.77,0.0,0.0,16855.114999999998,35562.77,3434.71,6314.06,0.0,0.0,,14.77,118.6,0.0,0.0,187651.06,937879.16,187651.06,943171.2711111112,172604.78,937879.16,172604.78,948463.3822222224,152229.78,937879.16,153295.89250000002,953755.4933333334,10129.3,969536.89,-8717.84,187651.06,18847.14,10129.3,34157.52,1309332.23,34157.52,169725.42,34157.52,47389.87,18981.21,47389.87,172604.78,1317470.17,173315.52166666667,,243667.33,1317470.17,242993.35,978182.26,224066.76,158981.89,908216.95,826281.29,8682.24,187651.06,,,894061.94,836030.18,1317470.17,969536.89,188542.96,10414.23,21894.01,127082.08,1317470.17,180688.26,243322.25,557226.57,25345.42,0.0,110587.42,44033.72,156266.53,60095.45,48474.58,3001.53,7347.97,1271.36,27746.71,969536.89,693672.39,0.0,6898.34,0.0,0.0,6898.34,,,168192.95,0.0,0.0,97965.34,936.97,1870.91,0.0,0.0,808098.27
Saudi Arabia,Islamic Banking,2024,1,2024-Q1,,,134933.25,1363326.61,,,,1122539.6800000002,195155.05,191932.08,994911.81,,3230.64,17966.54,5220.42,40106.7,96473.11,4353.19,16989.52,22147.56,14286.42,2338.7,6337.91,266.24,,20479.67,0.0,558872.06,37407.23,432.47,4556.07,,33516.54,6570.49,32390.54,57221.48,,13748.31,9921.91,,1.25,194.48,277.18,25.06,0.22,532.88,12.72,541.77,0.0,0.43,15.37,4.39,417.74,0.0,3526.32,0.0,93.75,0.0,,1867.52,46.47,0.0,588.06,1776.3,,14624.18,1345.38,0.0,10066.2,0.0,0.0,0.0,10066.2,1488.51,1669.78,0.0,0.0,,17.7,36.62,0.0,0.0,191932.08,985508.16,191932.08,988564.3377777778,176869.23,985508.16,176869.23,991620.5155555556,156494.23,985508.16,155592.2475,994676.6933333334,9921.91,994911.81,-7875.25,191932.08,17797.16,9921.91,29777.34,1340398.39,29777.34,176262.4,29777.34,48091.66,18336.48,48091.66,176869.23,1363326.61,178351.49166666667,,230080.5175,1363326.61,225776.24,996305.2,199651.69,143320.83,948749.11,855273.24,4033.4,191932.08,,,919821.63,852806.97,1363326.61,994911.81,195155.05,10674.54,19945.09,142640.12,1363326.61,198103.12,244559.4,577706.02,31952.9,0.0,97107.21,52908.19,160989.7,18105.84,14624.18,1165.39,1801.18,515.09,7444.34,994911.81,714074.64,0.0,7748.03,0.0,0.0,7748.03,,,172733.69,0.0,0.0,97511.27,953.09,1891.08,0.0,0.0,835993.11
Saudi Arabia,Islamic Banking,2024,2,2024-Q2,,,147083.11,1411725.83,,,,1151302.38,230436.46,201083.51,1015420.24,,3318.97,19062.09,5443.96,37035.38,101393.61,4371.82,16691.74,22255.82,14646.57,2584.66,6634.31,280.74,,19643.32,0.0,567439.09,39023.54,1.0,4886.14,,33358.72,6954.1,34981.86,60244.85,,15167.94,9160.74,,3.74,159.06,320.41,35.75,0.26,527.95,16.76,15.39,0.0,7.2,34.57,5.63,740.29,240.0,2827.94,0.0,0.0,0.0,,1520.51,58.03,26.06,546.19,2074.98,,7793.2,2127.29,0.0,0.0,0.0,0.0,0.0,0.0,2129.72,3442.17,0.0,0.0,,18.95,75.07,0.0,0.0,201083.51,1013013.76,201083.51,1016082.5022222224,185762.8,1013013.76,185762.8,1019151.2444444444,152886.3,1013013.76,153531.7375,1022219.9866666668,9160.74,1015420.24,-7865.39,201083.51,17026.13,9160.74,31645.44,1387526.22,31645.44,165840.03,31645.44,41715.57,10089.07,41715.57,185762.8,1411725.83,186193.075,,249763.6025,1411725.83,257759.39,1044335.73,214091.5,152457.2,984012.57,890525.54,2903.84,201083.51,,,941314.7,869130.46,1411725.83,1015420.24,230436.46,8876.03,28920.36,128072.75,1411725.83,178981.95,235983.64,643062.29,35661.51,0.0,101473.0,50168.02,166395.42,35203.26,28397.38,1857.7,3927.49,1020.69,15355.7,1015420.24,724988.85,0.0,8279.13,0.0,0.0,8279.13,,,176345.92,0.0,0.0,102650.7,1122.84,2032.8,0.0,0.0,865516.99
Saudi Arabia,Islamic Banking,2024,3,2024-Q3,,,150215.43,1471272.23,,,,1193870.3,225462.42,203975.55,1061971.23,,3204.79,19460.8,6195.51,43900.28,110686.35,4713.57,18808.52,20816.5,14805.73,2822.44,7366.55,319.9,,23836.15,0.0,585147.19,40824.02,431.8,4857.28,,33646.8,6978.08,34153.33,63062.06,,15933.57,9447.09,,3.75,162.53,369.81,33.79,0.96,511.5,24.43,23.31,0.0,7.2,96.92,6.54,92.05,245.0,3071.21,0.0,152.18,0.0,,1456.76,1.61,0.34,691.25,2495.93,,43202.81,2846.55,0.0,32102.07,0.0,0.0,0.0,32102.07,2704.06,5403.81,0.0,0.0,,20.94,125.38,0.0,0.0,203975.55,1040632.44,203975.55,1040632.44,188344.45,1040632.44,188344.45,1040632.44,155468.05,1040632.44,155468.05,1040632.44,9447.09,1061971.23,-8200.25,203975.55,17647.34,9447.09,34380.89,1441499.03,34380.89,190734.18,34380.89,54883.99,20508.31,54883.99,188344.45,1471272.23,188344.45,,261731.91500000004,1471272.23,263056.09,1072019.05,228104.49,165362.63,1018616.67,925946.67,1848.46,203975.55,,,986627.27,885765.76,1471272.23,1061971.23,225462.42,7873.49,34073.72,141891.38,1471272.3,185945.6,233508.65,654429.86,36392.87,0.0,135987.96,55301.21,169706.15,53338.21,43202.81,2624.61,5937.2,1573.59,23950.92,1061971.12,758818.04,0.0,9207.7,0.0,0.0,9207.7,,,182889.15,0.0,0.0,107820.03,1215.31,2020.88,0.0,0.0,902570.6
