Country,Year,Quarter,Year_Quarter,"(a) agriculture, forestry, hunting and fishing",(b) mining and quarrying,(c) manufacturing,"(d) electricity, gas, steam and air-conditioning supply",(e) water supply; sewerage and waste management,(f)construction,(g) wholesale and retail trade; repair of motor vehicles and motorcycles,(h) transportation and storage,(i),(i)accommodation and food service activities,(ii),(iii),(j)information and communication,(k) financial and insurance activities ,(l)real estate activities,"(m)  professional, scientific and technical activities",(n) administrative and support service activities,(o) public administration and defense; compulsory social security,(p) education,(q) human health and social work activities,"(r)arts, entertainment and recreation",(s) other service activities (export),(t) activities of households as employers,(t*)    other financing of households,(u) activities of extraterritorial organisations and bodies      ,(u*)   financing to nonresidents,All other assets,All other liabilities,Available stable funding (ASF),Average equity,Average total assets,CAR ,CET1 capital,Capital and reserves,Capital to assets (balance sheet definition),Commodity Murābahah / Tawwaruq,Common Equity Tier 1 (CET1) capital to RWA,Cost to income ,Diminishing Mushārakah,Earnings before taxes and Zakat,Exposure,FX financing,FX funding ,Fee based,Financing based,Foreign-currency denominated financing to total financing  ,Foreign-currency denominated funding to total funding,Gross NPF,Gross income,Gross nonperforming financing (NPF) ratio,Growth of financing to private sector,Ijārah/Ijārah Muntahia Bittamlīk,Income distributed to IAH,Income distributed to investment account holder (IAH) out of total income from assets funded by profit-sharing investment accounts (PSIAs),Interbank financing,Interbank funding/liabilities,"Investment based (Sukūk, other Sharī`ah-compliant securities etc.)",Istisnā`,Leverage (regulatory definition) ,Liquid assets,Liquid assets ratio,Liquid assets to short-term liabilities,Liquidity coverage ratio (LCR),Murābahah,Murābahah ,Mushārakah,Muḍārabah,Net FX open position ,Net NPF,Net foreign exchange open position to capital,"Net income (before extraordinary items, taxes, and Zakat)","Net income (before extraordinary items, taxes, and Zakat)-Annualised",Net nonperforming financing (net NPF) to capital ,Net profit margin,Net stable funding ratio (NSFR),"Nonremunerative funding (current account, Wadī`ah)",Number of ATMs,Number of Islamic banks,Number of domestic branch offices,Number of employees,Off-balance sheet items,Operating costs,Other ,Other Sharī`ah-compliant securities,Other Sharī`ah-compliant securities issued,"Other remunerative funding (Murābahah, Commodity Murābahah etc.)",Others,Others ,Profit-sharing investment accounts (PSIA),Provisions,Provisions for gross nonperforming financing (NPF),Qarḍ Hassan,RWA,Required stable funding (RSF),Return on assets (ROA),Return on equity (ROE),Risk-weighted assets (RWA),Salam,Short-term liabilities,Stock of Sharī`ah-compliant  high quality liquid assets,Sukūk holdings,Sukūk issued,Tier 1 capital,Tier 1 capital to RWA ,Total Sharī`ah-compliant financing (excluding interbank financing),Total assets,Total assets ,Total financing,Total financing ,Total financing at end of current period,Total financing at end of same period in previous year ,Total funding,Total funding/liabilities and equities,Total income from assets funded by PSIA,Total net cash outflows over the next 30 calendar days,Total off-balance sheet items to total assets,Total regulatory capital,Total regulatory capital (or balance sheet capital),Total returns,Total revenues ,Value of Sharī`ah-compliant financing,Value of Sukūk holdings to capital,Value of gross NPF,Wakālah
Bangladesh,2013,4,2013-Q4,16880.01,194.8,389297.47,8701.02,60.0,20297.79,307894.96,25185.45,14.476666666666667,6684.11,0.0,3427.67,1355.74,19311.0,70785.53,8781.01,89.71,1126.08,1082.6,4119.35,721.65,25292.61,2562.93,10291.13,0.52,101.97,188053.98,71989.13,1834876.35,102501.82,1361995.55,12.06,79210.32,117762.8,6.3,3.48,13.95,34.83,206.56,23419.9,1978443.2,46747.28,23736.52,10694.43,132669.72,4.5,1.91,43616.42,70281.16,4.2,11.24,3685.67,94346.0,78.03,39619.87,25107.78,3768.15,13.47,8.965,335684.73,24.65,68.43,152.59,85999.95,660873.97,3038.43,3419.49,5555.71,22542.1,5.15,23419.9,23419.9,20.92,33.32,115.88,122026.62,513.0,8.0,823.0,24428.0,282717.45,24475.72,2897.3,10016.78,1804.39,143440.40999999997,5273.56,78759.78,1019427.23,30228.45,69.31,1213.56,893983.11,1340419.96,1.72,22.85,893983.11,1141.91,490581.18,224943.24,95440.98,5682.0,85804.37,9.6,1038880.72,1361995.55,1361995.55,1038880.72,1038880.72,972237.02,873995.33,1244232.75,1361995.55,120907.02,165362.63,20.76,107775.73,107775.73,129661.26,150029.6,1038880.72,88.56,43616.42,1473.96
Bangladesh,2014,1,2014-Q1,16880.01,194.8,389297.47,8701.02,60.0,20297.79,307894.96,25185.45,14.476666666666667,6684.11,0.0,3427.67,1355.74,19311.0,70785.53,8781.01,89.71,1126.08,1082.6,4119.35,721.65,25292.61,2562.93,10291.13,0.52,101.97,188053.98,71989.13,1834876.35,102501.82,1361995.55,12.06,79210.32,117762.8,6.3,64.56666666666666,13.95,34.83,1945.5333333333333,23419.9,1978443.2,46747.28,23736.52,10694.43,132669.72,4.5,1.91,43616.42,70281.16,4.2,11.24,3685.67,94346.0,78.03,39619.87,25107.78,3768.15,13.47,8.965,335684.73,24.65,68.43,152.59,85999.95,660873.97,3038.43,3419.49,5555.71,22542.1,5.15,23419.9,23419.9,20.92,33.32,115.88,122026.62,513.0,8.0,823.0,24428.0,282717.45,24475.72,2897.3,10016.78,1804.39,143440.40999999997,5273.56,61033.84,1019427.23,30228.45,69.31,1213.56,893983.11,1340419.96,1.72,22.85,893983.11,1141.91,490581.18,224943.24,95440.98,5682.0,85804.37,9.6,1038880.72,1361995.55,1361995.55,1038880.72,1038880.72,972237.02,873995.33,1244232.75,1361995.55,120907.02,165362.63,20.76,107775.73,107775.73,129661.26,150029.6,1038880.72,88.56,43616.42,1473.96
Bangladesh,2014,2,2014-Q2,22809.76,280.04,368410.46,12224.14,142.03,18570.55,365501.77,28901.65,14.476666666666667,7195.37,0.0,3427.67,1779.13,23734.85,78811.32,15369.73,104.96,1126.08,1086.03,4365.04,665.76,26265.16,2844.42,13646.86,0.52,105.655,192849.72,105816.81,1834876.35,103289.55,1499745.42,11.2,79210.32,88308.08,5.73,3831.056666666667,13.95,32.29,2079.87,23499.3,1978443.2,42689.73,33644.32,11997.72,137369.01,3.68,2.38,55142.03,75853.68,4.75,14.1,3685.67,96773.63,78.17,27293.8,21545.06,2946.7,5582.56,8.965,392692.85,26.18,73.56,152.59,91953.68,707568.1,2321.14,2637.48,8055.0,29728.56,7.3,23499.3,23499.3,26.96,30.98,115.88,137904.02,631.0,8.0,843.0,25304.0,326845.54,24492.44,3253.24,10016.78,1804.39,143440.40999999997,5504.01,95926.61333333334,1139821.45,36625.99,66.42,1072.96,984708.63,1340419.96,1.57,22.75,984708.63,1153.61,533837.9,224943.24,119392.29,6350.0,85919.65,8.73,1160209.61,1499745.42,1499745.42,1160209.61,1160209.61,1071268.31,938864.98,1411437.34,1499745.42,123794.31,165362.63,21.79,110287.03,110287.03,133049.25,155566.67,1160209.61,108.26,55142.03,431.75
Bangladesh,2014,3,2014-Q3,22809.76,280.04,368410.46,12224.14,142.03,18570.55,365501.77,28901.65,14.476666666666667,7195.37,0.0,3427.67,1779.13,23734.85,78811.32,15369.73,120.21,1126.08,1086.03,4365.04,665.76,26265.16,2844.42,13646.86,0.52,109.34,192849.72,105816.81,1834876.35,103289.55,1499745.42,11.2,79210.32,88308.08,5.73,3813.776666666666,13.95,32.29,1908.7966666666664,23499.3,1978443.2,42689.73,33644.32,11997.72,137369.01,3.68,2.38,55142.03,75853.68,4.75,14.1,3685.67,96773.63,78.17,27293.8,21545.06,2946.7,5582.56,8.965,392692.85,26.18,73.56,152.59,91953.68,707568.1,2321.14,2637.48,8055.0,29728.56,7.3,23499.3,23499.3,26.96,30.98,115.88,137904.02,631.0,8.0,843.0,25304.0,326845.54,24492.44,3253.24,10016.78,1804.39,143440.40999999997,5504.01,97470.26,1139821.45,36625.99,66.42,1072.96,984708.63,1340419.96,1.57,22.75,984708.63,1153.61,533837.9,224943.24,119392.29,6350.0,85919.65,8.73,1160209.61,1499745.42,1499745.42,1160209.61,1160209.61,1071268.31,938864.98,1411437.34,1499745.42,123794.31,165362.63,21.79,110287.03,110287.03,133049.25,155566.67,1160209.61,108.26,55142.03,431.75
Bangladesh,2014,4,2014-Q4,15388.65,205.8,460889.94,11315.6,334.34,22200.63,379646.36,28305.47,14.476666666666667,6867.95,0.0,3427.67,1818.71,10929.57,92422.23,28026.11,106.875,1126.08,1039.31,4795.18,661.58,27770.35,3301.44,18828.2,0.52,114.16,202398.43,76152.7,1834876.35,113501.31,1631365.14,11.34,79210.32,128780.31,5.92,49.586666666666666,13.95,34.67,1793.9533333333334,26573.19,1978443.2,51937.91,33170.24,12197.64,141387.56,4.1,2.21,57618.77,81850.46,4.55,19.76,3685.67,96159.34,75.13,25228.06,42237.17,3916.73,18.67,8.965,443554.37,27.19,71.9,152.59,93436.36,767492.9,2437.55,3219.08,12048.92,31088.8,9.98,26573.19,26573.19,25.75,32.47,115.88,134140.34,702.0,8.0,890.0,26134.0,306686.91,28377.82,3238.01,10016.78,1804.39,143440.40999999997,5456.42,89270.98666666666,1243154.62,38228.66,66.35,26894.37,1064731.69,1340419.96,1.63,23.41,1064731.69,1157.93,616941.47,224943.24,137905.03,6900.0,96501.45,9.06,1265833.61,1631365.14,1631365.14,1265833.61,1265833.61,1164313.32,972237.02,1502584.82,1631365.14,127986.72,165362.63,18.8,120748.8,120748.8,220507.03,160739.95,1265833.61,114.21,57618.77,1479.97
Bangladesh,2015,1,2015-Q1,15388.65,205.8,460889.94,11315.6,334.34,22200.63,379646.36,28305.47,14.476666666666667,6867.95,0.0,3427.67,1818.71,10929.57,92422.23,28026.11,93.54,1126.08,1039.31,4795.18,661.58,27770.35,3301.44,18828.2,0.52,118.98,202398.43,76152.7,1834876.35,113501.31,1631365.14,11.34,79210.32,128780.31,5.92,53.48,13.95,34.67,1667.7599999999998,26573.19,1978443.2,51937.91,33170.24,12197.64,141387.56,4.1,2.21,57618.77,81850.46,4.55,19.76,3685.67,96159.34,75.13,25228.06,42237.17,3916.73,18.67,8.965,443554.37,27.19,71.9,152.59,93436.36,767492.9,2437.55,3219.08,12048.92,31088.8,9.98,26573.19,26573.19,25.75,32.47,115.88,134140.34,702.0,8.0,890.0,26134.0,306686.91,28377.82,3238.01,10016.78,1804.39,143440.40999999997,5456.42,88403.21666666667,1243154.62,38228.66,66.35,26894.37,1064731.69,1340419.96,1.63,23.41,1064731.69,1157.93,616941.47,224943.24,137905.03,6900.0,96501.45,9.06,1265833.61,1631365.14,1631365.14,1265833.61,1265833.61,1164313.32,972237.02,1502584.82,1631365.14,127986.72,165362.63,18.8,120748.8,120748.8,220507.03,160739.95,1265833.61,114.21,57618.77,1479.97
Bangladesh,2015,2,2015-Q2,19799.37,204.8,484172.21,16608.24,325.0,28072.74,381839.28,28604.3,14.476666666666667,10941.5,0.0,3427.67,1843.28,10007.95,98797.27,25960.51,688.3299999999999,1126.08,1216.13,4872.87,744.83,32438.65,3309.11,68222.41,0.52,63.885000000000005,199847.37,64468.86,1454096.13,113636.13,1734556.86,11.16,90972.62,130328.74,5.72,948.4624615384616,8.13,35.93,1634.9066666666668,28244.88,1830538.07,50075.81,24040.5,12733.77,141599.03,3.66,1.5,64843.96,78766.51,4.74,17.29,3685.67,95966.05,73.67,30277.42,46796.75,2351.55,393.11,5.42,585179.42,33.74,87.69,176.44,122188.55,835903.59,2279.49,2582.94,11877.65,39647.51,9.51,28244.88,28244.88,31.75,35.86,115.72,144139.51,750.0,8.0,915.0,26412.0,342318.43,28297.86,3626.51,10016.78,1804.39,143440.40999999997,7978.48,104324.37,1336473.0,46801.31,72.18,2489.99,1119162.55,1256535.07,1.63,24.86,1119162.55,1138.79,667304.53,275920.57,137463.49,12350.0,99239.72,8.87,1366968.57,1734556.86,1734556.86,1366968.57,1366968.57,1256460.97,1071268.31,1604228.12,1734556.86,130269.18,156380.26,19.74,124872.43,124872.43,167516.57,160310.85,1366968.57,110.08,64843.96,847.13
Bangladesh,2015,3,2015-Q3,19799.37,204.8,484172.21,16608.24,325.0,28072.74,381839.28,28604.3,14.476666666666667,10941.5,0.0,3427.67,1843.28,10007.95,98797.27,25960.51,1283.12,1126.08,1216.13,4872.87,744.83,32438.65,3309.11,68222.41,0.52,8.79,199847.37,64468.86,1454096.13,113636.13,1734556.86,11.16,90972.62,130328.74,5.72,4442.192307692308,8.13,35.93,1414.98,28244.88,1830538.07,50075.81,24040.5,12733.77,141599.03,3.66,1.5,64843.96,78766.51,4.74,17.29,3685.67,95966.05,73.67,30277.42,46796.75,2351.55,393.11,5.42,585179.42,33.74,87.69,176.44,122188.55,835903.59,2279.49,2582.94,11877.65,39647.51,9.51,28244.88,28244.88,31.75,35.86,115.72,144139.51,750.0,8.0,915.0,26412.0,342318.43,28297.86,3626.51,10016.78,1804.39,143440.40999999997,7978.48,97218.93333333332,1336473.0,46801.31,72.18,2489.99,1119162.55,1256535.07,1.63,24.86,1119162.55,1138.79,667304.53,275920.57,137463.49,12350.0,99239.72,8.87,1366968.57,1734556.86,1734556.86,1366968.57,1366968.57,1256460.97,1071268.31,1604228.12,1734556.86,130269.18,156380.26,19.74,124872.43,124872.43,167516.57,160310.85,1366968.57,110.08,64843.96,847.13
Bangladesh,2015,4,2015-Q4,23703.34,256.0,522875.32,14232.45,379.16,24433.22,420965.88,22086.04,14.476666666666667,12170.75,0.0,3427.67,2151.18,7399.71,105979.65,35334.92,1543.17,1126.08,1184.31,4873.26,651.7,30901.43,3308.09,92126.97,0.52,13.975,222280.56,96807.5,1640474.01,120077.59,1864202.7,11.38,96099.35,136676.9,5.69,7935.922153846153,8.05,36.55,1429.97,27261.83,1978443.2,50330.65,22892.17,12960.62,146593.9,3.43,1.43,63335.8,88286.14,4.32,15.54,3685.67,95433.09,72.76,34823.32,51240.78,2177.0,22.8,5.37,592051.78,31.76,85.94,176.11,69470.96,921965.35,2661.16,1317.22,10458.04,38207.93,7.69,27261.83,27261.83,28.11,30.88,115.88,129082.02,866.0,8.0,962.0,27091.0,355141.05,32268.09,3514.93,10016.78,1804.39,143440.40999999997,4307.6,82462.45333333332,1437313.55,50510.74,79.75,769.79,1194045.81,1415725.43,1.46,22.7,1194045.81,1159.44,688947.6,297538.68,140477.98,13082.0,106144.67,8.89,1466620.85,1864202.7,1864202.7,1466620.85,1466620.85,1345198.18,1164313.32,1601281.85,1864202.7,131155.95,168947.81,19.05,135923.42,135923.42,114307.38,165246.45,1466620.85,103.35,63335.8,1617.08
Bangladesh,2016,1,2016-Q1,23703.34,256.0,522875.32,14232.45,379.16,24433.22,420965.88,22086.04,14.476666666666667,12170.75,0.0,3427.67,2151.18,7399.71,105979.65,35334.92,1803.22,1126.08,1184.31,4873.26,651.7,30901.43,3308.09,92126.97,0.52,19.16,222280.56,96807.5,1640474.01,120077.59,1864202.7,11.38,96099.35,136676.9,5.69,11429.652,8.05,36.55,2484.783333333333,27261.83,1978443.2,50330.65,22892.17,12960.62,146593.9,3.43,1.43,63335.8,88286.14,4.32,15.54,3685.67,95433.09,72.76,34823.32,51240.78,2177.0,22.8,5.37,592051.78,31.76,85.94,176.11,69470.96,921965.35,2661.16,1317.22,10458.04,38207.93,7.69,27261.83,27261.83,28.11,30.88,115.88,129082.02,866.0,8.0,962.0,27091.0,355141.05,32268.09,3514.93,10016.78,1804.39,143440.40999999997,4307.6,81212.40999999999,1437313.55,50510.74,79.75,769.79,1194045.81,1415725.43,1.46,22.7,1194045.81,1159.44,688947.6,297538.68,140477.98,13082.0,106144.67,8.89,1466620.85,1864202.7,1864202.7,1466620.85,1466620.85,1345198.18,1164313.32,1601281.85,1864202.7,131155.95,168947.81,19.05,135923.42,135923.42,114307.38,165246.45,1466620.85,103.35,63335.8,1617.08
Bangladesh,2016,2,2016-Q2,23275.07,272.44,525284.72,11412.61,424.66,66994.46,514737.89,25811.24,14.476666666666667,12640.86,0.0,3427.67,1845.21,8260.3,113065.72,38429.19,1562.435,1126.08,1751.67,7146.43,810.78,32383.73,2716.94,103828.56,27.14,25.4,272879.27,116617.42,1629715.45,122159.74,2008116.91,10.88,98240.7,138577.84,5.36,14923.381846153849,7.68,36.95,2533.623333333333,35823.08,2075737.13,55432.99,24137.51,12563.59,153667.98,3.52,1.27,68155.01,94508.84,4.33,17.68,3685.67,96440.59,68.16,39651.69,49153.76,1349.77,10.08,5.19,612555.08,30.5,84.91,148.3,112438.27,1004279.41,5747.91,2924.69,13624.22,41133.71,9.78,35823.08,35823.08,29.53,37.9,110.55,155782.86,945.0,8.0,988.0,27704.0,388626.05,34921.25,4480.5,10016.78,1804.39,143440.40999999997,1062.74,83612.74333333333,1535085.03,56036.9,82.22,536.15,1279868.35,1474240.12,1.78,29.32,1279868.35,1146.33,721375.6,279680.14,121472.73,12900.0,107681.83,8.41,1574113.22,2008116.91,2008116.91,1574113.22,1574113.22,1478644.44,1256460.97,1896396.49,2008116.91,141498.97,188592.79,19.35,139295.48,139295.48,159356.2,172061.84,1574113.22,87.21,68155.01,1287.2
Bangladesh,2016,3,2016-Q3,23275.07,272.44,525284.72,11412.61,424.66,66994.46,514737.89,25811.24,14.476666666666667,12640.86,0.0,3427.67,1845.21,8260.3,113065.72,38429.19,1321.65,1126.08,1751.67,7146.43,810.78,32383.73,2716.94,103828.56,27.14,31.64,272879.27,116617.42,1629715.45,122159.74,2008116.91,10.88,98240.7,138577.84,5.36,18417.11169230769,7.68,36.95,4793.07,35823.08,2075737.13,55432.99,24137.51,12563.59,153667.98,3.52,1.27,68155.01,94508.84,4.33,17.68,3685.67,96440.59,68.16,39651.69,49153.76,1349.77,10.08,5.19,612555.08,30.5,84.91,148.3,112438.27,1004279.41,5747.91,2924.69,13624.22,41133.71,9.78,35823.08,35823.08,29.53,37.9,110.55,155782.86,945.0,8.0,988.0,27704.0,388626.05,34921.25,4480.5,10016.78,1804.39,143440.40999999997,1062.74,84110.3,1535085.03,56036.9,82.22,536.15,1279868.35,1474240.12,1.78,29.32,1279868.35,1146.33,721375.6,279680.14,121472.73,12900.0,107681.83,8.41,1574113.22,2008116.91,2008116.91,1574113.22,1574113.22,1478644.44,1256460.97,1896396.49,2008116.91,141498.97,188592.79,19.35,139295.48,139295.48,159356.2,172061.84,1574113.22,87.21,68155.01,1287.2
Bangladesh,2016,4,2016-Q4,26927.2,272.72,600061.28,13067.54,445.83,54632.12,554343.36,27228.9,14.476666666666667,15562.26,0.0,3427.67,1349.52,9293.04,115783.05,42755.57,661.125,1126.08,2032.35,7860.89,797.37,35441.77,2965.07,109797.09,24.630000000000003,33.575,315109.08,140320.41,1834876.35,127677.09,2148043.83,10.75,103298.53,145270.94,5.35,21910.841538461536,7.5,39.14,4673.746666666666,32644.96,2234754.83,56739.02,28051.24,12948.77,156737.65,3.37,1.51,68998.75,99923.08,4.1,20.92,3685.67,95189.51,63.58,30619.71,75271.01,2893.26,10.29,5.14,619034.64,28.82,84.47,137.7,90790.3,1004420.34,6130.6,4731.65,14840.53,36464.16,10.02,32644.96,32644.96,24.63,32.67,109.62,164514.39,1029.0,8.0,1043.0,28177.0,418263.8,39106.18,4020.23,10016.78,1804.39,143440.40999999997,5923.19,27719.346666666668,1609235.08,57744.98,83.69,152.01,1377075.49,1673914.06,1.52,25.57,1377075.49,1182.7,732811.43,310936.41,108305.09,13432.0,114963.66,8.35,1681699.36,2148043.83,2148043.83,1681699.36,1681699.36,1626660.08,1345198.18,1852568.96,2148043.83,149708.75,225809.45,19.47,148054.56,148054.56,138090.95,176599.9,1681699.36,73.15,68998.75,311.74
Bangladesh,2017,1,2017-Q1,26927.2,272.72,600061.28,13067.54,445.83,54632.12,554343.36,27228.9,14.476666666666667,15562.26,0.0,3427.67,1349.52,9293.04,115783.05,42755.57,0.6,1126.08,2032.35,7860.89,797.37,35441.77,2965.07,109797.09,22.12,35.51,315109.08,140320.41,1834876.35,127677.09,2148043.83,10.75,103298.53,145270.94,5.35,25404.571384615385,7.5,39.14,2378.08,32644.96,2234754.83,56739.02,28051.24,12948.77,156737.65,3.37,1.51,68998.75,99923.08,4.1,20.92,3685.67,95189.51,63.58,30619.71,75271.01,2893.26,10.29,5.14,619034.64,28.82,84.47,137.7,90790.3,1004420.34,6130.6,4731.65,14840.53,36464.16,10.02,32644.96,32644.96,24.63,32.67,109.62,164514.39,1029.0,8.0,1043.0,28177.0,418263.8,39106.18,4020.23,10016.78,1804.39,143440.40999999997,5923.19,31987.876666666667,1609235.08,57744.98,83.69,152.01,1377075.49,1673914.06,1.52,25.57,1377075.49,1182.7,732811.43,310936.41,108305.09,13432.0,114963.66,8.35,1681699.36,2148043.83,2148043.83,1681699.36,1681699.36,1626660.08,1345198.18,1852568.96,2148043.83,149708.75,225809.45,19.47,148054.56,148054.56,138090.95,176599.9,1681699.36,73.15,68998.75,311.74
Bangladesh,2017,2,2017-Q2,29699.64,290.68,652999.9,13144.37,490.47,57011.37,611203.17,31031.72,14.476666666666667,16493.0,0.0,3427.67,1471.38,11360.69,135419.14,50406.79,0.55,1126.08,2196.3,9340.23,950.23,35667.89,3440.55,119435.05,20.465,40.6,384340.24,147691.23,1911975.36,128569.37,2307018.22,10.87,98439.12,145017.55,4.98,28898.30123076923,6.77,45.73,2481.633333333333,27871.31,2287723.08,106624.73,30352.53,14719.59,162861.48,5.9,1.54,86757.25,100983.46,4.8,20.96,3685.67,99879.44,64.58,30174.57,104772.61,2097.34,117.4,5.02,677524.42,29.37,84.4,113.71,100081.05,1213654.06,7430.25,5035.35,14942.2,52027.4,9.45,27871.31,27871.31,32.91,27.6,112.64,197955.85,1058.0,8.0,1068.0,29235.0,464070.85,46181.91,5280.96,10016.78,1804.39,143440.40999999997,5127.03,49186.30333333333,1686680.98,67213.0,77.47,186.42,1454346.63,1697403.56,1.21,21.68,1454346.63,1133.9,802779.99,280797.44,85418.65,24900.0,114798.59,7.89,1807084.76,2307018.22,2307018.22,1807084.76,1807084.76,1788521.86,1478644.44,1974358.47,2307018.22,154660.14,246931.76,20.12,158098.75,158098.75,148734.56,184959.36,1807084.76,54.03,86757.25,445.12
Bangladesh,2017,3,2017-Q3,29699.64,290.68,652999.9,13144.37,490.47,57011.37,611203.17,31031.72,14.476666666666667,16493.0,0.0,3427.67,1471.38,11360.69,135419.14,50406.79,0.5,1126.08,2196.3,9340.23,950.23,35667.89,3440.55,119435.05,18.81,45.69,384340.24,147691.23,1911975.36,128569.37,2307018.22,10.87,98439.12,145017.55,4.98,32392.031076923075,6.77,45.73,2798.9666666666662,27871.31,2287723.08,106624.73,30352.53,14719.59,162861.48,5.9,1.54,86757.25,100983.46,4.8,20.96,3685.67,99879.44,64.58,30174.57,104772.61,2097.34,117.4,5.02,677524.42,29.37,84.4,113.71,100081.05,1213654.06,7430.25,5035.35,14942.2,52027.4,9.45,27871.31,27871.31,32.91,27.6,112.64,197955.85,1058.0,8.0,1068.0,29235.0,464070.85,46181.91,5280.96,10016.78,1804.39,143440.40999999997,5127.03,52877.62666666666,1686680.98,67213.0,77.47,186.42,1454346.63,1697403.56,1.21,21.68,1454346.63,1133.9,802779.99,280797.44,85418.65,24900.0,114798.59,7.89,1807084.76,2307018.22,2307018.22,1807084.76,1807084.76,1788521.86,1478644.44,1974358.47,2307018.22,154660.14,246931.76,20.12,158098.75,158098.75,148734.56,184959.36,1807084.76,54.03,86757.25,445.12
Bangladesh,2017,4,2017-Q4,29882.49,127.88,710546.79,15751.01,523.61,67710.18,702606.86,29188.71,14.476666666666667,15459.36,0.0,3427.67,1471.82,9781.18,128176.9,58052.31,202.375,1126.08,3434.84,17252.5,1683.08,47620.55,3810.18,97079.63,481.4500000000001,372.22,430042.07,155180.77,2077730.4,134226.21,2519391.45,11.03,104738.84,151957.57,4.84,35885.76092307692,6.57,41.62,2859.353333333333,33753.26,2561272.36,70638.85,32519.49,15463.32,170245.2,3.64,1.37,80376.27,104524.3,4.14,3.23,3685.67,104577.42,68.41,50019.76,138764.94,3634.49,22.42,4.76,758272.04,30.1,104.08,113.48,118323.12,1330792.06,2891.41,3668.1,7381.64,34000.46,4.2,38345.55,38345.55,19.35,36.69,108.13,223812.75,1118.0,8.0,1124.0,30421.0,523548.67,43500.13,5406.02,10016.78,1804.39,143440.40999999997,5798.54,26586.58,1819393.42,68067.97,84.69,584.1,1593443.69,1921549.97,1.52,28.57,1593443.69,1316.66,728576.26,300214.97,96881.17,30282.0,121865.68,7.65,1942448.45,2519391.45,2519391.45,1942448.45,1942448.45,1679183.21,1626660.08,2367433.87,2519391.45,152874.3,264558.88,20.78,175697.7,175697.7,170245.2,194749.03,1942448.45,55.14,80376.27,2.53
Bangladesh,2018,1,2018-Q1,29882.49,127.88,710546.79,15751.01,523.61,67710.18,702606.86,29188.71,14.476666666666667,15459.36,0.0,3427.67,1471.82,9781.18,128176.9,58052.31,404.25,1126.08,3434.84,17252.5,1683.08,47620.55,3810.18,97079.63,1406.73,243.5233333333333,430042.07,155180.77,2077730.4,134226.21,2519391.45,11.03,104738.84,151957.57,4.84,39379.49076923077,6.57,41.62,8371.68,33753.26,2561272.36,70638.85,32519.49,15463.32,170245.2,3.64,1.37,80376.27,104524.3,4.14,3.23,3685.67,104577.42,68.41,50019.76,138764.94,3634.49,22.42,4.76,758272.04,30.1,104.08,113.48,118323.12,1330792.06,2891.41,3668.1,7381.64,34000.46,4.2,38345.55,38345.55,19.35,36.69,108.13,223812.75,1118.0,8.0,1124.0,30421.0,523548.67,43500.13,5406.02,10016.78,1804.39,143440.40999999997,5798.54,19179.306666666667,1819393.42,68067.97,84.69,584.1,1593443.69,1921549.97,1.52,28.57,1593443.69,1316.66,728576.26,300214.97,96881.17,30282.0,121865.68,7.65,1942448.45,2519391.45,2519391.45,1942448.45,1942448.45,1679183.21,1626660.08,2367433.87,2519391.45,152874.3,264558.88,20.78,175697.7,175697.7,170245.2,194749.03,1942448.45,55.14,80376.27,2.53
Bangladesh,2018,2,2018-Q2,28135.67,152.04,771190.07,21710.64,534.08,72654.82,793575.4,33242.86,14.476666666666667,18459.4,0.0,3427.67,1799.1,9455.41,127476.35,71862.59,241.375,1126.08,3322.09,17753.48,1885.06,53686.34,4098.06,81974.44,2332.01,165.01999999999998,391290.94,180036.56,2019085.31,149397.83,2654940.4,10.56,108088.03,149397.83,4.68,42873.22061538461,6.52,42.09,8485.140000000001,30579.34,2776418.06,80377.55,35315.2,14310.78,187821.62,3.79,1.41,107222.86,106621.71,5.06,18.7,3685.67,133699.6,64.79,48064.66,159049.28,4090.86,30.96,4.47,703689.65,26.5,98.22,109.53,138652.57,1478509.24,2893.09,4124.5,18994.05,51715.83,10.85,30579.34,30579.34,29.54,28.68,108.51,230877.25,1177.0,8.0,1134.0,32000.0,523405.78,44871.87,6221.76,10016.78,1804.39,143440.40999999997,5944.89,24478.873333333333,1906779.48,72783.46,67.88,16996.855,1658529.78,1860820.66,1.15,20.47,1658529.78,1807.97,716433.36,275675.08,96092.24,28800.0,124189.23,7.49,2119492.56,2654940.4,2654940.4,2119492.56,2119492.56,2122982.72,1788521.86,2500172.3,2654940.4,206371.17,251699.11,19.71,175077.43,175077.43,187821.62,212445.02,2119492.56,54.89,107222.86,4.22
Bangladesh,2018,3,2018-Q3,28135.67,152.04,771190.07,21710.64,534.08,72654.82,793575.4,33242.86,14.476666666666667,18459.4,0.0,3427.67,1799.1,9455.41,127476.35,71862.59,78.5,1126.08,3322.09,17753.48,1885.06,53686.34,4098.06,81974.44,2332.01,167.14666666666665,391290.94,180036.56,2019085.31,149397.83,2654940.4,10.56,108088.03,149397.83,4.68,46366.95046153846,6.52,42.09,9128.52,30579.34,2776418.06,80377.55,35315.2,14310.78,187821.62,3.79,1.41,107222.86,106621.71,5.06,18.7,3685.67,133699.6,64.79,48064.66,159049.28,4090.86,30.96,4.47,703689.65,26.5,98.22,109.53,138652.57,1478509.24,2893.09,4124.5,18994.05,51715.83,10.85,30579.34,30579.34,29.54,28.68,108.51,230877.25,1177.0,8.0,1134.0,32000.0,523405.78,44871.87,6221.76,10016.78,1804.39,143440.40999999997,5944.89,24048.166666666664,1906779.48,72783.46,67.88,15894.235,1658529.78,1860820.66,1.15,20.47,1658529.78,1807.97,716433.36,275675.08,96092.24,28800.0,124189.23,7.49,2119492.56,2654940.4,2654940.4,2119492.56,2119492.56,2122982.72,1788521.86,2500172.3,2654940.4,206371.17,251699.11,19.71,175077.43,175077.43,187821.62,212445.02,2119492.56,54.89,107222.86,4.22
Bangladesh,2018,4,2018-Q4,29803.76,214.46,841475.92,26325.31,553.31,73605.27,815113.72,32450.41,14.476666666666667,22873.77,0.0,3427.67,2301.96,8796.09,137510.53,59695.27,1769.99,1126.08,2724.79,17531.09,2140.97,69081.64,5010.06,91942.16,2226.4,166.89,375770.63,203501.79,2015296.6,145328.32,2794264.92,11.65,130297.15,145328.32,4.75,49860.68030769231,7.33,48.65,8866.666666666668,34392.97,2543417.46,71723.07,106382.76,14874.36,209185.55,3.2,4.1,124517.11,99648.76,5.55,32.85,3685.67,135583.13,75.46,73529.86,93627.72,4103.25,796.73,5.21,723063.76,25.88,95.55,125.18,136091.43,1502265.69,3210.92,2728.51,16737.06,58695.28,8.08,34392.97,34392.97,28.35,34.51,112.13,251294.35,1247.0,8.0,1197.0,32157.0,541446.51,48481.71,7068.73,10016.78,1804.39,143440.40999999997,13785.25,55180.82,2046450.72,17932.0,14.4,536.03,1776846.72,1797299.69,1.23,23.67,1776846.72,2171.42,756713.71,243303.51,101817.55,54062.0,132595.22,7.46,2243146.88,2794264.92,2794264.92,2243146.88,2243146.88,2230720.44,1679183.21,2593278.92,2794264.92,179669.94,194361.75,19.38,207034.19,207034.19,209185.55,235231.88,2243146.88,49.18,124517.11,2403.53
Bangladesh,2019,1,2019-Q1,29803.76,214.46,841475.92,26325.31,553.31,73605.27,815113.72,32450.41,14.476666666666667,22873.77,0.0,3427.67,2301.96,8796.09,137510.53,59695.27,1769.99,1126.08,2724.79,17531.09,2140.97,69081.64,5010.06,91942.16,2226.4,170.15,375770.63,203501.79,2015296.6,145328.32,2794264.92,11.65,130297.15,145328.32,4.75,53354.41015384616,7.33,48.65,62.16666666666667,34392.97,2543417.46,71723.07,106382.76,14874.36,209185.55,3.2,4.1,124517.11,99648.76,5.55,32.85,3685.67,135583.13,75.46,73529.86,93627.72,4103.25,796.73,5.21,723063.76,25.88,95.55,125.18,136091.43,1502265.69,3210.92,2728.51,16737.06,58695.28,8.08,34392.97,34392.97,28.35,34.51,112.13,251294.35,1247.0,8.0,1197.0,32157.0,541446.51,48481.71,7068.73,10016.78,1804.39,143440.40999999997,13785.25,54265.473333333335,2046450.72,17932.0,14.4,536.03,1776846.72,1797299.69,1.23,23.67,1776846.72,2171.42,756713.71,243303.51,101817.55,54062.0,132595.22,7.46,2243146.88,2794264.92,2794264.92,2243146.88,2243146.88,2230720.44,1679183.21,2593278.92,2794264.92,179669.94,194361.75,19.38,207034.19,207034.19,209185.55,235231.88,2243146.88,49.18,124517.11,2403.53
Bangladesh,2019,2,2019-Q2,27130.43,254.05,903255.53,30199.27,560.5,77184.59,845545.54,36830.84,0.0,20446.41,0.0,3427.67,2424.79,10488.7,141036.55,43569.95,5117.06,0.0,2773.67,17755.91,2312.53,75700.9,4866.41,94293.61,2256.36,0.0,506215.14,215265.03,2165317.93,142591.0,2977514.66,11.5,133632.42,161864.91,4.53,56848.14,7.13,47.68,0.0,34438.65,3091756.49,68494.7,100085.89,16018.96,226197.26,2.92,3.54,123380.84,105692.8,5.26,10.51,3685.67,150121.97,66.37,52883.54,158092.23,5571.32,961.94,4.36,542036.52,18.2,98.09,99.9,98528.49,1019632.87,3241.96,3510.19,10799.31,56315.38,5.01,34438.65,34438.65,26.13,32.58,112.18,220916.85,1309.0,8.0,1201.0,33691.0,560889.61,50394.25,8027.22,7684.22,1804.39,143440.40999999997,7729.24,50204.52,2159575.64,10994.0,8.91,435.53,1874183.1,1930135.05,1.16,24.15,1874183.1,2406.48,552568.0,218042.47,72387.55,61800.0,134895.23,7.2,2346028.43,2977514.66,2977514.66,2346028.43,2346028.43,2346028.43,2122982.72,2826298.77,2977514.66,226197.26,218266.27,18.84,215518.52,215518.52,226197.26,255814.77,2346028.43,33.59,123380.84,3270.62
Bangladesh,2019,3,2019-Q3,27130.43,254.05,903255.53,30199.27,560.5,77184.59,845545.54,36830.84,0.0,20446.41,0.0,3427.67,2424.79,10488.7,141036.55,43569.95,5117.06,0.0,2773.67,17755.91,2312.53,75700.9,4866.41,94293.61,2256.36,0.0,506215.14,215265.03,2165317.93,142591.0,2977514.66,11.5,133632.42,161864.91,4.53,56848.14,7.13,47.68,0.0,34438.65,3091756.49,68494.7,100085.89,16018.96,226197.26,2.92,3.54,123380.84,105692.8,5.26,10.51,3685.67,150121.97,66.37,52883.54,158092.23,5571.32,961.94,4.36,542036.52,18.2,98.09,99.9,98528.49,1019632.87,3241.96,3510.19,10799.31,56315.38,5.01,34438.65,34438.65,26.13,32.58,112.18,220916.85,1309.0,8.0,1201.0,33691.0,560889.61,50394.25,8027.22,7684.22,1804.39,143440.40999999997,7729.24,52273.78,2159575.64,10994.0,8.91,435.53,1874183.1,1930135.05,1.16,24.15,1874183.1,2406.48,552568.0,218042.47,72387.55,61800.0,134895.23,7.2,2346028.43,2977514.66,2977514.66,2346028.43,2346028.43,2346028.43,2122982.72,2826298.77,2977514.66,226197.26,218266.27,18.84,215518.52,215518.52,226197.26,255814.77,2346028.43,33.59,123380.84,3270.62
Bangladesh,2019,4,2019-Q4,27003.83,915.15,972343.56,30540.2,586.51,80753.91,903738.93,38318.98,0.0,21922.35,0.0,3427.67,2455.53,7613.29,147170.07,37809.35,3201.73,0.0,2964.64,18597.26,2592.86,84256.9,7463.48,110559.31,3671.59,0.0,467704.87,217425.9,2654591.94,158757.14,3188175.08,12.35,144632.45,158757.14,4.55,0.0,7.54,49.87,0.0,40046.2,3255401.4,79662.98,101910.2,15986.82,240763.85,3.18,3.66,114226.63,109394.92,4.56,12.36,3685.67,168534.69,77.57,160278.42,26166.93,6982.6,882.74,4.45,482512.67,15.13,88.62,167.55,152861.04,1715073.41,3400.4,3966.48,19301.5,44902.83,8.15,40046.2,40046.2,18.96,36.61,112.08,214524.47,1190.0,8.0,1269.0,34379.0,577185.37,54557.53,7298.95,7088.51,1804.39,143440.40999999997,20126.42,53510.85999999999,2497100.64,15084.0,13.21,538.67,1917507.63,2368497.92,1.26,25.22,1917507.63,2813.18,544485.83,352300.71,53687.55,74200.0,144991.64,7.56,2506504.24,3188175.08,3188175.08,2506504.24,2506504.24,2506504.24,2230720.44,2785825.11,3188175.08,217255.88,210270.63,18.1,236835.01,236835.01,240763.85,271032.21,2506504.24,22.67,114226.63,2842.89
Bangladesh,2020,1,2020-Q1,27003.83,915.15,972343.56,30540.2,586.51,80753.91,903738.93,38318.98,0.0,21922.35,0.0,3427.67,2455.53,7613.29,147170.07,37809.35,3201.73,0.0,2964.64,18597.26,2592.86,84256.9,7463.48,110559.31,3671.59,0.0,467704.87,217425.9,2654591.94,158757.14,3188175.08,12.35,144632.45,158757.14,4.55,0.0,7.54,49.87,0.0,40046.2,3255401.4,79662.98,101910.2,15986.82,240763.85,3.18,3.66,114226.63,109394.92,4.56,12.36,3685.67,168534.69,77.57,160278.42,26166.93,6982.6,882.74,4.45,482512.67,15.13,88.62,167.55,152861.04,1715073.41,3400.4,3966.48,19301.5,44902.83,8.15,40046.2,40046.2,18.96,36.61,112.08,214524.47,1190.0,8.0,1269.0,34379.0,577185.37,54557.53,7298.95,6492.8,1804.39,143440.40999999997,20126.42,53174.51,2497100.64,15084.0,13.21,538.67,1917507.63,2368497.92,1.26,25.22,1917507.63,2813.18,544485.83,352300.71,53687.55,74200.0,144991.64,7.56,2506504.24,3188175.08,3188175.08,2506504.24,2506504.24,2506504.24,2230720.44,2785825.11,3188175.08,217255.88,210270.63,18.1,236835.01,236835.01,240763.85,271032.21,2506504.24,22.67,114226.63,2842.89
Bangladesh,2020,2,2020-Q2,30671.77,1587.34,1037693.76,37027.35,609.97,84737.41,960436.01,39250.23,0.0,23297.45,0.0,3427.67,2859.91,7491.3,153971.93,32235.97,5904.27,0.0,3028.44,19840.44,2910.12,82710.03,6572.37,102058.64,2551.87,3329.64,511575.37,240492.43,2440928.32,164464.04,3343445.57,12.1,148029.36,164464.04,4.5,17621.135,7.35,54.55,0.0,17164.81,3390876.09,80189.5,122977.56,7031.9,120354.27,3.04,3.68,118069.44,51228.54,4.47,12.56,3685.67,82297.89,74.52,53522.25,31307.87,2736.37,335.04,4.43,353232.28,10.56,46.99,83.12,81116.75,1807236.0,1767.08,1593.3,16294.24,67789.16,6.68,17164.81,34329.62,27.81,33.51,114.33,223204.4,1432.0,8.0,1271.0,33130.0,583018.67,27943.58,3403.9,84954.53,1804.39,143440.40999999997,8001.59,55526.57666666666,2613277.19,6120.0,5.18,265.63,2014208.9,2134989.74,1.03,20.87,2014208.9,1204.2,751671.65,157272.05,52617.55,70700.0,150356.02,7.46,2640776.23,3343445.57,3343445.92,2640776.23,2640776.23,2640776.23,2346028.43,3343445.92,3343445.92,110439.14,189201.26,17.44,243756.16,243756.16,120354.27,133526.43,2640776.23,21.59,118069.63,1647.91
Bangladesh,2020,3,2020-Q3,30671.77,1587.34,1037693.76,37027.35,609.97,84737.41,960436.01,39250.23,0.0,23297.45,0.0,3427.67,2859.91,7491.3,153971.93,32235.97,5904.27,0.0,3028.44,19840.44,2910.12,82710.03,6572.37,102058.64,2551.87,3329.64,511575.37,240492.43,2440928.32,164464.04,3343445.57,12.1,148029.36,164464.04,4.5,17624.405,7.35,54.55,0.0,17164.81,3390876.09,80189.5,122977.56,7031.9,120354.27,3.04,3.68,118069.44,51228.54,4.47,12.56,3685.67,82297.89,74.52,53522.25,31307.87,2736.37,335.04,4.43,353232.28,10.56,46.99,83.12,81116.75,1807236.0,1767.08,1593.3,16294.24,67789.16,6.68,17164.81,34329.62,27.81,33.51,114.33,223204.4,1432.0,8.0,1271.0,33130.0,583018.67,27943.58,3403.9,84954.53,1804.39,143440.40999999997,8001.59,56674.95,2613277.19,6120.0,5.18,265.63,2014208.9,2134989.74,1.03,20.87,2014208.9,1204.2,751671.65,157272.05,52617.55,70700.0,150356.02,7.46,2640776.23,3343445.57,3343445.92,2640776.23,2640776.23,2640776.23,2346028.43,3343445.92,3343445.92,110439.14,189201.26,17.44,243756.16,243756.16,120354.27,133526.43,2640776.23,21.59,118069.63,1647.91
Bangladesh,2020,4,2020-Q4,31763.57,582.45,1016616.46,42189.6,137202.92,94603.98,880313.53,31118.6,0.0,128337.81,0.0,3427.67,10237.23,10253.98,133674.39,33715.53,26006.86,5947.95,572.61,23211.02,3833.98,103126.88,8979.42,95426.56,1042.42,0.0,514611.19,290533.07,2752006.95,158327.35,3708180.8,12.74,151103.03,158327.35,4.12,0.0,7.47,55.44,0.0,36205.12,3652363.48,104183.62,153204.2,14698.91,237938.54,3.7,4.13,112896.77,105421.58,4.01,12.46,3685.67,161289.14,74.21,62807.99,0.0,7252.9,800.38,4.19,634345.12,17.11,86.39,163.41,157526.96,1919562.01,3503.58,2785.14,19153.89,56076.33,7.43,36205.12,36205.12,21.76,34.34,111.0,255725.53,2581.0,8.0,1306.0,36549.0,618681.82,58443.0,6820.36,238376.74,1804.39,143440.40999999997,16872.63,110447.10333333332,2919094.85,103961.2,92.09,634.33,2023911.84,2479343.67,0.98,22.87,2023911.84,2531.14,734287.06,482130.27,73627.13,84500.0,152942.71,7.56,2818757.74,3708180.8,3708180.8,2818757.74,2818757.74,2818757.74,2506504.24,3708180.8,3708180.8,217346.18,295039.22,16.68,257760.36,257760.36,237938.54,266710.71,2818757.74,28.56,112896.77,3085.39
Bangladesh,2021,1,2021-Q1,31763.57,582.45,1016616.46,42189.6,137202.92,94603.98,880313.53,31118.6,0.0,128337.81,0.0,3427.67,10237.23,10253.98,133674.39,33715.53,26006.86,5947.95,572.61,23211.02,3833.98,103126.88,8979.42,95426.56,1042.42,0.0,514611.19,290533.07,2752006.95,158327.35,3708180.8,12.74,151103.03,158327.35,4.12,0.0,7.47,55.44,0.0,36205.12,3652363.48,104183.62,153204.2,14698.91,237938.54,3.7,4.13,112896.77,105421.58,4.01,12.46,3685.67,161289.14,74.21,62807.99,0.0,7252.9,800.38,4.19,634345.12,17.11,86.39,163.41,157526.96,1919562.01,3503.58,2785.14,19153.89,56076.33,7.43,36205.12,36205.12,21.76,34.34,111.0,255725.53,2581.0,8.0,1306.0,36549.0,618681.82,58443.0,6820.36,238376.74,1804.39,143440.40999999997,16872.63,108135.9,2919094.85,103961.2,92.09,634.33,2023911.84,2479343.67,0.98,22.87,2023911.84,2531.14,734287.06,482130.27,73627.13,84500.0,152942.71,7.56,2818757.74,3708180.8,3708180.8,2818757.74,2818757.74,2818757.74,2506504.24,3708180.8,3708180.8,217346.18,295039.22,16.68,257760.36,257760.36,237938.54,266710.71,2818757.74,28.56,112896.77,3085.39
Bangladesh,2021,2,2021-Q2,35255.14,465.64,1140352.08,54078.3,141952.4,115674.68,985625.03,36272.1,0.0,141228.39,0.0,3427.67,15449.34,14116.22,162170.64,35831.69,26901.5,6222.56,2139.33,24200.81,2891.48,110626.9,12746.75,110629.88,1395.0,34.84,535429.02,365357.25,3122586.46,187393.73,4215588.68,11.09,176697.89,187393.73,3.93,0.0,7.3,54.58,0.0,19313.51,3574243.32,104064.46,120805.29,8200.84,121706.0,3.28,2.87,129123.86,115551.24,4.07,20.28,3685.67,81084.0,71.78,173814.72,0.0,2686.37,498.23,4.63,673540.83,15.98,81.36,121.2,83171.82,2139155.51,945.63,1483.62,19493.84,70564.44,7.26,38627.02,38627.02,26.29,33.43,108.55,268447.34,5741.0,10.0,1539.0,42703.0,776986.03,63066.47,6266.41,257192.95,1804.39,143440.40999999997,7019.94,65906.34000000001,3305640.36,117318.0,90.86,357.52,2420738.87,2876634.8,0.92,20.61,2420738.87,1445.67,827857.04,568415.88,72891.31,88750.0,165601.85,6.84,3176260.68,4215588.68,4215588.68,3176260.68,3176260.68,3176260.68,2640776.23,4215588.68,4215588.68,112963.32,468977.62,18.43,268359.82,268359.82,121706.0,138859.62,3176260.68,27.16,129123.86,1365.21
Bangladesh,2021,3,2021-Q3,35255.14,465.64,1140352.08,54078.3,141952.4,115674.68,985625.03,36272.1,0.0,141228.39,0.0,3427.67,15449.34,14116.22,162170.64,35831.69,26901.5,6222.56,2139.33,24200.81,2891.48,110626.9,12746.75,110629.88,1395.0,34.84,535429.02,365357.25,3122586.46,187393.73,4215588.68,11.09,176697.89,187393.73,3.93,0.0,7.3,54.58,0.0,19313.51,3574243.32,104064.46,120805.29,8200.84,121706.0,3.28,2.87,129123.86,115551.24,4.07,20.28,3685.67,81084.0,71.78,173814.72,0.0,2686.37,498.23,4.63,673540.83,15.98,81.36,121.2,83171.82,2139155.51,945.63,1483.62,19493.84,70564.44,7.26,38627.02,38627.02,26.29,33.43,108.55,268447.34,5741.0,10.0,1539.0,42703.0,776986.03,63066.47,6266.41,257192.95,1804.39,143440.40999999997,7019.94,66680.74666666666,3305640.36,117318.0,90.86,357.52,2420738.87,2876634.8,0.92,20.61,2420738.87,1445.67,827857.04,568415.88,72891.31,88750.0,165601.85,6.84,3176260.68,4215588.68,4215588.68,3176260.68,3176260.68,3176260.68,2640776.23,4215588.68,4215588.68,112963.32,468977.62,18.43,268359.82,268359.82,121706.0,138859.62,3176260.68,27.16,129123.86,1365.21
Bangladesh,2021,4,2021-Q4,39795.32,789.25,1228190.47,56057.42,158585.45,112437.8,1064277.24,37789.5,0.0,150519.38,0.0,3427.67,19521.83,14677.21,156244.91,50877.43,28607.55,6543.03,1416.6,39938.06,3175.99,112422.65,13639.93,117875.63,2438.64,37.08,257295.2,513110.5,3728982.7,203783.32,4517448.03,12.77,189194.47,203783.32,4.92,0.0,7.29,54.78,0.0,41530.69,4115264.84,142757.79,155534.57,18808.81,247510.24,4.18,3.44,134590.75,124021.24,3.94,21.18,3685.67,160188.01,72.84,183680.63,0.0,6905.96,1231.89,5.4,656375.4,14.53,24.61,178.9,170198.99,2306392.08,2125.08,225.27,23003.47,61299.41,6.94,41530.69,41530.69,18.5,33.49,111.82,471786.9,3309.0,10.0,1590.0,43910.0,725447.09,67941.0,10984.25,240941.59,1804.39,143440.40999999997,21040.68,110914.96000000002,3222441.48,119802.0,89.01,735.78,2594741.98,3334776.61,0.92,20.38,2594741.98,3403.56,2667398.84,647812.96,109315.6,106325.84,222274.79,8.57,3726215.0,4517448.03,4517448.03,3415858.38,3415858.38,3415858.38,2818757.74,4517448.03,4517448.03,219925.03,362100.81,16.06,331420.46,331420.46,247510.24,284209.26,3415858.38,32.98,134590.75,5808.76
Bangladesh,2022,1,2022-Q1,39795.32,789.25,1228190.47,56057.42,158585.45,112437.8,1064277.24,37789.5,0.0,150519.38,0.0,3427.67,19521.83,14677.21,156244.91,50877.43,28607.55,6543.03,1416.6,39938.06,3175.99,112422.65,13639.93,117875.63,2438.64,37.08,257295.2,513110.5,3728982.7,203783.32,4517448.03,12.77,189194.47,203783.32,4.92,0.0,7.29,54.78,0.0,41530.69,4115264.84,142757.79,155534.57,18808.81,247510.24,4.18,3.44,134590.75,124021.24,3.94,21.18,3685.67,160188.01,72.84,183680.63,0.0,6905.96,1231.89,5.4,656375.4,14.53,24.61,178.9,170198.99,2306392.08,2125.08,225.27,23003.47,61299.41,6.94,41530.69,41530.69,18.5,33.49,111.82,471786.9,3309.0,10.0,1590.0,43910.0,725447.09,67941.0,10984.25,240941.59,1804.39,143440.40999999997,21040.68,111482.50333333336,3222441.48,119802.0,89.01,735.78,2594741.98,3334776.61,0.92,20.38,2594741.98,3403.56,2667398.84,647812.96,109315.6,106325.84,222274.79,8.57,3726215.0,4517448.03,4517448.03,3415858.38,3415858.38,3415858.38,2818757.74,4517448.03,4517448.03,219925.03,362100.81,16.06,331420.46,331420.46,247510.24,284209.26,3415858.38,32.98,134590.75,5808.76
Bangladesh,2022,2,2022-Q2,42092.97,778.33,1365673.69,66425.73,158502.07,108719.7,1089503.74,35509.76,0.0,159011.05,0.0,3427.67,17063.61,15989.27,163747.69,60453.2,30037.93,6874.64,1509.35,41237.26,3356.71,131480.47,14261.19,146039.36,377.27,39.03,137485.74,303783.56,3389624.2,212538.29,4770913.19,21.22,214797.37,212538.29,5.3,60216.7,12.6,54.84,0.0,23563.09,4853524.95,191209.94,176559.45,15536.51,124178.39,5.23,3.7,43395.72,68596.07,1.19,7.62,3685.67,82971.58,75.41,260511.76,0.0,5015.34,1231.89,5.21,549115.16,11.51,45.65,30.59,109982.3,2483209.75,2125.08,225.27,14878.3,71034.17,4.11,23563.09,23563.09,19.63,34.35,113.89,354239.27,3876.0,10.0,1594.0,46228.0,886090.85,37618.13,6837.41,209662.98,500.0,143440.40999999997,21040.68,127621.31666666668,3444422.44,20546.31,47.35,735.78,1704677.55,2976334.96,0.49,11.09,1704677.55,3403.56,1202875.66,138784.92,191209.94,102850.0,253038.97,14.84,3757771.13,4770913.19,4466224.66,3658684.0,3658684.0,3676195.35,3415858.38,4770913.19,4417833.56,110021.57,453670.17,18.57,361790.86,361790.86,124178.39,151567.65,3658684.0,52.85,43395.72,5808.76
Bangladesh,2022,3,2022-Q3,42092.97,778.33,1365673.69,66425.73,158502.07,108719.7,1089503.74,35509.76,0.0,159011.05,0.0,3427.67,17063.61,15989.27,163747.69,60453.2,30037.93,6874.64,1509.35,41237.26,3356.71,131480.47,14261.19,146039.36,377.27,39.03,137485.74,303783.56,3389624.2,212538.29,4770913.19,21.22,214797.37,212538.29,5.3,60216.7,12.6,54.84,0.0,23563.09,4853524.95,191209.94,176559.45,15536.51,124178.39,5.23,3.7,43395.72,68596.07,1.19,7.62,3685.67,82971.58,75.41,260511.76,0.0,5015.34,1231.89,5.21,549115.16,11.51,45.65,30.59,109982.3,2483209.75,2125.08,225.27,14878.3,71034.17,4.11,23563.09,23563.09,19.63,34.35,113.89,354239.27,3876.0,10.0,1594.0,46228.0,886090.85,37618.13,6837.41,209662.98,500.0,143440.40999999997,21040.68,128349.53333333335,3444422.44,20546.31,47.35,735.78,1704677.55,2976334.96,0.49,11.09,1704677.55,3403.56,1202875.66,138784.92,191209.94,102850.0,253038.97,14.84,3757771.13,4770913.19,4466224.66,3658684.0,3658684.0,3676195.35,3415858.38,4770913.19,4417833.56,110021.57,453670.17,18.57,361790.86,361790.86,124178.39,151567.65,3658684.0,52.85,43395.72,5808.76
Indonesia,2013,4,2013-Q4,2641.28,2932.46,5484.59,3645.06,303.36,6451.02,11615.78,4116.32,7999.83,398.92,138.17,3427.67,798.94,10479.61,87296.42,2541.76,1432.41,1126.08,1199.43,930.89,44.56,9409.03,1110.58375,139404.64,0.52,358.33,31250.98,8454.69,1834876.35,12949.65,140625.51,14.42,79210.32,16224.93,8.14,1706.08,13.95,82.06,1414.98,2591.82,188192.06,7619.0,8881.33,1322.31,15223.59,5.55,6.2,3721.33,14679.77,2.71,22.13,173.43,6589.74,69.4,3086.72,7129.29,473.21,18.75,7.81,26378.2,14.63,18.24,152.59,9843.07,84919.74,3042.22,1170.63,700.65,2477.67,3.87,2372.88,2372.88,13.7,16.16,115.88,23336.64,2696.0,11.0,407.0,26717.0,9025.0,12045.88,9561.05,1074.73,3199.57,143440.40999999997,953.47,953.47,120014.96,1243.66,33.42,0.0,125429.0,1340419.96,1.69,18.32,125429.0,203.315,145237.2,224943.24,7594.92,2000.0,14689.0,11.71,137352.72,180360.0,180360.08,137268.07,137268.07,137352.72,112396.31,143174.04,180360.08,67389.28,165362.63,5.0,18089.0,175387.565,15201.57,26580.16,137268.07,45.25,3721.33,4.22
Indonesia,2014,1,2014-Q1,3009.29,3250.52,5919.74,3576.6,292.45,6607.03,12501.41,4063.84,4217.985000000001,690.84,84.91,3427.67,801.49,10479.61,86497.06,2541.76,1432.41,1126.08,1350.96,953.92,49.76,9024.91,1110.58375,139404.64,0.52,358.33,23107.7,9797.31,1834876.35,13222.41,146642.75,16.2,79210.32,16888.15,8.91,1706.08,13.95,83.9,1414.98,608.62,189197.74,7103.0,8732.62,251.26,4198.21,5.13,6.18,4774.0,15430.78,3.44,15.97,41.64,2095.8,69.4,8127.44,7687.13,163.32,5.22,8.53,24484.7,11.49,16.79,152.59,2709.72,86064.23,899.23,316.73,715.21,3102.53,3.76,2317.14,2317.14,16.3,15.02,115.88,19123.94,2832.0,11.0,414.0,27027.0,9376.0,12947.16,3378.09,3262.53,3514.56,143440.40999999997,219.88,219.88,122136.41,1671.47,35.01,0.0,117508.0,1340419.96,1.58,17.52,117508.0,203.315,142767.7,224943.24,7551.48,2000.0,16143.0,13.74,138589.81,181148.0,181147.51,138590.0,138589.81,138589.81,119507.54,141260.35,181147.51,67389.28,165362.63,5.18,19033.0,175387.565,4192.44,7990.88,138589.81,42.35,4774.13,4.22
Indonesia,2014,2,2014-Q2,3698.2,3035.96,8852.46,3352.19,64.47,6613.69,14019.33,11297.16,77.61,847.51,15.825,3427.67,793.94,14972.62,37132.02,1032.71,197.31,155.17,1796.53,958.76,81.45,17374.54,1110.58375,16307.01,0.67,731.87,31927.38,8016.33,1834876.35,14429.16,167043.71,16.21,79210.32,17027.04,8.26,1706.08,13.95,89.09,182.56,688.78,209254.57,7538.44,10080.33,749.08,8202.24,5.26,6.7,6210.78,13211.14,4.33,11.88,167.44,5737.71,69.4,3287.16,6915.23,704.79,11.69,7.42,19469.15,10.35,14.16,152.59,5456.96,88029.01,1865.95,613.91,482.0,4347.72,2.57,1399.6,1399.6,23.14,10.59,115.88,20484.33,2926.0,11.0,417.0,29232.0,-21064.91,11769.94,5173.92,1640.64,2210.0,143440.40999999997,86.3,8.69,130045.49,1863.05,30.0,0.0,115885.0,1340419.96,0.84,9.7,115885.0,203.315,137452.14,224943.24,8018.92,2150.0,15536.08,13.41,143315.56,188189.66,188189.66,143315.56,143315.56,143315.56,128101.51,150529.82,186848.42,67389.28,165362.63,-11.19,18788.0,175387.565,8202.52,14830.04,143315.56,43.18,6206.34,4.22
Indonesia,2014,3,2014-Q3,4687.73,3685.81,10197.76,4275.06,78.41,9078.57,19012.26,9953.67,122.85,1010.45,0.0,3427.67,891.24,11878.96,28027.38,1277.4,220.33,86.61,1939.95,1300.86,104.68,14644.89,1110.58375,25279.49,0.52,105.74,33696.57,6942.9,1834876.35,15745.88,171930.98,14.6,79210.32,18872.09,8.83,1706.08,13.95,91.94,458.67,788.19,201406.33,7575.14,10570.6,1203.04,12585.21,5.13,6.72,7813.31,14420.41,5.29,10.77,258.4,8949.08,69.4,3617.7,8728.12,1068.17,15.4,8.55,22576.63,11.57,16.14,152.59,8414.65,90636.87,2888.95,873.77,735.0,5687.38,4.03,1161.64,1161.64,31.2,8.06,115.88,21574.98,3143.0,12.0,438.0,38965.0,-6321.71,13258.77,7227.97,1465.56,1460.0,143440.40999999997,134.05,11.2,135756.53,2125.93,27.21,0.0,124823.0,1340419.96,0.68,7.38,124823.0,203.315,139851.73,224943.24,8567.55,1750.0,17221.65,13.8,147737.25,195084.62,195084.62,147737.25,147737.25,147737.25,133376.38,157331.51,195084.62,67389.28,165362.63,-3.24,18229.0,175387.565,12585.21,22084.4,147737.25,47.52,7813.31,4.22
Indonesia,2014,4,2014-Q4,4656.96,4031.69,10407.53,5029.38,80.75,8607.34,19202.73,7686.12,165.76,1251.65,0.0,3427.67,1569.65,11372.28,28646.83,1422.28,254.61,84.84,2054.74,1532.63,175.96,15816.07,1110.58375,23712.87,0.37,347.54,43040.95,6998.39,1834876.35,15745.88,175547.67,15.74,79210.32,18356.76,7.68,1706.08,13.95,94.43,698.545,822.4,230255.37,7951.22,11173.49,1639.98,17212.23,5.37,6.54,7381.13,16459.15,4.99,7.78,256.41,12275.93,69.4,3766.93,5445.62,1541.66,20.52,6.84,34801.45,16.98,22.78,152.59,11551.66,91866.85,4045.51,1157.51,648.0,4996.91,3.31,916.11,916.11,25.51,5.57,115.88,22705.34,3350.0,12.0,447.0,41393.0,-25294.75,15543.04,12567.88,1887.5,1436.93,143440.40999999997,180.61,14.85,148017.59,2384.22,32.3,0.0,124405.0,1340419.96,0.52,5.82,124405.0,203.315,152758.31,224943.24,8320.78,2000.0,15745.88,12.66,147944.47,204960.63,204960.63,147944.47,147944.47,147944.47,137268.07,170722.93,204960.63,67389.28,165362.63,-12.34,19585.0,175387.565,17212.23,32961.75,147944.47,42.97,7320.33,4.22
Indonesia,2015,1,2015-Q1,5502.15,4160.83,11755.08,5191.26,130.35,8570.95,20391.37,7917.44,41.54,1185.73,0.0,3427.67,2035.48,11212.13,29821.92,1163.03,299.06,28.21,2262.54,1705.67,164.92,11439.36,1110.58375,21853.2,0.22,345.23,36661.11,6650.82,1834876.35,16475.76,179860.41,14.43,79210.32,18620.56,8.53,1706.08,13.95,93.51,1764.29,342.74,202160.29,8188.78,12104.6,383.03,4694.01,5.57,7.33,8078.37,20865.34,5.49,6.17,45.24,5103.56,69.4,3796.13,5547.21,540.78,5.94,8.38,29295.31,14.75,19.55,152.59,3154.89,91367.24,1167.74,277.16,969.16,5604.7,4.65,1352.86,1352.86,26.88,6.48,115.88,23546.79,3354.0,12.0,448.0,49106.0,-3607.47,19512.11,5469.28,1981.37,700.0,143440.40999999997,43.05,1.51,141487.44,2473.68,30.62,0.0,144506.0,1340419.96,0.75,8.21,144506.0,203.315,149842.45,224943.24,8978.1,2000.0,16931.27,11.72,147136.11,198552.82,198552.82,147136.11,147136.11,147136.11,138590.0,165034.23,198552.82,67389.28,165362.63,-1.82,20847.0,175387.565,4694.01,11087.1,147136.11,43.52,8078.37,4.22
Indonesia,2015,2,2015-Q2,6323.12,4544.59,12098.3,5420.67,107.05,8772.62,21883.35,7710.05,81.63,1390.13,0.0,3427.67,2027.76,11629.84,30740.23,1471.6,304.83,25.16,2468.47,1835.42,196.99,10403.34,1110.58375,21009.83,0.2,345.96,32159.08,7090.12,1834876.35,16269.58,180193.44,14.09,79210.32,18895.63,8.67,1706.08,13.95,95.07,1991.415,493.77,204308.24,8693.9,12701.33,774.66,9296.52,5.77,7.8,7676.08,20024.84,5.09,5.16,86.5,9986.66,69.4,4286.75,6976.5,1015.49,10.59,8.49,26168.2,13.07,17.25,152.59,6271.34,92223.11,2293.23,550.53,1120.71,5461.82,5.26,986.37,986.37,25.64,4.93,115.88,24709.01,3483.0,12.0,450.0,49069.0,-4091.07,19038.47,10426.48,2494.44,1938.33,143440.40999999997,84.34,2.71,138107.58,2214.26,28.85,0.0,151157.13,1340419.96,0.55,6.06,151157.13,203.315,151674.97,224943.24,10567.41,2500.0,17354.67,11.48,150709.49,200217.17,200217.17,150709.49,150709.49,150709.49,143315.56,162816.58,200217.17,67389.28,165362.63,-2.04,21301.0,175387.565,9296.52,21513.15,150709.49,50.09,7676.08,4.22
Indonesia,2015,3,2015-Q3,6775.33,5074.35,12913.08,5921.46,113.75,8502.4,21242.23,7945.23,259.28,1605.64,0.0,3427.67,1851.69,11851.86,31716.23,1182.84,283.27,24.01,2607.22,1998.21,186.46,8693.86,0.0,20295.01,0.19,372.88,35431.24,6417.19,1834876.35,17339.05,180764.88,15.15,79210.32,20437.37,9.17,1706.08,13.95,94.86,2357.185,739.66,208504.53,10017.76,12703.35,960.84,14185.28,6.63,7.63,7762.56,18252.65,5.14,2.31,158.58,14830.29,69.4,3381.37,6025.17,1588.63,14.3,8.98,27758.95,13.61,17.9,152.59,9456.99,92145.71,3444.71,847.39,538.36,5141.31,2.38,938.45,938.45,22.68,5.14,115.88,23876.65,3525.0,12.0,448.0,48861.0,-4479.51,17314.19,14093.63,2854.82,2212.07,143440.40999999997,263.31,4.03,142556.57,2621.26,33.77,0.0,149627.8,1340419.96,0.52,5.41,149627.8,203.315,155034.73,224943.24,11200.38,2500.0,18715.99,12.51,151157.2,204025.02,204025.02,151157.2,151157.2,151157.2,147737.25,166433.22,204025.02,67389.28,165362.63,-2.2,22666.23,175387.565,14185.28,30828.38,151157.2,49.41,7762.56,4.22
Indonesia,2015,4,2015-Q4,7537.94,4786.69,13768.13,5927.73,560.12,7623.35,22028.67,7859.75,353.31,1682.07,0.0,3427.67,1590.39,11943.59,32420.27,1147.91,472.6,265.97,2880.41,2199.42,187.59,7141.85,0.0,21206.56,0.17,736.83,37027.9,7321.54,1834876.35,17756.46,182300.9,15.02,79210.32,21231.52,8.84,1706.08,13.95,95.13,2732.06,977.39,220652.48,8986.85,12007.8,1298.12,18951.83,5.84,6.87,7456.31,19608.58,4.84,4.07,199.95,19645.77,69.4,4157.32,6183.58,2030.93,17.88,8.55,33089.43,15.5,20.33,152.59,12619.81,93642.02,4640.58,1119.95,511.07,4914.76,2.18,955.42,955.42,20.99,4.87,115.88,24915.47,3571.0,12.0,450.0,51413.0,-7229.46,18653.17,20113.56,4152.27,1166.36,143440.40999999997,353.66,0.35,149979.56,2541.55,34.09,0.0,155893.58,1340419.96,0.52,5.38,155893.58,203.315,162748.99,224943.24,14117.53,2625.0,18860.73,12.1,153967.99,213423.02,213423.02,153967.99,153967.99,153967.99,147944.47,174895.02,213423.02,67389.28,165362.63,-3.39,23409.24,175387.565,18951.83,42394.44,153967.99,60.31,7456.31,4.22
Indonesia,2016,1,2016-Q1,7554.6,4742.4,14032.27,6310.92,330.07,7396.82,22680.98,7441.79,87.5,1737.67,0.0,3427.67,1623.12,11238.12,32829.03,1232.03,268.25,262.35,2950.92,2212.01,187.05,5962.3,0.0,21410.7,0.56,563.37,35918.97,6964.33,1834876.35,19820.9,191187.3,14.9,79210.32,23535.53,9.3,1706.08,13.95,92.35,4987.785,463.21,221972.95,8107.46,13853.41,282.61,4781.23,5.3,7.93,8179.22,24924.67,5.35,3.96,45.81,4886.76,69.4,4067.63,6422.61,566.08,3.64,8.93,31353.76,14.72,19.4,152.59,3372.61,92629.75,1014.44,257.24,195.39,5543.2,0.85,1907.5,1907.5,24.03,7.65,115.88,24207.71,3574.0,12.0,450.0,50372.0,-8911.66,23017.17,5506.28,3856.25,860.0,143440.40999999997,87.5,0.0,150571.11,2636.02,32.23,0.0,154778.47,1340419.96,1.0,9.62,154778.47,203.315,161649.8,224943.24,16251.1,500.0,19818.08,12.8,152967.35,213061.29,213061.29,152967.35,152967.35,152967.35,147136.11,174778.82,213061.29,67389.28,165362.63,-4.18,23064.59,175387.565,4781.23,11136.2,152967.35,70.46,8179.22,4.22
Indonesia,2016,2,2016-Q2,7730.95,4632.49,14275.02,6768.37,284.35,7444.77,24508.05,7771.5,184.44,1834.33,0.0,3427.67,1700.68,12296.84,34234.27,1289.75,670.3,262.9,3107.01,2380.67,190.55,5517.06,0.0,20885.22,0.0,358.33,34924.59,7126.85,1834876.35,19855.57,192246.24,14.72,79210.32,23185.17,9.28,1706.08,13.95,94.13,3433.28,774.69,222360.91,8219.56,12966.31,606.73,9500.65,5.2,7.32,8990.28,25653.35,5.68,4.93,88.96,9513.1,69.4,4168.87,6766.76,1117.94,7.36,9.02,27112.17,12.55,16.49,152.59,6435.71,95340.85,2279.11,505.09,306.97,5894.13,1.32,1504.89,1504.89,25.27,5.87,115.88,27523.65,3583.0,12.0,455.0,50488.0,-6243.24,24148.46,11186.95,3611.21,1488.0,143440.40999999997,184.44,0.0,149527.24,3096.15,34.44,0.0,158392.06,1340419.96,0.78,7.58,158392.06,203.315,164454.97,224943.24,15269.6,500.0,20059.18,12.66,158143.41,216117.67,216117.67,158143.41,158143.41,158143.41,150709.49,177050.89,216117.67,67389.28,165362.63,-2.89,23321.06,175387.565,9500.65,22412.27,158143.41,65.48,8990.28,4.22
Indonesia,2016,3,2016-Q3,7902.37,4734.37,15012.13,6663.51,115.17,7872.89,25033.22,7319.81,281.37,1930.87,0.0,3427.67,1681.31,12289.02,36122.16,1414.28,721.17,260.11,3321.58,2402.64,189.0,5507.19,0.0,31176.44,1.15,308.91,46687.37,7830.22,1834876.35,20175.87,198337.79,15.43,79210.32,25617.07,9.21,1706.08,13.95,95.05,4150.295,971.76,249461.7,7786.25,11691.4,888.06,13921.06,4.45,5.88,8314.84,26219.33,4.8,13.78,163.91,13099.78,69.4,3594.73,6880.68,1662.42,9.19,8.93,26095.65,10.79,14.06,152.59,9730.41,107838.57,2972.92,763.27,269.51,4237.95,1.05,1298.84,1298.84,16.5,4.95,115.88,27572.48,3127.0,13.0,475.0,50997.0,-7638.93,24920.49,5940.74,3997.28,2133.0,143440.40999999997,281.37,0.0,171403.78,4076.89,49.03,0.0,166447.35,1340419.96,0.65,6.44,166447.35,203.315,185572.43,224943.24,15678.56,500.0,22280.73,13.39,171979.31,241937.24,241937.24,171979.31,171979.31,171979.31,151157.2,198976.27,241937.24,67389.28,165362.63,-3.16,25677.57,175387.565,13921.06,32837.33,171979.31,61.06,8033.5,4.22
Indonesia,2016,4,2016-Q4,8122.73,4987.34,15529.39,7679.61,100.49,8390.1,25402.49,7611.31,387.53,1947.69,0.0,3427.67,1661.69,11728.78,37457.32,1603.84,633.59,8.89,3396.21,2715.09,182.2,5284.59,0.0,32146.95,0.0,891.77,47923.74,8162.69,1834876.35,20790.13,198935.58,16.63,22778.86,26385.27,8.96,1706.08,13.95,95.0,4888.625,1419.63,262321.27,8702.94,12340.57,1246.19,19701.9,4.9,5.98,7833.9,26728.95,4.41,19.97,241.79,18146.63,69.4,4672.01,7734.82,2344.04,12.44,8.68,30855.42,12.14,15.23,152.59,13403.26,110062.89,4649.08,1007.79,423.88,3850.91,1.56,1343.47,1343.47,14.18,5.03,115.88,29469.94,3127.0,13.0,473.0,51110.0,-8137.08,25391.37,21755.18,7222.86,3994.73,143440.40999999997,387.53,0.0,176936.74,3982.99,50.84,0.0,163305.8,1340419.96,0.68,6.46,163305.8,203.315,202655.23,224943.24,16883.5,1500.0,22778.86,13.95,177482.08,254184.19,254184.19,177482.08,177482.08,177482.08,153967.99,206406.68,254184.19,67389.28,165362.63,-3.2,27152.58,175387.565,20101.87,45047.32,177482.08,62.18,7833.9,4.22
Indonesia,2017,1,2017-Q1,8546.45,5125.39,16119.51,7442.9,102.8,7887.23,24854.6,7524.23,114.78,1858.81,0.0,3427.67,1279.58,11175.42,38554.43,1700.78,412.09,7.93,3615.99,2911.23,172.1,5305.55,0.0,33099.85,0.0,383.8,52060.58,8201.57,1834876.35,23447.92,226495.8,16.98,23768.04,27957.33,9.22,1706.08,14.36,89.67,6679.584999999999,705.64,265664.8,8500.15,11781.11,372.5,5423.99,4.77,5.53,8217.54,27522.94,4.61,21.03,59.86,4758.61,69.4,3515.58,4696.8,687.98,0.96,8.95,33575.1,13.02,16.88,152.59,3760.46,110858.04,1244.95,242.99,621.14,4581.55,2.21,2843.16,2843.16,16.3,10.33,115.88,29779.34,2533.0,13.0,462.0,51352.0,-7889.74,24679.78,5173.44,5189.02,3220.0,143440.40999999997,114.78,0.0,183420.03,3635.98,44.25,0.0,165508.98,1340419.96,1.26,12.13,165508.98,203.315,198953.86,224943.24,18929.2,500.0,23768.04,14.36,178080.68,257775.07,257775.07,178080.68,178080.68,178080.68,152967.35,213199.37,257775.07,67389.28,165362.63,-3.06,28104.13,175387.565,5539.72,11657.91,178080.68,67.35,8217.54,4.22
Indonesia,2017,2,2017-Q2,8520.76,5257.67,16852.72,7014.64,125.24,10083.4,25704.76,7904.45,234.44,1857.76,0.0,3427.67,1284.45,12025.7,38861.52,1871.96,368.99,8.05,3901.88,3186.52,171.31,5635.81,0.0,34517.78,0.0,414.67,49500.48,9939.62,1834876.35,23674.83,231916.88,16.42,23894.01,28348.9,8.79,1706.08,13.79,87.03,9862.895,1424.02,280249.21,7937.71,13388.91,780.54,10995.08,4.28,5.97,8293.33,22112.69,4.47,17.34,132.08,9704.34,69.4,6125.64,5817.17,1449.07,1.71,8.53,32990.09,12.14,15.69,152.59,7671.64,113423.5,2495.19,460.03,675.76,5242.52,2.37,2868.34,2868.34,18.42,12.97,115.88,32265.67,2536.0,13.0,472.0,52350.0,-8419.1,19244.35,7577.64,9930.14,2804.66,143440.40999999997,234.44,0.0,192154.09,3050.81,36.79,0.0,173317.15,1340419.96,1.24,12.12,173317.15,203.315,210328.09,224943.24,20703.8,500.0,23894.01,13.79,185570.05,271830.11,271830.11,185570.05,185570.05,185570.05,158143.41,224419.77,271830.11,67389.28,165362.63,-3.1,28455.7,175387.565,10995.08,20802.33,185570.05,72.76,8293.33,4.22
Indonesia,2017,3,2017-Q3,8375.32,5171.42,16644.06,6852.61,149.97,10562.59,25944.28,7454.89,355.04,1895.76,0.0,3427.67,1175.51,11973.09,39385.44,1939.74,321.12,7.21,4026.34,3305.86,146.92,5613.36,0.0,34897.23,0.0,309.5,53689.34,9293.96,1834876.35,22108.41,235612.55,16.05,22164.55,28186.97,8.03,1706.08,13.6,87.84,9546.51,1973.23,276708.57,7769.1,11504.03,1134.69,16757.81,4.17,4.95,8211.9,16019.81,4.41,8.24,240.48,14819.53,69.4,3342.37,4185.25,2244.54,2.47,8.01,31482.6,11.41,14.95,152.59,11577.43,113357.74,3895.3,687.09,621.14,5105.54,2.25,2596.67,2596.67,18.48,16.21,115.88,32581.93,2537.0,13.0,472.0,52400.0,-9996.57,14072.3,10797.1,9773.6,1430.72,143440.40999999997,355.04,0.0,199766.74,3106.36,37.83,0.0,172173.42,1340419.96,1.1,11.75,172173.42,203.315,210600.91,224943.24,22988.01,500.0,22164.55,13.6,186152.24,275945.57,275945.57,186152.24,186152.24,186152.24,171979.31,232348.67,275945.57,67389.28,165362.63,-2.92,27626.0,175387.565,16757.81,30934.15,186152.24,83.21,8211.9,4.22
Indonesia,2017,4,2017-Q4,8921.24,5034.41,16329.46,8097.07,161.06,10578.89,26135.33,7339.57,483.73,2040.51,0.0,3427.67,1363.62,11269.71,39714.79,1978.07,294.29,6.41,4212.99,3648.14,141.68,5810.87,0.0,36371.9,0.0,338.9,56371.25,9354.81,1834876.35,24259.69,238944.25,17.91,27169.91,31291.6,9.43,1706.08,15.64,92.53,10978.855,1696.71,297551.73,7700.77,11033.64,1555.44,22554.36,4.06,4.63,9030.19,21288.08,4.76,6.93,385.24,20069.64,69.4,6210.89,5470.42,3070.02,3.03,9.13,35833.71,12.44,16.26,152.59,15576.67,114457.6,5212.85,892.83,574.27,4879.59,1.85,1591.04,1591.04,15.69,7.47,115.88,35932.98,2585.0,13.0,471.0,51068.0,-9525.0,19697.04,14372.19,10375.78,3017.05,143440.40999999997,483.73,0.0,202459.87,4150.59,45.96,0.0,173694.52,1340419.96,0.67,6.56,173694.52,203.315,220372.53,224943.24,25279.92,500.0,27169.91,15.64,189788.9,288026.73,288026.73,189788.9,189788.9,189788.9,177482.08,238392.85,288026.73,67389.28,165362.63,-3.31,31105.15,175387.565,22554.36,41559.72,189788.9,81.27,9030.19,4.22
Indonesia,2018,1,2018-Q1,8526.02,4751.78,15685.9,8162.47,439.88,10687.34,25483.48,7372.21,138.22,2106.25,0.0,3427.67,1044.95,11171.61,39364.65,2015.0,249.09,4.03,4069.84,3574.42,142.36,7656.29,0.0,37198.94,0.0,357.11,57069.44,9589.48,1834876.35,28806.4,257838.54,18.47,29940.44,33335.23,10.17,1706.08,16.72,86.03,12517.37,889.32,303205.92,7966.33,12762.88,338.39,5704.65,4.19,5.21,8673.39,25719.74,4.56,6.73,99.07,5056.13,69.4,5784.71,3817.6,858.33,0.35,9.87,33894.77,11.52,15.19,152.59,3988.39,114834.74,1281.46,197.16,447.35,4828.35,1.35,3597.5,3597.5,14.6,13.99,115.88,36357.81,2350.0,13.0,468.0,50095.0,-8938.49,22127.76,4653.87,14897.08,2205.07,143440.40999999997,138.22,0.0,208462.23,3845.04,44.33,0.0,179057.01,1340419.96,1.4,12.49,179057.01,203.315,223069.37,224943.24,26452.58,500.0,29940.44,16.72,190063.63,294267.43,294267.43,190063.63,190063.63,190063.63,178080.68,244820.05,294267.43,67389.28,165362.63,-3.04,33072.41,175387.565,5704.65,11555.24,190063.63,79.98,8673.39,4.22
Indonesia,2018,2,2018-Q2,9961.88,3385.62,16391.24,7030.28,368.67,10859.11,26469.04,7267.63,277.92,2362.66,0.0,3427.67,872.76,10396.21,39845.19,1592.85,245.4,2.81,4202.22,3496.06,144.86,6975.37,0.0,37356.09,0.0,450.97,46161.65,10139.14,1834876.35,29605.58,258044.36,20.59,31404.79,36069.43,10.67,1706.08,17.86,84.64,14327.86,1998.59,302275.38,7431.28,13861.78,726.24,11425.98,3.92,5.75,7270.24,26376.56,3.83,2.21,180.47,9869.1,69.4,7154.62,3411.03,1731.74,0.98,10.39,30194.14,10.26,13.65,152.59,8007.28,114018.75,2585.09,374.25,689.42,4049.2,1.9,4052.44,4052.44,11.18,15.36,115.88,38759.06,2598.0,13.0,467.0,52350.0,-7956.59,22324.12,9282.32,15709.7,3626.0,143440.40999999997,277.92,0.0,202314.13,3221.05,44.3,0.0,175876.58,1340419.96,1.57,13.69,175876.58,203.315,221149.22,224943.24,35615.91,0.0,31404.79,17.86,189676.92,294318.8,294318.8,189676.92,189676.92,189676.92,185570.05,241073.19,294318.8,67389.28,165362.63,-2.7,36218.55,175387.565,11425.98,23166.28,189676.92,98.34,7270.24,4.22
Indonesia,2018,3,2018-Q3,9777.63,3364.36,16397.72,7946.88,376.62,12109.18,25505.51,7210.52,418.52,2509.6,0.0,3427.67,889.56,10670.22,41272.29,1592.52,209.54,5.78,4380.14,3763.27,118.32,10243.93,0.0,39656.45,0.09,535.41,53001.11,10923.46,1834876.35,30374.87,262002.23,21.25,33252.66,38102.56,10.86,1706.08,18.53,83.58,16224.89,3108.84,314258.8,6994.29,11286.36,1097.04,17371.7,3.52,4.49,7592.21,25413.55,3.82,6.65,257.04,14594.77,69.4,3362.68,3405.19,2610.53,1.36,10.58,27491.14,8.98,12.3,152.59,12106.03,118757.03,4034.39,554.36,758.09,4656.42,1.99,4172.22,4172.22,12.21,16.42,115.88,37072.8,2772.0,14.0,479.0,52590.0,-8138.12,21241.34,12736.27,11434.85,2206.26,143440.40999999997,418.52,0.0,214410.41,2935.8,38.67,0.0,179446.71,1340419.96,1.59,13.74,179446.71,203.315,223432.07,224943.24,39786.49,0.0,33252.66,18.53,198535.55,306120.68,306120.68,198535.55,198535.55,198535.55,186152.24,251483.21,306120.68,67389.28,165362.63,-2.66,38132.61,175387.565,17371.7,33815.55,198535.55,104.34,7592.21,4.22
Indonesia,2018,4,2018-Q4,9121.57,3027.88,16669.54,8136.35,373.36,14152.96,25081.76,6485.79,557.61,2731.81,0.0,3427.67,842.64,11519.11,41432.01,1555.73,132.91,2.82,4662.26,4348.46,114.75,9542.37,0.0,41861.01,0.0,503.27,55136.79,12155.86,1834876.35,31078.51,265859.99,20.12,33420.8,36975.72,10.55,1706.08,18.29,84.97,20994.305,3806.45,323950.94,6544.12,11244.52,1532.28,23297.29,3.23,4.37,6597.19,25176.45,3.26,6.59,310.36,19534.32,69.4,4753.11,3747.39,3634.24,1.85,10.32,33769.08,10.66,14.41,152.59,16289.42,118134.31,5420.86,717.19,271.87,3937.66,0.74,3783.44,3783.44,10.71,15.03,115.88,40954.37,2791.0,14.0,478.0,49516.0,-7259.63,21393.01,16448.09,10548.42,4606.0,143440.40999999997,557.61,0.0,216651.98,2659.54,40.31,0.0,182700.34,1340419.96,1.42,12.17,182700.34,203.315,234413.95,224943.24,43954.66,1600.0,33420.8,18.29,202298.34,316691.32,316691.32,202298.34,202298.34,202298.34,189788.9,257606.34,316691.32,67389.28,165362.63,-2.29,36764.18,175387.565,23297.29,44911.9,202298.34,119.56,6597.19,4.22
Indonesia,2019,1,2019-Q1,9747.01,2919.08,16923.16,7689.72,424.33,14507.15,24930.23,6400.84,141.52,2885.05,0.0,3427.67,814.09,11257.06,41370.8,1616.29,114.68,8.7,4861.77,4900.9,406.75,9530.37,0.0,43982.37,0.55,629.3,47318.35,10425.35,1834876.35,33861.87,279947.88,19.85,33816.78,37817.99,10.63,1706.08,18.09,82.91,23422.695,1146.99,325574.77,6360.29,14442.85,400.75,6142.25,3.09,5.5,7090.36,27150.11,3.44,8.34,91.48,4962.54,69.4,8702.13,2858.12,1078.88,0.57,10.39,32026.41,10.07,13.64,152.59,4206.62,118424.34,1549.98,151.92,715.82,4178.16,1.93,4639.29,4639.29,11.26,17.09,115.88,42580.18,2793.0,14.0,476.0,49482.0,-7517.21,22510.82,4183.67,13330.67,2647.6,143440.40999999997,141.52,0.0,220128.32,2912.2,41.07,0.0,186944.66,1340419.96,1.66,13.7,186944.66,203.315,234879.48,224943.24,42786.23,1600.0,33816.78,18.09,205920.17,318057.56,318057.56,205920.17,205920.17,205920.17,190063.63,262708.5,318057.56,67389.28,165362.63,-2.36,37113.65,175387.565,6142.1,11805.55,205920.17,115.28,7090.36,4.22
Indonesia,2019,2,2019-Q2,9804.32,3338.71,17320.64,7633.75,424.51,15654.29,25557.82,6210.38,293.14,2878.64,0.0,3427.67,879.39,12182.74,42795.2,1566.39,121.53,22.05,5044.27,5003.19,456.54,9433.63,0.0,45600.0,0.0,632.37,57269.21,10102.3,1834876.35,33843.0,283726.99,19.56,33923.24,38463.07,10.5,1706.08,17.81,79.68,25568.135,2539.49,330612.2,6276.85,10840.42,830.07,12343.64,2.95,4.07,7136.71,25375.49,3.36,12.06,191.57,10001.88,69.4,4936.24,2913.43,2088.65,0.99,10.26,37317.78,11.56,15.63,152.59,8478.17,120065.74,3075.97,303.65,634.02,4471.81,1.7,5156.47,5156.47,12.0,20.32,115.88,44663.07,2773.0,14.0,478.0,48000.0,-7663.66,20219.02,7490.96,10938.02,3302.0,143440.40999999997,293.14,0.0,221904.65,2664.9,37.34,0.0,190505.1,1340419.96,1.82,15.24,190505.1,203.315,238756.18,224943.24,37244.71,1600.0,33923.24,17.81,212560.36,322948.53,322948.53,212560.36,212560.36,212560.36,189676.92,266567.72,322948.53,67389.28,165362.63,-2.37,37254.69,175387.565,12343.48,22753.32,212560.36,99.97,7136.71,4.22
Indonesia,2019,3,2019-Q3,9994.21,3313.23,18194.31,7453.02,254.33,15451.58,26038.9,6198.17,446.62,3170.19,0.0,3427.67,769.9,11961.84,43719.24,1624.14,133.04,24.61,5422.79,5762.31,431.31,9345.93,0.0,48170.37,0.0,615.2,47034.13,11303.76,1834876.35,34369.07,286522.07,20.39,36056.26,40527.06,11.09,1706.08,18.67,78.74,27424.56,3947.29,333293.76,5849.8,9017.81,1248.34,18801.68,2.68,3.37,7239.77,24799.67,3.32,9.83,290.97,15135.0,69.4,3950.66,2994.58,3359.72,1.64,10.82,28039.8,8.63,12.0,152.59,12846.3,122070.28,4771.63,444.37,497.73,4450.36,1.26,5273.07,5273.07,11.3,21.26,115.88,44937.67,2805.0,14.0,479.0,50000.0,-8263.3,19526.6,10467.93,14171.2,1262.0,143440.40999999997,446.62,0.0,222405.39,2789.41,38.53,0.0,193148.39,1340419.96,1.84,15.34,193148.39,203.315,233600.73,224943.24,41825.87,1600.0,36056.26,18.67,218048.61,325030.46,325030.46,218048.61,218048.61,218048.61,198535.55,267343.06,325030.46,67389.28,165362.63,-2.54,39380.58,175387.565,18801.53,33877.67,218048.61,106.21,7239.77,4.22
Indonesia,2019,4,2019-Q4,10300.99,2840.05,18159.81,7037.19,247.54,17078.05,26578.1,6549.24,602.29,3241.95,0.0,3427.67,679.9,12392.13,44644.62,1547.45,107.17,15.55,5804.36,6648.2,382.39,9792.5,0.0,50395.25,0.09,703.24,57153.86,12722.03,1834876.35,34987.33,292108.5,20.59,37299.22,41847.31,10.65,1706.08,18.86,77.9,31944.43,5597.9,359878.1,5471.76,10572.47,1744.67,25353.23,2.43,3.66,7262.79,25337.19,3.23,11.29,382.93,20397.91,69.4,4276.95,3718.37,4599.68,1.94,10.36,37861.7,10.81,14.98,152.59,17317.2,122724.94,6460.14,588.57,296.37,4240.68,0.73,5599.0,5599.0,10.42,22.1,115.88,51737.06,2827.0,14.0,480.0,49654.0,-9514.55,19738.19,14270.7,21146.37,1498.0,143440.40999999997,602.29,0.0,237240.77,3022.11,41.61,0.0,197726.56,1340419.96,1.92,16.0,197726.56,203.315,252789.11,224943.24,42640.62,1600.0,37299.22,18.86,225145.75,350363.54,350363.54,225145.75,225145.75,225145.75,202298.34,288977.83,350363.54,67389.28,165362.63,-2.72,40715.1,175387.565,25353.08,45968.29,225145.75,104.73,7262.79,4.22
Indonesia,2020,1,2020-Q1,10296.97,3107.63,18242.16,7194.14,164.35,18480.87,26656.34,6527.7,188.41,3037.05,0.0,3427.67,668.26,11907.29,45399.18,1533.62,110.29,15.11,5455.25,6025.06,348.4,11487.46,0.0,50956.35,0.0,780.47,52306.86,11373.43,1834876.35,38031.21,365580.98,20.36,38332.38,43129.57,10.95,1706.08,18.69,76.65,34282.405,1619.39,358224.11,6585.3,17167.92,533.15,6659.75,2.88,5.93,7827.68,26992.43,3.43,10.91,105.51,4968.86,69.4,6042.25,2922.17,1095.63,0.33,10.7,35039.9,10.01,13.83,152.59,4356.97,124191.09,1863.43,145.1,150.88,4460.55,0.36,6303.13,6303.13,10.68,23.35,115.88,55122.02,2827.0,14.0,478.0,49923.0,-8274.56,20689.31,3553.9,24958.72,1415.02,143440.40999999997,188.41,0.0,234240.47,3367.13,43.02,0.0,205071.16,1340419.96,1.72,16.57,205071.16,203.315,253281.82,224943.24,38247.78,1746.88,38332.38,18.69,228393.94,349949.55,349949.55,228393.94,228393.94,228393.94,205920.17,289362.49,349949.55,67389.28,165362.63,-2.36,41747.71,175387.565,6659.75,11842.42,228393.94,91.62,7827.68,4.22
Indonesia,2020,2,2020-Q2,11506.51,4058.7,18030.95,7593.48,141.2,17110.92,27430.14,6852.97,481.34,3294.39,0.0,3427.67,863.98,11423.78,46136.6,1729.41,128.03,13.03,5551.29,5682.74,336.61,10636.21,0.0,53921.29,2.16,415.09,50235.14,11423.83,1834876.35,38396.53,357939.88,21.2,39186.11,43562.8,11.0,1706.08,19.55,80.58,36762.76,2443.05,364215.98,5822.27,15502.27,922.03,12617.58,2.5,5.28,7768.41,24605.13,3.34,9.55,191.3,9555.31,69.4,4732.97,2521.66,2311.51,0.63,10.76,39248.55,11.01,15.15,152.59,8186.95,128087.36,3486.25,271.12,96.96,4310.46,0.23,4778.89,4778.89,10.15,19.42,115.88,58535.15,2837.0,14.0,489.0,49956.0,-7771.55,19826.24,6132.18,25692.4,3701.0,143440.40999999997,481.34,0.0,234839.08,3457.94,44.51,0.0,200432.38,1340419.96,1.34,12.45,200432.38,203.315,259073.0,224943.24,42810.4,1746.88,39186.11,19.55,232859.48,356330.4,356330.4,232859.48,232859.48,232859.48,212560.36,293374.23,356330.4,67389.28,165362.63,-2.18,42488.39,175387.565,12617.58,21983.3,232859.48,100.76,7768.41,4.22
Indonesia,2020,3,2020-Q3,12820.77,4168.96,18388.86,6740.28,193.76,18416.8,27833.3,7755.91,726.39,3423.92,0.0,3427.67,871.42,9619.17,47757.9,1416.07,107.82,16.22,5614.52,5487.36,285.37,10576.34,0.0,58338.02,2.33,672.99,60709.85,12330.99,1834876.35,38664.66,349487.67,20.41,39322.96,44029.24,10.48,1706.08,18.76,80.75,37352.38,3616.01,384039.68,6071.68,16179.27,1381.54,19182.34,2.52,5.18,7879.3,24929.77,3.28,10.3,264.8,14340.98,69.4,6987.06,3527.98,3212.68,0.98,10.24,66228.99,17.65,24.28,152.59,12502.0,133806.47,5302.48,385.69,198.6,3991.48,0.46,4798.13,4798.13,9.33,19.25,115.88,66376.15,2755.0,14.0,490.0,49978.0,-8883.07,20131.64,9402.2,22785.11,1419.5,143440.40999999997,726.39,0.0,245725.88,3887.82,49.34,0.0,209605.61,1340419.96,1.37,12.41,209605.61,203.315,272761.78,224943.24,44166.5,1746.88,39322.96,18.76,240508.1,375156.62,375156.62,240508.1,240508.1,240508.1,218048.61,312102.03,375156.62,67389.28,165362.63,-2.37,42778.8,175387.565,19182.34,33178.76,240508.1,103.24,7879.3,4.22
Indonesia,2020,4,2020-Q4,12827.75,3826.87,19109.13,6728.07,252.69,19952.03,28596.1,7690.74,984.35,3379.65,0.0,3427.67,941.63,8966.12,48554.92,1341.41,133.81,16.41,5724.66,5042.7,285.96,9750.95,0.0,62600.52,2.09,808.22,53155.45,16300.1,1834876.35,39427.66,350991.76,21.64,43304.42,48121.67,10.91,1706.08,20.0,80.1,38935.08,5087.03,406882.6,6001.22,19168.4,1973.7,26115.61,2.43,5.94,7712.92,25818.76,3.13,9.5,331.51,19246.71,69.4,10453.53,4461.66,4442.1,1.24,10.64,75628.26,19.05,26.2,152.59,17103.91,136989.55,7184.27,510.33,131.56,3877.31,0.28,5137.25,5137.25,8.28,19.9,115.88,74468.15,2800.0,14.0,488.0,49978.0,-9809.63,20681.51,12712.89,32158.44,3485.3,143440.40999999997,984.35,0.0,248384.39,3835.61,49.73,0.0,216547.34,1340419.96,1.46,13.03,216547.34,203.315,288672.48,224943.24,54773.12,1851.69,43304.42,20.0,246532.44,397072.97,397072.97,246532.44,246532.44,246532.44,225145.75,322852.55,397072.97,67389.28,165362.63,-2.47,46854.39,175387.565,26115.61,45244.3,246532.44,116.9,7712.92,4.22
Indonesia,2021,1,2021-Q1,12784.08,4020.26,18121.2,6329.17,317.25,18115.35,29056.69,7683.86,229.84,3369.85,0.0,3427.67,969.86,9264.25,49196.84,1141.42,125.57,14.3,5744.43,5277.0,283.19,9985.8,0.0,65140.8,1.82,1238.03,51216.51,16017.05,1834876.35,40888.24,328647.2,24.45,44692.99,49513.4,11.37,1706.08,22.87,77.0,42704.095,1832.35,401884.96,6066.48,13155.1,469.08,6685.48,2.44,4.12,8022.98,32199.52,3.23,8.66,46.28,4586.47,69.4,4710.61,3969.68,1318.53,0.23,11.12,50205.84,12.77,42.33,152.59,4462.9,137915.61,1834.7,111.54,45.52,3465.6,0.1,7375.4,7375.4,7.25,22.91,115.88,68712.13,3355.0,12.0,502.0,50483.0,-8716.47,24794.88,4240.18,27479.32,2844.6,143440.40999999997,229.84,0.0,250259.93,4557.38,56.8,0.0,195383.53,1340419.96,2.24,18.04,195383.53,203.315,118611.47,224943.24,61581.03,1851.69,44692.99,22.87,248181.01,393168.48,393168.48,248181.01,248181.01,248181.01,228393.94,318972.06,393168.48,67389.28,165362.63,-2.22,47774.33,175387.565,6685.48,12713.27,248181.01,128.9,8022.98,4.22
Indonesia,2021,2,2021-Q2,12915.56,3730.53,18111.83,6294.58,346.56,18788.72,30789.33,7365.65,469.47,3480.73,0.0,3427.67,922.94,8724.5,50144.87,983.43,127.88,12.42,5982.02,5588.33,259.62,9753.7,0.0,67756.24,1.55,1250.77,51874.7,14346.56,1834876.35,43174.39,349307.34,24.26,46007.84,50992.44,11.18,1706.08,22.76,78.97,44555.005000000005,3701.72,421366.39,6507.57,11564.75,980.59,13640.36,2.57,3.42,8231.22,35028.3,3.25,8.79,105.65,8703.65,69.4,5674.34,3982.25,2628.69,0.45,10.92,50043.61,12.16,15.53,152.59,9274.56,141581.29,3570.55,219.69,58.01,3459.42,0.12,7367.37,7367.37,7.06,21.03,115.88,67495.91,3537.0,12.0,501.0,51472.0,-9905.25,27660.93,9132.41,38547.53,2388.0,143440.40999999997,469.47,0.0,270404.29,4771.8,57.97,0.0,202106.62,1340419.96,2.11,17.06,202106.62,203.315,322162.16,224943.24,62032.82,1851.69,46007.84,22.76,253331.75,411461.14,411461.14,253331.75,253331.75,253331.75,232859.48,337900.2,411461.14,67389.28,165362.63,-2.41,49022.73,175387.565,13640.36,26382.05,253331.75,126.54,8231.22,4.22
Indonesia,2021,3,2021-Q3,13408.89,3808.32,17886.12,6153.48,336.04,18730.14,32614.87,6945.42,701.5,3468.53,0.0,3427.67,986.02,8070.84,50674.83,1418.91,132.37,0.84,6086.61,6105.04,225.35,9016.05,0.0,69605.91,0.0,1198.2,50436.1,15196.03,1834876.35,44395.65,359186.25,24.96,46983.02,51913.65,11.22,1706.08,23.59,76.38,47632.52,5512.81,429355.42,6414.8,10191.72,1492.0,20122.64,2.5,2.99,8190.8,30255.06,3.19,6.8,163.2,13035.32,69.4,3015.74,3901.93,4011.74,0.64,10.94,41213.88,9.84,12.7,152.59,13498.28,143571.52,5434.31,324.72,11.75,3557.55,0.02,7144.87,7144.87,7.16,23.62,115.88,67871.81,3879.0,12.0,498.0,45436.0,-10589.0,23110.19,10394.9,44493.68,4511.94,143440.40999999997,701.5,0.0,273463.88,4633.24,56.57,0.0,199135.82,1340419.96,1.99,16.09,199135.82,203.315,324598.9,224943.24,63948.15,1907.19,46983.02,23.59,256872.75,418766.42,418766.42,256872.75,256872.75,256872.75,240508.1,341335.69,418766.42,67389.28,165362.63,-2.53,49703.93,175387.565,20122.64,36021.28,256872.75,128.66,8190.8,4.22
Indonesia,2021,4,2021-Q4,13787.72,3715.53,16414.79,5810.66,302.18,19022.2,31387.93,6056.88,862.6,3216.27,0.0,3427.67,1516.15,7647.42,49977.23,2774.87,141.69,4.93,6148.84,5847.92,197.81,8711.62,0.0,72734.13,0.0,802.58,60548.88,10416.78,1834876.35,44868.17,367057.87,25.71,47861.5,52780.0,10.83,1706.08,24.29,79.98,49463.7,6224.15,453036.53,7802.62,11573.94,2199.2,26926.02,3.05,3.17,6623.81,30507.84,2.59,3.93,172.6,16923.24,69.4,2597.25,3741.08,5355.92,0.83,10.56,44662.87,10.11,12.68,152.59,18251.16,144180.48,7220.25,418.59,90.47,2064.17,0.18,6107.83,6107.83,4.07,20.02,115.88,74997.18,3879.0,12.0,500.0,50708.0,-11247.69,24400.01,13424.22,48253.94,5004.76,143440.40999999997,862.6,0.0,290423.94,4559.64,68.84,0.0,197056.95,1340419.96,1.66,13.61,197056.95,203.315,352196.71,224943.24,74169.43,4425.09,47861.5,24.29,256219.33,441788.83,441788.83,256219.33,256219.33,256219.33,246532.44,365421.12,441788.83,67389.28,165362.63,-2.55,50660.91,175387.565,26926.02,47905.36,256219.33,146.4,6623.81,4.22
Indonesia,2022,1,2022-Q1,15017.67,4255.75,17287.74,5796.43,293.22,18566.94,32162.27,5733.81,216.79,3309.05,0.0,3427.67,1161.15,7546.72,52210.28,3222.4,102.19,1.59,6873.77,5949.23,181.72,8344.33,0.0,76656.35,0.0,623.32,54519.86,9983.71,1834876.35,50021.96,403622.56,23.13,50702.0,57411.06,11.35,1706.08,21.06,83.49,49374.125,2221.86,459211.16,8401.08,12949.46,675.42,6825.08,3.17,3.53,6883.85,61886.09,2.59,6.9,39.4,3837.91,69.4,2548.54,3248.14,1320.78,0.13,11.04,33533.6,7.5,9.57,152.59,4629.6,149363.7,1847.14,84.17,337.81,2178.76,0.61,10215.92,10215.92,3.91,16.51,115.88,75295.62,3847.0,12.0,491.0,50708.0,-12361.54,51670.17,10227.1,39070.78,4386.69,143440.40999999997,216.79,0.0,292062.24,4705.09,68.35,0.0,240714.66,1340419.96,2.53,20.42,240714.66,203.315,350405.82,224943.24,85414.51,4462.17,50702.0,21.06,265295.94,446849.62,446849.62,265295.94,265295.94,265295.94,248181.01,367357.86,446849.62,67389.28,165362.63,-2.77,55666.19,175387.565,6817.23,19048.38,265295.94,153.44,6883.85,4.22
Indonesia,2022,2,2022-Q2,15148.81,5652.36,17596.2,7122.89,277.91,20339.25,33884.73,5578.91,438.34,3493.49,0.0,3427.67,3344.3,9060.44,54293.84,3165.39,88.87,1.46,6259.51,6861.71,143.51,8228.46,0.0,80476.87,0.0,633.32,53698.86,9907.42,1834876.35,50533.69,407046.17,23.27,51794.59,58826.36,11.28,1706.08,21.24,71.47,52443.93,4583.3,473461.6,8247.06,11173.62,1487.91,13980.56,2.93,2.93,7416.94,37124.59,2.63,11.18,71.49,7584.81,69.4,2421.53,3255.03,2610.53,0.26,10.94,36293.8,7.91,9.94,152.59,9518.88,154890.75,3754.34,177.57,111.57,2305.66,0.2,10593.37,10593.37,4.06,28.53,115.88,78669.64,3938.0,12.0,481.0,50708.0,-14464.39,26531.22,7496.34,33740.4,1645.34,143440.40999999997,438.34,0.0,302175.94,5111.28,68.91,0.0,243800.36,1340419.96,2.6,20.96,243800.36,203.315,365264.52,224943.24,87484.19,4517.48,51794.59,21.24,281652.24,458997.21,458997.21,281652.24,281652.24,281652.24,253331.75,380845.58,458997.21,67389.28,165362.63,-3.15,56729.12,175387.565,13960.88,25575.34,281652.24,154.21,7416.94,4.22
Indonesia,2022,3,2022-Q3,18529.4,6119.14,18092.86,5883.66,322.1,21437.26,35293.68,5937.37,676.04,3903.02,0.0,3427.67,3015.73,9290.46,57571.31,3258.1,80.51,0.84,7031.73,6136.69,119.28,8477.32,0.0,99592.56,0.0,634.12,63522.83,11403.56,1834876.35,52251.16,422722.12,23.52,58895.16,64427.3,11.9,1706.08,22.16,71.6,58941.380000000005,7268.31,508530.94,8542.5,10781.41,2293.26,21789.73,2.75,2.64,7996.74,34587.23,2.57,20.97,121.04,11587.88,69.4,2366.61,4241.07,3939.98,0.38,11.58,36652.38,7.41,9.51,152.59,14708.23,177456.02,5975.1,268.06,245.47,2068.28,0.39,11263.67,11263.67,3.31,32.57,115.88,81566.0,4339.0,13.0,502.0,50708.0,-13584.03,24763.81,9651.5,23802.15,2260.0,143440.40999999997,676.04,0.0,326474.64,5928.46,74.14,0.0,265748.61,1340419.96,2.66,21.56,265748.61,203.315,385596.59,224943.24,94528.17,4574.34,58895.16,22.16,310727.14,494946.9,494946.9,310727.14,310727.14,310727.14,256872.75,408040.64,494946.9,67389.28,165362.63,-2.74,62503.37,175387.565,21748.85,37674.47,310727.14,151.24,7996.74,4.22
Indonesia,2022,4,2022-Q4,19900.92,4951.18,19252.29,5737.26,338.18,22171.47,34637.88,6376.95,917.48,4004.32,0.0,3427.67,3361.15,9993.11,59955.38,3088.76,98.52,1.38,7479.7,7170.67,152.96,8409.1,0.0,104883.2,0.0,634.91,80166.9,13428.09,1834876.35,54419.52,431210.1,26.28,66221.65,73461.35,12.45,1706.08,24.42,71.95,63465.525,9596.03,545809.49,7101.72,12842.77,3121.31,30175.68,2.2,2.99,7575.66,34550.42,2.35,25.91,216.57,16232.45,69.4,2304.09,5382.59,5539.01,0.61,12.13,49413.64,9.29,11.93,152.59,20271.19,183285.58,8323.06,351.19,87.72,2060.39,0.12,11153.71,11153.71,2.89,32.28,115.88,87613.12,4397.0,13.0,392.0,50708.0,-13949.6,24859.01,12169.62,26516.84,6034.0,143440.40999999997,917.48,0.0,341415.65,5515.27,72.8,0.0,271177.06,1340419.96,2.59,20.5,271177.06,203.315,414064.32,224943.24,100272.75,4525.09,66221.65,24.42,322599.31,531859.89,531859.89,322599.31,322599.31,322599.31,256219.33,429028.76,531859.89,67389.28,165362.63,-2.62,71269.84,175387.565,30080.09,51005.63,322599.31,140.69,7575.66,4.22
Indonesia,2023,1,2023-Q1,20663.58,4697.47,20034.47,5711.37,312.1,21982.08,34751.85,6440.67,259.64,4062.01,0.0,3427.67,5118.06,10479.61,60852.9,3016.99,338.86,0.81,7539.94,7413.7,61.3,8569.17,0.0,108485.78,0.0,575.7,72067.65,13256.47,1834876.35,67496.99,476822.42,25.95,68165.15,75722.21,12.63,1706.08,24.22,68.47,67867.68,2875.59,553859.73,6617.45,20394.4,816.53,8262.7,2.0,4.66,7865.58,37030.37,2.38,24.81,78.86,5596.83,69.4,3410.38,4460.19,1761.55,0.09,12.31,54395.07,10.07,12.99,152.59,5383.28,185555.91,2458.36,79.56,71.5,2147.24,0.1,13862.85,13862.85,2.94,37.44,115.88,84580.89,4407.0,13.0,392.0,50708.0,-13940.97,25356.41,4068.68,27547.32,4500.0,143440.40999999997,259.64,0.0,352859.18,5718.34,72.7,0.0,281402.27,1340419.96,2.91,20.54,281402.27,203.315,418664.65,224943.24,105785.01,4539.83,68165.15,24.22,331108.4,539918.76,539918.76,331108.4,331108.4,331108.4,265295.94,437440.07,539918.76,67389.28,165362.63,-2.58,73021.33,175387.565,8259.79,14909.44,331108.4,144.87,7865.58,4.22
Indonesia,2023,2,2023-Q2,22819.2,4943.05,20971.04,5642.81,305.1,23886.38,34657.06,7613.76,529.09,4078.42,0.0,3427.67,7021.61,10075.88,61920.39,2956.74,367.74,0.56,8027.14,7983.06,61.16,8885.46,0.0,110521.99,0.0,497.89,73996.74,28343.9,1834876.35,67664.68,478420.38,25.35,68390.97,76337.61,12.64,1706.08,23.61,68.24,71749.07999999999,5540.99,555062.42,7533.49,15215.51,1540.59,16886.11,2.19,3.6,8093.34,35359.9,2.36,21.87,162.2,11286.57,69.4,2685.11,4976.51,3437.48,0.09,12.32,42308.68,7.82,10.08,152.59,11046.12,187305.4,4974.36,170.37,284.99,2330.06,0.39,13268.6,13268.6,3.17,37.52,115.88,81049.02,4416.0,13.0,392.0,50708.0,-13990.83,24130.04,7234.46,20008.74,4431.0,143440.40999999997,529.09,0.0,341376.77,5763.29,71.21,0.0,289667.8,1340419.96,2.77,19.61,289667.8,203.315,419523.84,224943.24,101144.58,4556.79,68390.97,23.61,343236.43,541071.6,541071.6,343236.43,343236.43,343236.43,281652.24,422425.79,541071.6,67389.28,165362.63,-2.59,73440.05,175387.565,16882.22,29098.64,343236.43,137.72,8093.34,4.22
Indonesia,2023,3,2023-Q3,24006.41,5529.27,20739.94,5547.0,363.54,26816.59,35586.51,7635.65,811.09,4358.96,0.0,3427.67,5952.59,10938.97,63094.89,4623.05,166.02,0.49,8141.83,8326.77,75.53,9560.14,0.0,114738.33,0.0,961.8,58498.58,24387.6,1834876.35,68238.3,483995.36,25.14,69930.5,78157.62,12.69,1706.08,23.45,64.94,76505.275,8199.59,563753.45,8533.62,20737.24,2369.18,25713.82,2.39,4.79,8135.01,37567.18,2.28,14.81,199.26,17048.92,69.4,7328.16,5601.41,5036.76,0.21,12.4,50008.38,9.08,11.63,152.59,16687.71,190806.99,7738.1,266.14,297.27,2472.63,0.4,13169.57,13169.57,3.3,35.06,115.88,84523.33,4425.0,13.0,393.0,50708.0,-12832.18,24397.61,10975.51,31513.67,5545.0,143440.40999999997,811.09,0.0,348143.6,5662.38,69.61,0.0,298193.56,1340419.96,2.72,19.3,298193.56,203.315,429897.27,224943.24,96837.1,4562.71,69930.5,23.45,356743.76,550921.27,550921.27,356743.76,356743.76,356743.76,310727.14,432666.93,550921.27,67389.28,165362.63,-2.33,74979.57,175387.565,25702.51,44095.28,356743.76,129.15,8135.01,4.22
Indonesia,2023,4,2023-Q4,25375.59,4812.52,21973.84,7613.97,364.29,26795.86,35622.93,8153.38,1103.47,4586.11,0.0,3427.67,6118.82,12143.73,64855.71,2358.33,254.6,0.14,8685.15,9069.39,67.82,9727.12,0.0,118906.53,0.0,890.52,79487.06,31725.92,1834876.35,69076.42,491932.7,25.41,72035.09,79327.21,12.11,1706.08,23.67,66.69,82666.75,10246.55,607349.78,8034.02,26137.04,3223.42,34854.96,2.18,5.61,7728.21,37734.37,2.1,14.19,311.34,23507.43,69.4,4585.22,6504.18,6898.77,0.27,11.86,61101.77,10.27,13.51,152.59,22451.73,191795.19,10594.47,371.49,820.29,2337.34,1.06,12567.66,12567.66,3.02,33.31,115.88,92755.2,4450.0,13.0,393.0,50708.0,-12641.05,25166.71,14627.78,44075.83,6543.18,143440.40999999997,1103.47,0.0,373176.41,5390.87,69.76,0.0,304271.52,1340419.96,2.55,18.19,304271.52,203.315,452427.08,224943.24,98184.29,4676.64,72035.09,23.67,368376.35,594708.74,594708.74,368376.35,368376.35,368376.35,322599.31,465931.61,594708.74,67389.28,165362.63,-2.13,77317.8,175387.565,34832.77,59604.93,368376.35,126.99,7728.21,4.22
Indonesia,2024,1,2024-Q1,26366.62,5015.66,22567.16,7149.61,357.42,25834.41,38349.72,9464.74,299.31,4627.84,0.0,3427.67,5500.6,12483.23,66512.15,2778.28,246.91,0.11,8809.81,9091.74,79.75,9943.38,0.0,122780.09,0.0,431.73,79152.64,28219.0,1834876.35,74435.9,537232.07,25.66,74945.65,82194.55,12.41,1706.08,23.95,63.66,87630.285,3000.41,615819.07,8209.7,26978.2,762.84,9404.85,2.17,5.65,7715.22,40377.88,2.04,14.28,89.15,6423.15,69.4,6051.83,5132.96,1803.64,0.05,12.17,68702.05,11.38,14.61,152.59,5506.19,191254.36,3385.42,121.93,91.48,2403.39,0.11,14672.93,14672.93,2.99,36.34,115.88,92697.02,4483.0,14.0,427.0,50708.0,-12037.13,25704.95,4017.36,40320.36,6159.5,143440.40999999997,299.31,0.0,384703.78,5311.82,68.85,0.0,312982.67,1340419.96,2.73,19.71,312982.67,203.315,470366.12,224943.24,99866.15,4675.12,74945.65,23.95,378390.95,603781.94,603781.94,378390.95,378390.95,378390.95,331108.4,477400.8,603781.94,67389.28,165362.63,-1.99,80299.15,175387.565,9402.05,15988.68,378390.95,124.37,7715.22,4.22
Indonesia,2024,2,2024-Q2,28809.42,6906.92,22889.99,7239.82,382.11,26776.54,37577.95,9505.21,604.91,4851.13,0.0,3427.67,7478.0,10927.55,67452.67,2765.01,104.09,0.12,8897.59,9349.33,95.54,10552.69,0.0,126834.64,0.0,364.01,68114.08,29501.4,1834876.35,74817.52,543570.32,25.52,75480.96,83030.53,12.44,1706.08,23.82,62.91,91170.325,6128.11,619494.89,10784.6,28303.23,1621.91,18829.59,2.77,5.96,7966.26,39749.77,2.04,13.55,180.09,12983.8,69.4,5427.77,5482.41,3624.38,0.1,12.18,65219.15,10.75,13.9,152.59,11028.96,191404.49,6773.01,239.67,163.7,2624.65,0.2,14742.14,14742.14,3.25,37.09,115.88,92870.85,4546.0,14.0,426.0,50708.0,-12607.76,25007.62,7821.25,42555.23,6541.37,143440.40999999997,604.91,0.0,381779.68,5341.61,67.05,0.0,316871.35,1340419.96,2.71,19.7,316871.35,203.315,469259.62,224943.24,101029.72,7680.89,75480.96,23.82,389760.33,606887.13,606887.13,389760.33,389760.33,389760.33,343236.43,474650.53,606887.13,67389.28,165362.63,-2.08,80879.24,175387.565,18826.75,31897.13,389760.33,124.91,7966.26,4.22
Indonesia,2024,3,2024-Q3,29158.98,5478.81,23659.65,7078.19,419.2,29069.06,37684.46,9877.94,945.04,5497.29,0.0,3427.67,6794.09,11652.32,68664.92,1573.78,167.91,0.1,9046.2,10241.83,98.28,11031.94,0.0,133266.59,0.0,215.44,74027.22,30319.54,1834876.35,75514.85,549470.06,25.51,77855.87,85783.61,12.56,1706.08,23.76,63.66,96126.73,9095.27,632530.68,8354.56,29232.65,2576.63,28609.48,2.09,6.05,8575.48,40005.31,2.14,12.32,297.19,19811.89,69.4,3700.18,5234.73,5567.16,0.1,12.31,59927.0,9.67,12.38,152.59,16550.67,192782.7,10462.2,351.31,97.34,3065.33,0.12,14539.82,14539.82,3.67,36.34,115.88,94522.13,5709.0,14.0,426.0,50708.0,-12720.7,25465.48,11696.33,43803.39,7473.13,143440.40999999997,945.04,0.0,388783.69,5510.15,64.25,0.0,327652.65,1340419.96,2.65,19.25,327652.65,203.315,484069.39,224943.24,97602.21,7693.15,77855.87,23.76,400676.98,619809.98,619809.98,400676.98,400676.98,400676.98,356743.76,483305.82,619809.98,67389.28,165362.63,-2.05,83589.59,175387.565,28606.51,48449.6,400676.98,116.76,8575.48,4.22
Indonesia,2024,4,2024-Q4,31851.96,6233.46,24334.7,9246.58,434.26,25769.56,38688.91,10283.06,3090.96,5599.01,0.0,3427.67,4083.76,11850.45,70498.45,2723.79,72.55,11730.65,103.07,11212.58,0.05,8904.88,0.0,139404.64,0.0,229.03,101363.58,40227.97,1834876.35,76403.21,642210.66,25.3,79462.65,88171.75,11.96,1706.08,23.64,63.45,100750.655,12622.68,677458.04,9767.47,28581.99,3984.65,38829.06,2.36,5.59,8601.5,41131.84,2.08,112.18,5587.74,26857.95,69.4,3264.63,6066.19,7721.55,0.21,11.73,84835.77,12.76,16.57,152.59,22264.28,193852.09,14347.42,482.02,150.77,2921.01,0.18,15034.39,15034.39,3.43,36.55,115.88,100147.91,7399.0,14.0,427.0,50708.0,-12846.71,26097.45,15451.4,55664.23,11054.87,143440.40999999997,1335.38,11407.433333333334,411226.25,5680.49,66.04,0.0,336203.77,1340419.96,2.34,19.68,336203.77,203.315,511996.12,224943.24,91063.51,7716.39,79462.65,23.64,413255.38,664611.33,664611.33,413255.38,413255.38,413255.38,368376.35,511374.15,664611.33,67389.28,165362.63,-1.93,85059.18,85059.18,38826.11,65986.66,413255.38,107.06,8601.5,4.22
Indonesia,2025,1,2025-Q1,32253.0,6527.18,24042.97,9660.57,410.54,24855.44,38868.98,10947.74,3090.96,5757.33,0.0,3427.67,6150.04,11182.54,71383.62,3344.56,125.13,11969.09,111.06,11252.01,50.04,8882.38,0.0,144026.98,0.0,235.64,90336.65,42365.91,1834876.35,80834.73,654497.85,25.08,81689.24,90277.15,12.48,1706.08,23.46,66.55,106930.04,3366.95,668409.2,10280.23,29778.2,1123.05,10125.5,2.44,5.98,9126.14,10145.73,2.16,111.53,5756.72,7133.56,69.4,4704.12,6296.34,1964.97,0.21,12.22,110667.69,16.91,21.49,152.59,5498.61,194315.94,4015.26,127.62,161.2,3342.83,0.18,3338.66,13354.64,3.83,32.91,115.88,99323.04,7467.0,14.0,427.0,50708.0,13911.36,6752.48,4150.32,44265.03,10181.58,143440.40999999997,405.68,11951.8,398328.83,5783.32,63.37,0.0,348241.36,1340419.96,2.04,16.52,348241.36,203.315,514968.16,224943.24,93155.19,7724.99,81689.24,23.46,422036.86,654497.85,654497.85,422036.86,422036.86,422036.86,378390.95,497651.87,654497.85,67389.28,165362.63,2.13,87339.73,87339.73,10125.58,17363.83,422036.86,106.66,9126.14,4.22
Indonesia,2025,2,2025-Q2,32540.94,7139.53,23544.81,9832.16,484.97,24185.18,38321.1,10935.48,3090.96,5870.78,0.0,3427.67,8094.81,9679.22,72162.23,3189.11,425.44,12306.05,113.01,11206.53,69.37,9027.23,0.0,150030.43,0.0,231.02,78033.18,29008.64,1834876.35,81102.45,654193.72,24.99,82275.91,91526.37,12.58,1706.08,23.37,66.53,107994.01,6595.25,667456.74,9876.77,30912.55,2188.14,20404.95,2.3,6.09,9389.65,9831.46,2.19,110.17,6090.92,19304.6,69.4,4880.59,4296.62,3847.41,0.69,12.33,103856.83,15.88,20.43,152.59,10999.35,194064.45,8133.17,249.71,173.35,3609.75,0.2,3171.64,12686.57,4.1,32.26,115.88,101631.61,7468.0,14.0,428.0,50708.0,-13567.15,6540.78,12985.01,47709.28,10592.38,143440.40999999997,850.35,13206.353333333333,405795.12,5779.89,61.56,0.0,352029.2,1340419.96,1.94,15.64,352029.2,203.315,508454.24,224943.24,93877.13,11038.85,82275.91,23.37,429389.42,653889.59,653889.59,429389.42,429389.42,429389.42,389760.33,507426.73,653889.59,67389.28,165362.63,-2.07,87956.43,87956.43,20404.95,39425.52,429389.42,106.73,9389.65,4.22
Indonesia,2025,3,2025-Q3,32369.25,7359.02,23027.51,9596.49,509.36,23665.99,39515.5,11141.36,3090.96,5931.22,0.0,3427.67,7782.94,10723.0,72950.72,5138.97,489.65,12891.81,144.13,11473.14,34.68,9360.17,0.0,154507.92,0.0,237.14,87108.83,17824.15,1834876.35,81325.47,667403.02,24.62,83838.08,96169.62,12.31,1706.08,23.02,62.72,112490.435,9866.85,698488.89,9997.62,29900.62,3049.61,31605.03,2.28,5.49,9628.05,10598.02,2.19,109.53,6394.51,21606.76,69.4,5649.16,5935.78,5729.21,1.8,12.0,155119.39,22.78,53.66,152.59,17205.82,194068.9,12471.83,343.52,157.46,3822.71,0.18,3926.16,15704.66,4.26,37.05,115.88,100649.03,7822.0,14.0,431.0,50708.0,-17572.44,6646.63,11974.95,49374.89,5136.33,143440.40999999997,1325.94,13875.76666666667,444157.25,5805.34,60.3,0.0,364205.02,1340419.96,2.35,19.31,364205.02,52.22,289066.77,224943.24,99933.61,11044.29,83838.08,23.02,438849.96,680916.45,680916.45,438849.96,438849.96,438849.96,400676.98,544806.28,680916.45,67389.28,165362.63,-2.58,89649.28,89649.28,31604.65,52358.8,438849.96,111.47,9628.05,4.22
Indonesia,2025,4,2025-Q4,30875.8,7153.21,23843.74,9714.77,551.24,25757.1,48220.15,12251.31,3090.96,6042.91,0.0,3427.67,7024.27,13087.53,126344.14,5498.54,523.2,13707.84,144.26,12247.4,254.18,9705.99,0.0,164432.97,0.0,335.91,125627.75,26579.19,1834876.35,82008.89,739071.32,25.07,91300.0,101713.34,11.45,1706.08,23.51,75.28,118184.565,13450.49,819425.43,9918.89,40971.81,4713.77,42756.73,1.92,6.41,11329.32,11963.4,2.19,125.28,6738.74,29461.83,69.4,5530.18,6828.04,7888.84,41.21,11.14,178845.7,22.43,48.31,152.59,23023.31,236266.8,17003.44,446.6,441.9,3996.96,0.45,3868.9,15475.61,4.11,32.34,115.88,145423.35,8067.0,14.0,467.0,50708.0,-22199.23,9006.6,16976.88,47235.39,11770.12,143440.40999999997,1857.18,15527.27333333333,493814.44,7332.37,64.72,0.0,388295.5,1340419.96,2.09,18.87,388295.5,52.22,370225.95,224943.24,101116.39,11097.73,91300.0,23.51,517716.49,797226.2,797226.2,517716.49,517716.49,517716.49,413255.38,639237.79,797226.2,67389.28,165362.63,-2.78,97349.78,97349.78,42749.37,72336.22,517716.49,103.87,11329.32,4.22
Malaysia,2013,4,2013-Q4,5418.35,1444.56,15161.72,3112.29,0.0,11467.53,10189.12,5127.39,24.53,700.41,0.0,3427.67,445.08,5395.46,11608.48,54.49,1432.41,4827.63,7992.67,775.06,73.35,4405.64,7.32,171917.31,9.47,20342.86,608.57,45627.57,1834876.35,27367.8,399424.54,13.87,25640.54,29202.21,6.13,0.0,11.57,39.58,0.0,4728.4,1978443.2,5947.53,4822.84,972.29,8575.65,2.12,1.39,3986.57,12314.97,1.42,20.69,68862.98,15135.0,69.4,2065.31,28043.5,351.42,1476.46,8.965,11551.29,2.75,6.31,152.59,8110.745,326.17,16051.96,145.97,1307.43,2845.04,4.25,4728.4,4728.4,9.26,38.4,115.88,60334.88,3226.0,16.0,2177.0,10251.0,131745.66,4874.76,2415.61,0.0,0.0,126218.09,5923.19,137014.8,129622.42,1141.53,28.63,0.0,221626.82,1340419.96,1.18,17.28,221626.82,0.0,183014.99,224943.24,62438.11,500.0,25703.54,11.6,952.93,419548.67,7616.13,280476.18,952.93,280476.18,232399.11,345888.59,419548.67,67389.28,165362.63,31.4,30730.8,175387.565,25527.795,12314.97,280476.18,203.18,3986.57,0.0
Malaysia,2014,1,2014-Q1,6006.61,1449.33,15007.19,3060.18,0.0,12961.17,10499.17,5513.56,24.083333333333336,887.78,0.0,3427.67,413.63,6481.55,11781.79,56.45,1432.41,4822.31,8222.5,1011.74,88.28,3838.59,7.77,177838.14,6.47,20236.42,683.91,46728.67,1834876.35,28416.32,409009.01,14.2,27046.0,30150.23,6.47,0.0,11.9,42.99,0.0,1228.45,1978443.2,5440.67,5933.35,241.25,2321.44,1.87,1.71,4056.09,12250.8,1.4,20.39,35545.65,15135.0,69.4,2438.72,25529.89,59.15,776.345,8.965,14631.63,3.48,8.72,152.59,8110.745,225.55,8738.244999999999,39.47,1050.54,2896.53,3.26,4913.79,4913.79,8.98,40.11,115.88,60397.14,3226.0,16.0,2168.0,99760.28571428572,142728.74,5266.4,440.86,0.0,182.43,127937.75,5923.19,70817.24500000001,129561.39,1159.55,28.59,0.0,227224.96,1340419.96,1.2,17.29,227224.96,0.0,167704.91,224943.24,64202.39,500.0,27252.0,11.99,872.8,420987.49,8436.5,290190.62,872.8,290190.62,241049.4,347844.7,420987.49,67389.28,165362.63,33.9,32261.32,175387.565,25527.795,3062.7,290190.62,199.01,4056.09,0.0
Malaysia,2014,2,2014-Q2,6293.99,1895.62,15856.66,3253.81,0.0,12863.67,11249.45,5708.78,22.723333333333333,981.21,0.0,3427.67,1542.64,5769.1,12750.17,59.2,1432.41,4787.87,8328.75,1029.28,91.9,4357.26,8.0,184343.53,6.6,20111.5,685.76,58856.52,1834876.35,29451.26,422048.28,15.49,28554.59,31011.38,6.55,0.0,12.05,42.9,0.0,2373.76,1978443.2,6371.38,6931.13,493.92,4609.67,2.11,1.91,3943.69,12065.58,1.31,19.44,36368.175,15135.0,69.4,2018.31,23030.21,120.49,852.52,8.965,13870.53,3.16,7.97,152.59,8110.745,395.49,9535.410000000002,38.56,1211.51,2900.31,3.3,4747.52,4747.52,7.9,39.35,115.88,62327.76,3226.0,16.0,2176.0,69640.85714285714,148245.98,5176.7,808.7,0.0,177.58,140091.46,5923.19,71722.00499999999,123411.57,1043.38,26.46,0.0,237045.09,1340419.96,1.12,16.12,237045.09,0.0,173942.82,224943.24,65881.23,500.0,28760.59,12.13,1068.5,439406.48,7876.13,301288.96,1068.5,301288.96,252248.42,363678.28,439406.48,67389.28,165362.63,33.74,36723.86,175387.565,25527.795,6032.79,301288.96,179.4,3943.69,0.0
Malaysia,2014,3,2014-Q3,6374.78,1728.66,16804.06,3147.69,0.0,13263.93,12101.43,6206.8,21.536666666666665,1134.27,0.0,3427.67,2551.72,5902.9,13022.03,58.76,1432.41,4806.48,8393.13,1325.62,115.26,4643.44,8.47,191960.75,6.57,20145.81,794.22,60906.79,1834876.35,30394.72,432090.18,15.18,28394.33,31215.07,6.38,0.0,11.72,41.98,0.0,3579.75,1978443.2,7830.8,7894.03,716.67,6942.19,2.5,2.1,4118.92,12065.04,1.31,17.76,37767.71,15135.0,69.4,2123.45,20475.31,204.36,901.67,8.965,12190.94,2.72,7.12,152.59,8110.745,2378.25,10258.13,38.825,984.27,3051.56,2.67,4772.99,4772.99,8.29,39.56,115.88,62359.0,3226.0,16.0,2184.0,39521.428571428565,137961.52,5064.96,1185.56,0.0,184.95,166207.97,5923.19,72892.18500000001,106568.98,1067.36,25.91,0.0,242366.64,1340419.96,1.1,15.7,242366.64,0.0,171165.95,224943.24,69353.46,500.0,28600.33,11.8,3079.63,448418.09,9631.43,313702.54,3079.63,313702.54,266395.66,376788.8,448418.09,67389.28,165362.63,30.77,36796.98,175387.565,25527.795,9048.78,313702.54,188.48,4118.92,0.0
Malaysia,2014,4,2014-Q4,6821.86,1881.41,17701.43,3167.32,0.0,16311.13,12488.27,6428.78,20.72,1196.15,0.0,3427.67,2595.87,7437.36,14887.5,61.78,1432.41,4701.13,8388.03,1347.19,118.06,5327.7,8.67,199756.46,6.65,23013.46,854.92,64837.88,1834876.35,31096.27,444459.03,15.53,30107.12,32008.42,6.46,0.0,12.05,40.79,0.0,4975.61,1978443.2,9001.44,7937.82,1000.35,9439.46,2.7,1.99,3995.92,12737.41,1.2,18.96,38497.395,15135.0,69.4,2402.48,18704.06,396.04,883.45,8.965,12958.16,2.76,7.55,152.59,8110.745,965.58,11259.37,38.655,1085.27,2947.71,2.8,4975.61,4975.61,7.6,39.06,115.88,66693.8,3226.0,16.0,2192.0,9402.0,151202.27,5195.16,1901.56,0.0,637.9,207663.84,5923.19,74485.11000000002,77978.16,1048.21,26.23,0.0,249910.48,1340419.96,1.12,16.0,249910.48,0.0,171744.84,224943.24,74391.68,500.0,30313.12,12.13,1738.93,469024.06,9234.85,333646.2,1738.93,333646.2,280476.18,398041.4,469024.06,67389.28,165362.63,32.24,38810.06,175387.565,25527.795,12737.41,333646.2,191.68,3995.92,0.0
Malaysia,2015,1,2015-Q1,7385.92,4443.76,17442.82,3317.93,0.0,16167.4,13582.97,7090.87,19.87666666666667,1067.44,0.0,3427.67,2957.75,10719.09,16167.06,71.79,1432.41,4684.09,8565.83,1430.74,121.5,5374.08,11.43,206927.33,6.66,23599.55,858.22,64731.8,1834876.35,31766.05,463811.14,14.87,30300.63,32829.33,6.12,0.0,11.61,42.56,0.0,1125.21,1978443.2,12009.65,10704.78,214.71,2318.71,3.42,2.52,4398.95,12455.48,1.25,21.0,39427.065,15135.0,69.4,2445.46,18170.6,176.2,951.92,8.965,-74.54,-0.01,-0.04,152.59,8110.745,3007.73,11943.385,38.895,1257.81,3349.59,3.24,4500.84,4500.84,8.63,36.14,115.88,70424.28,3226.0,16.0,2183.714285714286,100621.71428571428,158020.01,5300.89,404.25,0.0,1429.85,242165.28,5923.19,75833.48,68144.82,1049.36,23.85,0.0,261032.75,1340419.96,0.97,14.17,261032.75,0.0,188298.0,224943.24,72802.83,500.0,30499.63,11.68,3788.57,498395.94,11227.49,351136.02,3788.57,351136.02,290190.62,425517.3,498395.94,67389.28,165362.63,31.71,38803.74,175387.565,25527.795,3113.87,351136.02,187.62,4398.95,0.0
Malaysia,2015,2,2015-Q2,8690.55,4507.1,18316.28,3050.4,0.0,14815.17,14193.9,8315.81,19.296666666666667,1197.53,0.0,3427.67,2950.74,11846.5,17034.07,102.09,1432.41,5417.06,9272.63,1267.42,126.53,4156.34,14.95,213567.95,7.7,23550.72,1137.27,62619.11,1834876.35,32452.04,479298.18,15.19,31373.5,33755.35,6.3,0.0,11.71,42.15,0.0,2394.61,1978443.2,12315.11,8905.4,501.67,4723.37,3.4,2.09,4550.49,12610.41,1.26,20.28,40175.75,15135.0,69.4,2652.91,16939.43,258.09,1016.6,8.965,54923.24,10.95,54.13,152.59,8110.745,3476.18,12572.45,38.435,1208.3,3580.35,2.97,4789.21,4789.21,8.8,37.98,115.88,70651.77,3226.0,16.0,2191.1428571428573,70055.14285714286,169251.5,5314.94,822.06,0.0,1452.54,273004.6,5923.19,76255.925,42431.82,970.14,21.32,0.0,267937.08,1340419.96,1.0,14.76,267937.08,0.0,101466.38,224943.24,71124.97,500.0,31572.5,11.78,4246.69,501354.62,12439.95,362401.46,4246.69,362401.46,301288.96,426334.85,501354.62,67389.28,165362.63,33.76,40703.52,175387.565,25527.795,6305.2,362401.46,174.74,4550.49,0.0
Malaysia,2015,3,2015-Q3,10832.65,5470.31,18668.36,3060.0,0.0,15465.83,15235.52,9375.62,18.743333333333336,1259.95,0.0,3427.67,3001.4,9564.67,18016.44,102.7,1432.41,5907.26,8940.71,1384.02,123.43,4500.17,17.21,220358.75,7.33,24851.49,1381.9,62395.98,1834876.35,33244.99,493518.38,15.01,31186.56,34386.86,6.21,0.0,11.43,41.59,0.0,3664.02,1978443.2,13909.85,4695.06,706.38,7230.33,3.7,1.19,4862.43,12814.11,1.29,19.9,40993.025,259.85,73.03,2544.54,19567.68,492.44,1050.295,8.965,72445.66,14.34,77.82,152.59,8110.745,5320.55,13352.1,40.245,1506.48,3768.87,3.68,4885.36,4885.36,9.2,38.12,115.88,68159.4,3226.0,16.0,2198.5714285714284,39488.57142857144,181529.25,5328.88,1181.43,0.0,1424.33,286000.96,5923.19,77814.975,32863.7,1093.56,22.49,0.0,272865.99,1340419.96,0.99,14.7,272865.99,0.0,93097.37,224943.24,68995.81,500.0,31385.56,11.5,6223.73,505298.9,14616.39,376143.8,6223.73,376143.8,313702.54,394825.46,505298.9,355.84,165362.63,35.93,40957.22,175387.565,25527.795,9610.58,376143.8,168.46,4862.43,0.0
Malaysia,2015,4,2015-Q4,11458.92,6013.51,19648.8,2154.31,0.0,16343.49,15833.13,8992.22,17.903333333333336,1254.1,0.0,3427.67,3112.92,10617.51,19925.01,107.14,1432.41,5796.88,9149.82,1486.55,125.81,4735.04,19.19,226034.96,7.44,24534.07,1120.62,60957.85,1834876.35,34144.83,507844.56,15.89,33049.78,35607.78,6.32,0.0,12.06,42.58,0.0,4836.39,1978443.2,12721.51,6220.49,1013.27,9664.81,3.28,1.56,4673.08,12782.59,1.21,16.1,40508.695,372.36,71.99,2736.75,20048.3,567.98,1091.305,8.965,76088.44,14.46,85.83,152.59,8110.745,5675.93,14284.82,38.91,1497.62,3573.08,3.44,4836.39,4836.39,8.21,37.84,115.88,66004.54,3226.0,16.0,2206.0,8922.0,186186.96,5442.24,1536.52,0.0,1438.84,296300.43,5923.19,79180.18000000001,45471.02,1100.0,23.54,0.0,273940.75,1340419.96,0.95,14.16,273940.75,0.0,88650.67,224943.24,69012.73,500.0,33248.78,12.14,6571.55,526328.75,14613.1,387350.8,6571.55,387350.8,333646.2,399320.74,526328.75,517.21,165362.63,35.37,43533.28,175387.565,25527.795,12782.59,387350.8,158.53,4673.08,0.0
Malaysia,2016,1,2016-Q1,10462.25,5740.57,19951.76,2201.02,0.0,17606.2,15924.76,8146.1,17.106666666666666,1346.15,0.0,3427.67,3011.98,11181.75,21097.38,108.42,1432.41,6098.0,10682.36,1455.65,129.33,4911.99,20.52,230031.9,7.06,23786.56,1015.81,61909.75,1834876.35,35213.06,515450.27,16.14,33822.53,37102.26,6.43,0.0,12.34,41.91,0.0,1367.37,1978443.2,11858.9,6031.89,309.48,2477.98,3.01,1.52,4747.65,13119.89,1.21,12.18,39207.315,450.33,74.52,2700.57,16472.21,85.26,668.17,8.965,82458.54,15.59,91.09,152.59,8110.745,5636.98,15511.74,36.495,1254.68,3703.24,2.84,5469.5,5469.5,8.37,41.69,115.88,65374.49,3226.0,16.0,2171.285714285714,95865.85714285714,192845.21,5497.94,407.26,0.0,1646.17,291846.57,5923.19,80748.31499999999,53967.37,1044.41,22.0,0.0,274173.65,1340419.96,1.06,15.53,274173.65,0.0,90524.48,224943.24,65490.98,500.0,34014.53,12.41,6513.07,528818.81,13842.46,393901.72,6513.07,393901.72,351136.02,396797.7,528818.81,604.31,165362.63,36.47,44244.03,175387.565,25527.795,3279.97,393901.72,148.02,4747.65,0.0
Malaysia,2016,2,2016-Q2,11792.26,5313.06,20051.28,2467.88,0.0,17867.22,16173.34,8178.94,15.466666666666663,1341.15,0.0,3427.67,3027.19,11817.83,21605.47,107.7,1432.41,6650.48,10647.23,1464.75,133.68,4975.95,21.68,235638.36,7.47,25803.22,1433.48,67926.02,1834876.35,36116.66,527558.66,16.12,34125.52,37369.73,6.24,0.0,12.36,42.24,0.0,2565.01,1978443.2,11808.98,7584.27,588.35,5065.24,2.92,1.9,5503.22,13487.46,1.36,11.78,39766.55,506.78,84.24,2589.47,22520.82,256.83,1078.8349999999998,8.965,89676.65,16.31,96.11,152.59,8110.745,5708.18,16343.105,36.095,1405.24,4425.93,3.16,5130.01,5130.01,9.94,38.04,115.88,67739.29,3226.0,16.0,2179.8571428571427,66949.57142857142,204046.8,5697.09,833.32,0.0,1894.83,286602.98,5923.19,75929.48500000002,65234.51,1077.29,19.58,0.0,276061.8,1340419.96,0.97,14.2,276061.8,0.0,93310.51,224943.24,66920.01,500.0,34317.52,12.43,6709.95,549788.18,14448.28,405086.13,6709.95,405086.13,362401.46,399444.52,549788.18,601.62,165362.63,37.11,44508.3,175387.565,25527.795,6743.73,405086.13,150.35,5503.22,0.0
Malaysia,2016,3,2016-Q3,11871.36,5357.37,19705.39,2201.32,0.0,16645.14,16789.89,8281.34,13.99,1405.15,0.0,3427.67,3207.66,12234.29,22299.09,106.72,1432.41,6669.4,10833.16,1454.38,132.42,4814.14,21.44,241444.05,6.58,25958.02,1014.68,68302.24,1834876.35,37161.96,539944.5,16.33,35380.72,38568.05,6.41,0.0,12.64,42.14,0.0,3850.41,1978443.2,11838.4,6675.25,886.3,7630.4,2.88,1.63,5527.0,13548.22,1.34,9.38,39687.915,579.86,70.96,2774.45,16657.91,473.89,1032.85,8.965,93008.92,16.76,99.15,152.59,8110.745,4904.22,19064.28,35.555,1305.87,4218.5,2.86,5133.88,5133.88,9.23,37.89,115.88,63163.58,3226.0,16.0,2188.428571428572,38033.28571428571,213152.44,5709.59,1170.57,0.0,1770.14,301666.81,5923.19,73889.50000000001,64208.51,1308.5,23.67,0.0,279856.16,1340419.96,0.95,13.81,279856.16,0.0,93802.41,224943.24,69309.59,505.0,35572.72,12.71,5989.58,554842.25,13341.22,411438.3,5989.58,411438.3,376143.8,410471.33,554842.25,817.11,165362.63,38.42,45704.2,175387.565,25527.795,10161.16,411438.3,151.65,5527.0,0.0
Malaysia,2016,4,2016-Q4,12096.26,5763.04,20888.18,2286.31,0.0,17730.32,18055.55,11369.91,15.31,1368.62,0.0,3427.67,3694.47,12528.18,23424.41,109.0,1432.41,6086.01,10464.45,1504.12,127.4,6475.8,21.94,249536.67,6.39,28056.13,950.11,63729.68,1834876.35,38136.1,551555.83,16.4,36559.52,39504.37,6.42,0.0,12.72,41.02,0.0,5440.53,1978443.2,13608.63,7241.09,1210.84,10354.24,3.15,1.75,5497.43,13879.23,1.27,11.42,39603.91,607.72,72.76,3192.47,18690.5,563.87,971.245,8.965,86883.61,15.17,102.01,152.59,8110.745,3817.68,20133.485,35.69,1243.44,4134.58,2.64,5440.53,5440.53,8.77,39.2,115.88,65556.67,3226.0,16.0,2197.0,9117.0,223855.11,5692.89,1750.28,0.0,2112.21,309472.14,5923.19,76311.815,72703.5,1362.85,24.79,0.0,287388.13,1340419.96,0.99,14.27,287388.13,0.0,85169.31,224943.24,72481.81,1005.0,36751.52,12.79,5037.38,572774.07,12608.59,431593.15,5037.38,431593.15,387350.8,414657.53,572774.07,835.2,165362.63,39.08,47124.13,175387.565,25527.795,13879.23,431593.15,153.81,5497.43,0.0
Malaysia,2017,1,2017-Q1,13865.76,4995.97,21744.77,2373.73,0.0,18922.36,18374.89,12275.55,14.796666666666669,1413.09,0.0,3427.67,4155.2,12967.25,23500.21,111.17,1432.41,6419.22,8865.12,1773.31,119.32,5846.12,25.13,255996.74,5.7,27367.12,1059.02,66539.78,1834876.35,39058.72,565665.97,16.07,37011.05,40792.72,6.36,0.0,12.46,41.47,0.0,1600.39,1978443.2,15096.51,8194.87,347.06,2785.04,3.42,1.92,5617.7,14345.86,1.27,11.99,39979.6,613.88,71.93,4109.8,17409.12,54.69,943.835,8.965,87026.92,14.87,101.74,152.59,8110.745,4174.27,21210.180000000004,34.475,1506.57,4329.74,3.15,6401.55,6401.55,9.07,44.62,115.88,67496.11,3226.0,16.0,2155.714285714286,95054.85714285714,222882.47,5949.88,399.68,0.0,2189.15,315399.47,5923.19,76909.89000000001,74428.05,1287.96,22.93,0.0,297143.05,1340419.96,1.13,16.39,297143.05,0.0,85536.06,224943.24,79502.9,1005.0,37196.05,12.52,5470.95,585259.39,14260.12,441117.72,5470.95,441117.72,393901.72,426209.07,585259.39,853.46,165362.63,38.08,47754.06,175387.565,25527.795,3586.46,441117.72,166.48,5617.7,0.0
Malaysia,2017,2,2017-Q2,13802.46,5456.21,22047.73,2299.06,0.0,20084.68,18789.84,12330.39,14.156666666666666,1372.38,0.0,3427.67,4167.03,14350.98,24074.25,112.79,1432.41,6887.61,8902.79,1862.4,117.98,7218.43,24.29,262018.07,5.33,26054.57,1100.05,62942.53,1834876.35,40087.83,578321.2,16.4,38180.72,41486.18,6.39,0.0,12.74,42.34,0.0,2987.2,1978443.2,15498.75,7894.48,674.29,5677.68,3.43,1.8,6152.07,14437.37,1.36,11.58,40169.445,623.71,75.69,4153.7,19639.24,135.31,937.275,8.965,94500.14,15.74,113.75,152.59,8110.745,4757.51,22085.915,33.1,1467.37,4777.8,2.99,5974.4,5974.4,9.72,41.38,115.88,68596.64,3226.0,16.0,2169.1428571428573,66468.57142857142,218724.1,6112.56,731.41,0.0,3016.88,329582.16,5923.19,77585.645,74145.45,1374.27,22.34,0.0,299608.04,1340419.96,1.03,14.9,299608.04,0.0,83080.62,224943.24,79470.37,1000.0,38365.72,12.81,6092.9,600409.09,15084.38,451979.26,6092.9,451979.26,405086.13,437674.74,600409.09,824.06,165362.63,36.43,49138.41,175387.565,25527.795,7218.68,451979.26,161.73,6152.07,0.0
Malaysia,2017,3,2017-Q3,13346.46,5241.04,21448.09,2257.11,0.0,20819.0,18819.49,12296.88,13.36,1373.27,0.0,3427.67,3854.97,14007.98,25456.23,119.3,1432.41,7468.05,8982.1,1983.2,121.61,7453.43,21.12,267932.91,4.74,26415.13,1099.02,64374.06,1834876.35,40990.7,594044.12,16.15,37899.24,42179.54,6.17,0.0,12.37,42.08,0.0,4712.24,1978443.2,15604.55,7926.29,1007.53,8603.88,3.4,1.74,6358.87,14527.54,1.38,11.66,40417.78,599.48,70.07,3997.37,17217.04,214.82,929.625,8.965,103913.9,16.82,109.22,152.59,8110.745,4645.02,23059.665,31.905,1381.05,4945.77,2.79,6282.98,6282.98,10.0,43.25,115.88,67067.22,3226.0,16.0,2182.5714285714284,37882.28571428571,223701.54,6112.47,1069.43,0.0,3041.02,349421.93,5923.19,77199.35500000001,73933.11,1413.1,22.22,0.0,306397.49,1340419.96,1.06,15.33,306397.49,0.0,95141.68,224943.24,82418.77,500.0,38084.24,12.43,6001.66,617733.92,15296.23,459422.11,6001.66,459422.11,411438.3,456695.88,617733.92,855.5,165362.63,36.21,49472.77,175387.565,25527.795,10895.66,459422.11,166.59,6358.87,0.0
Malaysia,2017,4,2017-Q4,13926.53,4974.85,21458.04,2270.71,0.0,22127.57,19836.62,11469.28,12.953333333333331,1437.01,0.0,3427.67,4219.93,12646.52,26242.67,119.05,1432.41,8348.94,8888.71,1965.29,363.42,11122.06,19.27,277418.66,4.37,27178.43,1187.31,78968.35,1834876.35,42030.36,611529.81,17.43,39805.86,43663.01,6.44,0.0,13.05,42.01,0.0,6345.51,1978443.2,14538.24,7955.35,1400.42,11578.78,3.05,1.68,5913.4,14771.03,1.24,10.3,40450.665,616.59,38.58,3679.94,16595.46,296.17,925.23,8.965,109047.76,16.97,126.73,152.59,8110.745,3747.76,24161.92,30.51,1311.54,4325.88,2.47,6345.51,6345.51,8.13,42.96,115.88,75819.86,3226.0,16.0,2196.0,9296.0,229223.59,6205.98,1495.65,0.0,3071.41,350013.16,5923.19,79724.355,74084.57,1587.52,26.85,0.0,305135.27,1340419.96,1.04,15.1,305135.27,0.0,86044.93,224943.24,86598.96,501.0,41390.04,13.56,5104.21,642716.83,14079.94,476037.92,5104.21,476037.92,431593.15,473411.73,642716.83,1598.4,165362.63,35.66,53179.38,175387.565,25527.795,14771.03,476037.92,162.84,5913.4,0.0
Malaysia,2018,1,2018-Q1,13177.57,5631.45,21961.17,2550.02,0.0,27334.64,21016.04,12014.17,12.516666666666667,1530.56,0.0,3427.67,3757.87,9816.77,27012.94,112.3,1432.41,14522.88,9001.17,2164.34,573.27,5199.18,9.41,286471.6,1.06,26823.85,1272.54,85951.09,1834876.35,42844.83,631536.81,17.31,39665.61,44050.6,6.2,0.0,12.88,36.82,0.0,1541.77,1978443.2,12753.1,7979.05,335.96,7550.93,2.6,1.62,6589.27,18013.04,1.34,11.24,40472.9,678.72,72.93,3831.62,13957.97,0.0,960.38,8.965,128026.3,19.24,139.82,153.94,8110.745,3175.27,24511.51,29.17,1359.96,3802.41,2.55,6167.07,6167.07,7.13,34.24,115.88,75892.33,3226.0,16.0,2162.8571428571427,95514.0,229169.56,6632.81,1241.37,0.0,3430.7,365091.37,5923.19,79948.015,76412.37,2786.85,42.29,0.0,307999.23,1340419.96,0.98,14.39,307999.23,0.0,91567.59,140963.1,86897.58,501.0,41242.83,13.39,4457.88,665287.43,14884.83,490682.25,4457.88,490682.25,441117.72,493049.22,665287.43,930.63,91567.59,34.45,53304.09,175387.565,25527.795,9128.26,490682.25,163.02,6589.27,0.0
Malaysia,2018,2,2018-Q2,14676.8,5386.43,22188.9,2644.95,0.0,33063.26,22301.45,12222.04,12.123333333333331,1939.42,0.0,3427.67,3782.3,10394.88,27054.49,113.18,1432.41,14661.44,8924.64,2306.32,688.01,6174.19,8.91,320794.2,1.12,26631.17,1343.9,88737.41,1834876.35,44759.08,658563.39,16.67,45040.44,49143.19,6.58,0.0,12.64,37.27,0.0,3611.51,1978443.2,13215.38,7962.52,676.55,16136.73,2.47,1.52,7731.18,18243.05,1.44,18.58,41603.675,668.73,75.72,3506.11,16844.56,0.0,1391.1,8.965,121698.87,17.18,128.82,141.38,8110.745,6564.38,25454.825,28.49,1435.79,4205.87,2.42,7223.02,7223.02,7.08,39.59,115.88,75227.59,3226.0,16.0,2190.5714285714284,67364.0,246421.88,6800.06,2008.29,0.0,3852.57,399293.69,5923.19,132277.51,72740.59,3525.31,45.6,0.0,356267.33,1340419.96,1.1,16.14,356267.33,0.0,94472.27,133566.02,105111.11,2675.81,46617.71,13.09,7905.65,708515.41,17736.99,535958.08,7905.65,535958.08,451979.26,525539.02,708515.41,883.12,94472.27,34.78,59391.91,175387.565,25527.795,18821.57,535958.08,176.98,7731.18,0.0
Malaysia,2018,3,2018-Q3,14781.65,4860.75,22931.4,2914.53,0.0,33425.13,22542.94,12410.0,11.623333333333331,1993.39,0.0,3427.67,3943.8,10921.49,28062.76,111.23,1432.41,13869.14,9033.16,2313.33,684.44,5852.46,10.91,329777.53,1.12,26719.72,1386.91,90923.54,1834876.35,46941.8,685041.64,16.71,45249.69,50910.41,6.47,0.0,12.73,36.86,0.0,5703.15,1978443.2,12755.51,8676.08,1020.75,24990.37,2.33,1.61,7906.83,18440.87,1.45,19.1,41746.015,670.25,61.02,3533.28,14337.26,0.0,1415.85,8.965,129041.97,17.83,127.42,139.68,8110.745,6423.54,26306.385,21.855,1637.87,4069.91,2.76,7604.2,7604.2,6.85,41.24,115.88,70656.77,3226.0,16.0,2218.285714285714,39214.0,252907.76,6797.57,3019.14,0.0,4465.2,416344.54,5923.19,134037.89666666667,72812.72,3836.92,48.53,0.0,355543.9,1340419.96,1.11,16.2,355543.9,0.0,101273.96,141463.5,106410.04,3196.45,46827.0,13.17,7799.47,723646.89,18367.62,547160.86,7799.47,547160.86,459422.11,539620.4,723646.89,1098.34,101273.96,34.95,59417.57,175387.565,25527.795,29030.26,547160.86,179.09,7906.83,0.0
Malaysia,2018,4,2018-Q4,15287.12,4637.04,24153.69,2918.88,0.0,35146.79,23688.51,12598.53,11.02,2136.15,0.0,3427.67,3810.1,9528.55,28328.48,237.43,1432.41,14812.68,8997.41,2375.02,697.9,5708.42,11.94,337232.68,0.97,26957.33,1349.21,100453.71,1834876.35,49126.25,713256.92,17.87,48319.06,52400.81,6.64,0.0,13.5,37.65,0.0,7905.35,1978443.2,12706.31,12834.44,1383.49,34092.31,2.27,2.29,7578.47,18463.68,1.36,17.48,41802.58,721.36,78.45,5291.91,18705.45,0.0,662.49,8.965,145982.95,19.32,137.05,150.57,8110.745,7147.71,26465.165,21.855,1529.57,4388.6,2.39,7905.35,7905.35,6.86,42.82,115.88,74317.22,3226.0,16.0,2246.0,11064.0,263956.42,6952.12,3330.21,0.0,4030.76,429458.67,5923.19,135536.83,73235.01,3189.86,42.09,0.0,358034.94,1340419.96,1.11,16.09,358034.94,0.0,106515.33,160383.86,109253.79,2976.33,50196.41,14.02,8520.71,755577.96,21223.57,559265.61,8520.71,559265.61,476037.92,560881.36,755577.96,919.47,106515.33,34.93,63964.07,175387.565,25527.795,38806.01,559265.61,170.8,7578.47,0.0
Malaysia,2019,1,2019-Q1,15450.76,2830.77,25694.18,2604.56,0.0,34593.9,24176.39,13090.91,10.843333333333334,2180.54,0.0,3427.67,4072.37,9768.32,28925.87,258.12,1432.41,15593.47,9099.88,2391.21,714.15,5814.69,13.96,346273.76,1.05,27579.35,528.31,95665.15,1834876.35,51664.15,741211.38,17.21,48449.4,54202.19,6.49,0.0,13.16,36.0,0.0,2103.92,1978443.2,12744.49,11510.99,354.23,9177.09,2.23,1.99,7779.61,21375.23,1.36,16.39,41631.81999999999,708.42,63.72,4120.28,24841.82,0.0,967.49,8.965,156995.48,20.2,134.7,145.84,8110.745,4498.9,27285.735,21.855,1486.71,4645.84,2.35,8415.66,8415.66,7.33,39.37,115.88,76184.7,3226.0,16.0,2180.8571428571427,94894.42857142857,267443.85,7695.22,1798.22,0.0,3737.18,447372.75,5923.19,136681.24,72124.41,3133.77,40.28,0.0,368175.08,1340419.96,1.14,16.29,368175.08,0.0,116552.91,169981.98,119931.43,2977.06,50418.91,13.69,5823.79,777105.26,17319.2,571128.22,5823.79,571128.22,490682.25,577060.1,777105.26,1111.7,116552.91,34.42,63379.26,175387.565,25527.795,11329.54,571128.22,189.23,7779.61,0.0
Malaysia,2019,2,2019-Q2,15946.74,3061.07,25478.42,2872.07,0.0,35289.62,24730.59,12698.86,10.466666666666669,2373.88,0.0,3427.67,4196.71,10109.55,29378.45,273.17,1432.41,15585.69,8963.19,2638.58,733.4,5629.82,17.75,354641.89,1.11,27283.97,1015.03,95452.0,1834876.35,53029.42,759989.88,17.14,49638.29,54604.25,6.59,0.0,13.28,38.15,0.0,4168.41,1978443.2,12351.15,19331.79,714.7,18336.06,2.12,3.26,9735.42,19795.09,1.67,8.57,41598.985,682.73,76.89,5677.17,13578.84,0.0,984.35,8.965,154719.86,19.74,151.45,162.16,8110.745,5057.35,27813.035,21.855,1700.47,6499.36,2.65,8336.82,8336.82,10.15,42.12,115.88,81348.21,3226.0,16.0,2202.5714285714284,66999.28571428571,268011.4,7551.67,2259.61,0.0,3380.59,459868.29,5923.19,139009.63666666666,72514.31,3236.05,33.24,0.0,373705.92,1340419.96,1.1,15.72,373705.92,0.0,102156.71,165658.93,123079.25,2882.89,51607.86,13.81,6377.59,783629.39,19658.53,581904.5,6377.59,581904.5,535958.08,593065.7,783629.39,887.89,102156.71,34.2,64061.27,175387.565,25527.795,21310.37,581904.5,192.13,9735.42,0.0
Malaysia,2019,3,2019-Q3,15495.17,3204.49,26751.87,4297.09,0.0,35485.94,25943.07,12722.16,10.06,2448.57,0.0,3427.67,5499.81,10019.34,28891.64,264.15,1432.41,15768.7,7479.63,2550.67,744.89,5178.93,15.76,363855.83,1.03,27728.96,790.79,95963.6,1834876.35,54200.78,778961.86,16.76,48731.42,55595.85,6.34,0.0,12.8,37.66,0.0,6516.53,1978443.2,12378.41,13395.73,1070.44,27668.35,2.08,2.21,10171.41,20036.71,1.71,8.62,41275.16500000001,676.41,71.78,4532.91,13750.01,0.0,874.035,8.965,151514.71,18.95,139.12,151.94,8110.745,5597.49,28223.63,21.855,912.02,6815.75,1.43,8688.71,8688.71,10.68,43.36,115.88,80852.15,3226.0,16.0,2224.285714285714,39104.142857142855,258144.38,7544.88,3281.44,0.0,3101.38,475745.19,5923.19,105910.775,71642.89,3355.66,32.99,0.0,380603.62,1340419.96,1.12,16.03,380603.62,0.0,108906.91,165472.86,127063.36,2883.75,50701.08,13.32,6946.87,799534.82,19927.79,594347.7,6946.87,594347.7,547160.86,607320.29,799534.82,942.32,108906.91,32.29,63806.23,175387.565,25527.795,32020.23,594347.7,199.14,10171.41,0.0
Malaysia,2019,4,2019-Q4,17022.3,2780.47,27052.32,4112.81,0.0,34374.64,27762.45,12683.62,9.646666666666668,2602.62,0.0,3427.67,5802.78,10920.39,30858.42,255.19,1432.41,15522.22,7484.65,2556.18,756.66,4635.91,16.28,372171.84,1.51,27355.47,914.87,99489.77,1834876.35,55569.19,794588.76,18.04,52638.05,57874.47,6.68,0.0,13.66,38.45,0.0,9336.51,1978443.2,12200.35,16693.38,1515.99,37189.25,2.01,2.75,9451.05,20444.04,1.56,8.49,40773.795,694.12,82.85,3459.69,21425.96,0.0,794.35,8.965,157303.88,19.23,139.83,153.0,8110.745,5810.91,28723.85,21.855,710.72,6252.46,1.02,9336.51,9336.51,9.0,45.67,115.88,86290.8,3226.0,16.0,2246.0,11209.0,262247.48,7861.41,4121.36,0.0,2753.39,469776.14,5923.19,107466.79,76509.58,3198.59,33.84,0.0,385399.73,1340419.96,1.18,16.8,385399.73,0.0,112496.84,172123.74,128602.91,3965.44,54607.79,14.17,7131.4,818085.55,18949.94,606728.74,7131.4,606728.74,559265.61,606596.55,818085.55,837.85,112496.84,32.06,69509.78,175387.565,25527.795,42826.61,606728.74,185.01,9451.05,0.0
Malaysia,2020,1,2020-Q1,17445.89,3270.13,28051.17,4294.77,0.0,34403.29,27472.31,12459.78,9.22,2655.2,0.0,3427.67,5761.17,11555.82,30539.78,306.45,1432.41,15565.52,7553.72,2826.31,766.49,4489.2,16.6,375750.24,1.53,27935.3,1022.73,104662.08,1834876.35,56715.6,805182.03,17.95,52545.07,58787.83,6.68,0.0,13.47,39.17,0.0,1642.51,1978443.2,13894.79,15249.6,327.77,9195.82,2.27,2.52,9625.92,21869.33,1.57,7.35,40148.490000000005,705.58,65.79,3828.74,10126.92,0.0,690.08,8.965,152140.51,18.57,124.79,136.34,8110.745,7643.24,29049.58,21.855,848.39,6280.66,1.21,6570.04,6570.04,8.97,30.04,115.88,88260.58,3226.0,16.0,2180.8571428571427,95012.85714285714,259052.68,8566.88,1648.22,0.0,2147.24,460618.67,5923.19,106954.195,90908.78,3345.26,34.75,0.0,390020.92,1340419.96,0.82,11.58,390020.92,0.0,121914.6,166214.17,135544.68,3966.25,54707.9,14.03,9005.6,819478.36,21971.47,613120.65,9005.6,613120.65,571128.22,605251.62,819478.36,1072.54,121914.6,31.61,69999.71,175387.565,25527.795,11171.81,613120.65,193.64,9625.92,0.0
Malaysia,2020,2,2020-Q2,16713.69,3235.87,29305.62,4531.99,0.0,34711.47,28698.2,11960.53,9.006666666666668,2653.75,0.0,3427.67,6322.41,11989.93,31418.96,283.6,1432.41,18027.15,8949.51,2776.58,285.21,5367.98,17.52,383020.03,1.44,26774.63,945.25,111653.74,1834876.35,57818.43,817717.83,17.85,54144.49,59015.56,6.75,0.0,13.56,44.82,0.0,2209.81,1978443.2,13859.16,14646.75,647.36,16109.1,2.21,2.35,9035.27,18294.52,1.44,7.76,40256.975,706.15,82.81,3532.44,10552.08,0.0,578.48,8.965,158438.35,19.0,131.74,140.89,8110.745,8029.28,29477.735,21.855,849.15,5796.31,1.19,4419.62,4419.62,8.13,24.16,115.88,97031.68,3226.0,16.0,2202.5714285714284,67104.57142857142,254485.63,8198.84,2544.28,0.0,1864.49,462543.08,5923.19,108773.84,87239.36,3238.95,35.85,0.0,399391.75,1340419.96,0.54,7.64,399391.75,0.0,120266.23,169446.95,138411.03,3872.61,56307.39,14.1,9389.0,833772.6,22263.97,627046.07,9389.0,627046.07,581904.5,623537.0,833772.6,852.76,120266.23,30.52,71284.7,175387.565,25527.795,19300.75,627046.07,194.17,9035.27,0.0
Malaysia,2020,3,2020-Q3,16590.49,3148.36,29649.84,4321.98,0.0,33920.92,29125.78,11677.09,8.866666666666667,2744.48,0.0,3427.67,6014.8,12570.33,31575.26,283.9,1432.41,19489.73,8955.19,2609.51,276.76,4358.21,22.93,401332.69,1.38,27979.35,963.19,118374.14,1834876.35,59222.52,831165.33,17.75,54791.04,61212.23,6.67,0.0,13.51,41.56,0.0,4652.54,1978443.2,13084.29,23085.1,1080.29,24443.25,2.02,3.62,8742.98,19637.58,1.35,8.8,42048.025,609.82,65.82,2645.01,10979.73,0.0,599.985,8.965,161161.47,18.89,123.89,131.36,8110.745,7409.37,30286.895,21.855,696.32,5562.91,0.97,6203.39,6203.39,7.73,31.59,115.88,111603.98,3226.0,16.0,2224.285714285714,39196.28571428571,272789.88,8161.82,3524.87,0.0,1820.87,456477.37,5923.19,110573.445,88982.97,3180.07,36.37,0.0,405691.01,1340419.96,0.75,10.47,405691.01,0.0,130081.67,170876.38,144378.4,3873.53,56954.03,14.04,10389.65,853324.82,22389.95,646648.96,10389.65,646648.96,594347.7,637475.07,853324.82,926.46,130081.67,31.97,71994.43,175387.565,25527.795,29048.42,646648.96,200.54,8742.98,0.0
Malaysia,2020,4,2020-Q4,15893.19,2986.38,30089.91,4649.45,0.0,33766.96,30441.96,12362.55,8.673333333333334,2672.52,0.0,3427.67,5062.22,12716.31,31991.52,267.97,1432.41,16974.62,8930.04,2511.78,315.84,4989.59,20.64,412843.4,1.21,27193.83,1241.52,124752.47,1834876.35,60291.05,844464.31,18.23,58575.83,62148.57,6.97,0.0,14.04,40.57,0.0,5910.53,1978443.2,13417.8,25622.0,1523.19,32740.92,2.04,3.95,9449.32,20426.96,1.44,8.23,42546.3,587.38,69.08,3064.82,15814.23,0.0,612.38,8.965,167879.05,19.27,125.88,137.17,8110.745,7555.38,30512.475,71.895,677.22,6056.7,0.89,5910.53,5910.53,7.97,28.93,115.88,103272.42,3226.0,16.0,2246.0,11288.0,286209.74,8286.55,4075.23,0.0,1804.39,469998.8,5923.19,112894.55,88821.59,3392.62,35.9,0.0,417138.99,1340419.96,0.7,9.8,417138.99,0.0,133360.38,182934.75,146142.63,4668.99,60738.89,14.56,9698.15,871281.46,22240.64,656681.87,9698.15,656681.87,606728.74,648241.57,871281.46,850.28,133360.38,32.85,76031.87,175387.565,25527.795,38339.34,656681.87,192.21,9449.32,0.0
Malaysia,2021,1,2021-Q1,15462.1,3357.76,31826.12,4623.13,0.0,33550.4,32186.47,12585.13,8.33,2852.9,0.0,3427.67,4962.55,11523.82,32222.98,264.33,1432.41,17018.59,8951.36,2740.59,233.96,4581.92,21.78,421509.85,1.12,27408.75,1225.09,123839.42,1834876.35,61169.26,865490.55,17.53,57147.19,62300.69,6.56,0.0,13.42,32.19,0.0,2755.11,1978443.2,14161.96,27048.33,375.75,8268.51,2.12,3.99,9671.42,25963.76,1.45,8.93,42888.82,558.75,68.05,4375.08,16818.96,0.0,572.755,8.965,180810.31,20.01,131.52,141.38,8110.745,8070.74,31480.465,71.895,1285.89,6064.72,1.72,11020.44,11020.44,8.13,42.45,115.88,114675.16,3226.0,16.0,2246.0,93790.14285714286,284445.26,8358.24,1602.18,0.0,1835.46,485690.46,5923.19,113039.18,93753.3,3606.7,37.29,0.0,425826.59,1340419.96,1.27,18.02,425826.59,0.0,137473.06,194363.14,152689.01,4669.88,59303.36,13.93,11459.88,903583.33,24822.2,667885.62,11459.88,667885.62,613120.65,678496.79,903583.33,821.08,137473.06,31.48,74626.8,175387.565,25527.795,10246.44,667885.62,204.6,9671.42,0.0
Malaysia,2021,2,2021-Q2,15549.84,3675.28,32971.84,5071.86,0.0,33615.38,32552.4,12835.83,8.086666666666666,2746.36,0.0,3427.67,5289.28,11722.6,32432.74,248.88,1432.41,17003.32,5913.56,3013.22,270.9,4592.32,22.09,427647.54,1.38,27008.04,1198.51,122263.48,1834876.35,62376.12,884071.82,18.02,60130.46,63842.97,6.86,0.0,13.93,33.7,0.0,5432.7,1978443.2,14267.25,27568.13,783.3,16795.21,2.12,4.1,9931.16,25407.2,1.47,7.52,43159.815,645.96,61.81,3935.48,19641.76,0.0,565.105,8.965,182278.69,20.07,135.53,145.08,8110.745,8173.29,31938.98,121.96,1094.74,6149.9,1.41,10865.4,10865.4,7.91,42.77,115.88,115426.71,3226.0,16.0,2246.0,66270.42857142858,293495.97,8562.39,2568.14,0.0,2216.35,481947.26,5923.19,112894.055,98188.34,3781.26,38.07,0.0,431735.1,1340419.96,1.23,17.42,431735.1,0.0,134494.42,195130.21,158073.58,4570.78,62286.69,14.43,10004.19,908097.66,23717.16,674184.63,10004.19,674184.63,627046.07,672935.9,908097.66,1045.16,134494.42,32.32,77793.93,175387.565,25527.795,20146.65,674184.63,203.2,9931.16,0.0
Malaysia,2021,3,2021-Q3,18489.18,3417.44,30734.72,4826.84,1122.48,42083.31,33155.88,10431.22,11.85,2604.97,0.0,3427.67,6169.78,21904.11,30094.64,11313.89,3583.13,6022.93,3333.92,2392.38,60.3,2797.13,123.44,446523.4,5.15,6533.97,1510.99,125049.41,1834876.35,63181.47,901904.39,18.03,60002.69,64433.65,6.72,178255.07,13.86,35.95,0.0,7020.8,1978443.2,15009.43,25256.82,1303.92,24685.73,2.18,3.74,9575.01,24187.85,1.39,5.34,48210.685000000005,653.36,54.04,5759.71,28512.68,0.0,345.6,8.965,190082.04,20.56,139.69,150.42,8110.745,1656.67,32679.615,127.415,1140.25,5773.84,1.46,9361.07,9361.07,7.4,38.7,115.88,116698.58,3226.0,16.0,2246.0,38750.71428571429,310119.39,8696.05,3310.14,20.6,2400.37,484141.32,5923.19,28122.185,99367.42,3801.16,39.7,2669.18,432931.77,1340419.96,1.04,14.82,432931.77,0.0,136073.84,204686.73,164608.68,4051.67,62159.02,14.36,19447.78,924655.1,35317.47,687724.2,19447.78,681179.86,646648.96,674804.67,924655.1,1209.05,136073.84,33.54,78046.94,175387.565,25527.795,29299.79,687724.2,210.91,9575.01,92.96
Malaysia,2021,4,2021-Q4,16723.86,3189.77,31206.82,6120.81,1151.43,43284.09,35209.05,12144.22,19.416666666666664,2370.5,0.0,3427.67,6668.33,22764.11,30428.02,12533.14,3698.86,6198.39,4093.01,2145.34,62.94,2906.18,128.36,464201.28,5.76,7371.34,1670.6,124172.5,1834876.35,64162.47,923115.79,18.83,63741.38,66072.57,6.89,200529.065,14.6,36.79,0.0,9833.34,1978443.2,15800.1,26131.36,1790.33,33346.02,2.21,3.74,9567.29,24334.53,1.34,7.7,50506.495,644.55,43.68,5149.15,29447.43,0.0,337.28,8.965,194207.75,20.31,134.46,144.24,8110.745,925.64,33423.21,126.265,964.51,6007.61,1.17,9833.34,9833.34,7.31,40.41,115.88,122480.36,3226.0,16.0,2246.0,11231.0,298476.04,8952.32,4256.34,0.0,2629.53,500972.64,5923.19,27481.18,106994.52,3559.69,37.21,2898.78,436521.46,1340419.96,1.07,15.33,436521.46,0.0,144433.09,208324.98,165304.81,3357.52,65897.79,15.1,18089.81,956127.07,32987.41,714605.63,18089.81,707223.23,656681.87,698195.62,956127.07,1475.61,144433.09,31.22,82211.44,175387.565,25527.795,39392.69,714605.63,201.07,9567.29,275.58
Malaysia,2022,1,2022-Q1,16621.13,2554.91,33029.35,6931.75,1192.49,43882.25,37048.59,11917.8,18.586666666666662,2331.39,0.0,3427.67,7139.85,22510.19,30039.04,11951.48,3617.97,6194.2,4220.0,2624.72,64.77,3008.3,110.94,476306.83,5.03,7448.28,1739.55,125154.3,1834876.35,65046.66,938897.4,18.05,61205.87,65837.45,6.57,206962.125,13.84,34.79,0.0,2656.75,1978443.2,15731.4,24270.8,432.66,8864.61,2.15,3.48,10261.0,27444.25,1.4,8.3,51461.245,698.93,64.58,5954.34,32277.83,0.0,337.2,8.965,187599.77,19.41,136.29,146.14,8110.745,872.94,34239.435,76.93,732.04,6271.39,0.92,10627.01,10627.01,7.86,38.72,115.88,122406.24,3226.0,16.0,2236.75,93491.57142857143,300059.08,9546.52,1650.61,0.0,3331.0,501808.75,5923.19,27108.545,112535.94,3989.6,38.88,2925.65,442154.84,1340419.96,1.13,16.34,442154.84,0.0,137642.74,201145.33,170048.34,3358.24,63467.46,14.35,19580.92,966709.76,36394.04,730751.26,19580.92,723291.29,667885.62,697005.46,966709.76,1082.22,137642.74,31.04,79806.49,175387.565,25527.795,10947.88,730751.26,213.08,10261.0,275.885
Malaysia,2022,2,2022-Q2,17303.76,1969.65,33585.88,7769.71,1411.65,42784.39,38976.58,12129.55,17.546666666666667,2374.53,0.0,3427.67,7342.52,22012.98,31751.76,12332.37,3835.71,6131.87,4146.63,2568.44,69.94,2846.83,106.8,489394.19,5.81,7527.95,1964.76,128534.47,1834876.35,65871.02,960422.27,17.94,62540.74,67140.39,6.53,215051.3,13.83,35.6,0.0,5667.66,1978443.2,16137.41,20722.37,872.38,18246.01,2.16,2.9,11818.69,26806.88,1.58,9.89,52947.87,761.3,61.75,4928.47,35470.98,0.0,328.6,8.965,188652.96,18.98,133.1,143.39,8110.745,882.74,35006.105,78.52,775.22,7199.88,0.96,11335.32,11335.32,8.88,42.29,115.88,133123.34,3226.0,16.0,2227.5,66272.71428571429,309818.61,9542.29,2363.73,0.0,4936.86,505953.67,5923.19,26572.25,115474.42,4618.81,39.08,2977.64,452270.42,1340419.96,1.18,17.21,452270.42,0.0,141735.62,203240.34,168500.75,3563.02,64925.26,14.36,19975.61,994197.15,36059.08,748379.49,19975.61,740841.82,674184.63,714792.22,994197.15,1232.9,141735.62,31.16,81116.16,175387.565,25527.795,21482.12,748379.49,207.73,11818.69,187.645
Malaysia,2022,3,2022-Q3,19042.69,1872.86,34249.28,7704.92,1449.73,43280.73,40825.66,13207.91,16.743333333333332,2427.58,0.0,3427.67,7601.63,26186.91,31694.19,11580.13,3730.81,6475.87,4683.75,2688.67,78.97,2911.84,94.55,502944.16,4.46,8000.16,1658.2,141294.61,1834876.35,67250.22,977857.5,17.71,63223.74,69950.48,6.7,225820.945,13.51,36.22,0.0,8869.96,1978443.2,17225.95,25918.83,1466.01,27741.91,2.23,3.45,12233.49,27150.16,1.58,12.27,54427.15,798.09,74.0,4335.18,26283.07,0.0,322.05,8.965,188462.85,18.95,124.92,135.74,8110.745,917.23,35775.87,78.54,667.34,7645.12,0.81,11826.62,11826.62,9.22,43.56,115.88,131725.44,3226.0,16.0,2218.25,39053.857142857145,368912.84,9833.62,2883.29,0.0,5551.61,536701.77,5923.19,26345.205,80115.13,4588.37,37.51,3098.04,467933.04,1340419.96,1.21,17.59,467933.04,0.0,150861.18,204782.68,172330.71,2773.89,66620.77,14.24,21611.9,994396.02,36748.57,772737.43,21611.9,764727.93,681179.86,751193.3,994396.02,1078.43,150861.18,37.1,82890.84,175387.565,25527.795,32091.21,772737.43,207.9,12233.49,189.51
Malaysia,2022,4,2022-Q4,19147.71,1687.03,34412.85,10953.11,1587.12,44660.36,42484.99,13585.41,13.946666666666667,2443.01,0.0,3427.67,9318.52,27178.3,33102.45,12091.4,4058.02,7423.96,4698.58,2657.46,79.33,3222.58,91.62,516839.64,3.0,8330.84,1784.7,149133.45,1834876.35,69059.67,998322.65,18.52,68297.49,73310.37,6.92,237639.515,14.39,36.65,0.0,12381.25,1978443.2,15673.44,21670.56,2050.63,39045.28,1.96,2.8,12483.17,27904.56,1.56,11.95,55817.765,933.62,64.69,5707.42,37246.18,0.0,312.285,8.965,195788.85,18.86,125.74,138.33,8110.745,1008.13,36339.225,76.845,928.84,7740.14,1.06,12381.25,12381.25,8.8,44.37,115.88,130375.5,3226.0,16.0,2209.0,11835.0,358070.69,10227.38,4170.23,0.0,5757.83,556224.65,5923.19,26543.765,82303.71,4743.03,38.0,3403.43,474662.45,1340419.96,1.24,17.93,474662.45,0.0,155715.1,215468.27,169225.21,3635.97,71799.47,15.13,23563.06,1037987.67,38835.16,800057.33,23563.06,791717.59,707223.23,773807.01,1037987.67,1443.3,155769.47,34.5,87908.38,175387.565,25527.795,45266.14,800057.33,192.5,12483.17,194.06
Malaysia,2023,1,2023-Q1,19877.08,1760.77,34772.23,11047.94,1635.27,43850.58,44263.09,13934.14,9.593333333333334,2648.74,0.0,3427.67,8800.38,26727.03,33082.51,12146.2,4316.68,7541.09,4890.91,2837.71,85.54,3231.64,90.71,524064.36,2.56,8200.61,3143.61,144735.73,1834876.35,71237.09,1018984.0,18.16,68166.26,74547.13,6.83,242079.34,14.09,41.36,0.0,2473.19,1978443.2,15059.42,25644.7,524.72,11431.24,1.86,3.31,12727.11,26934.35,1.57,10.83,57306.905000000006,1018.21,69.25,3720.45,35133.98,0.0,311.22,8.965,196109.0,18.69,130.38,143.67,8110.745,1061.48,37038.86000000001,78.09,834.6,7746.68,0.95,9892.78,9892.78,8.82,36.73,115.88,133107.68,3226.0,16.0,2218.25,94156.57142857143,367856.59,11139.76,1717.63,0.0,5723.41,560252.88,5923.19,26336.24,92224.46,4980.43,39.13,3450.45,483703.08,1340419.96,0.97,13.89,483703.08,0.0,150417.61,216110.18,185896.11,3629.9,71669.81,14.82,23462.87,1049355.17,37874.39,809807.76,23462.87,801599.48,723291.29,775879.43,1049355.17,1470.38,150417.61,35.06,87859.39,175387.565,25527.795,13673.59,809807.76,211.58,12727.11,187.88
Malaysia,2023,2,2023-Q2,19546.39,1590.96,34791.34,9440.19,1544.94,42646.68,45551.62,14144.71,9.266666666666667,2796.22,0.0,3427.67,7742.04,27652.94,33642.71,12035.93,4568.38,7554.47,4901.12,2856.61,96.08,3224.48,103.17,533922.4,2.57,8653.8,1968.54,150998.02,1834876.35,73642.84,1033648.06,18.41,70809.25,76763.35,7.06,245330.275,14.27,41.84,0.0,5099.57,1978443.2,15074.17,25574.84,1053.96,23342.54,1.84,3.29,12634.38,27159.86,1.54,9.38,59000.350000000006,1134.19,73.25,5158.09,38475.51,0.0,298.26,8.965,201519.43,19.14,135.41,143.67,8110.745,1061.82,37593.96000000001,88.065,1035.58,7899.19,1.13,10199.15,10199.15,8.65,37.55,115.88,130048.29,3226.0,16.0,2227.5,67023.71428571429,386622.21,11364.94,3029.08,0.0,5890.14,560775.37,5923.19,26158.805000000004,86360.78,4735.19,37.48,3587.69,496125.14,1340419.96,0.99,13.85,496125.14,0.0,148816.96,217182.87,187513.39,3541.9,74333.68,14.98,20599.51,1052853.38,35390.42,819009.75,20599.51,810348.21,740841.82,777866.36,1052853.38,1548.31,148816.96,36.72,91315.11,175387.565,25527.795,27425.57,819009.75,205.35,12634.38,175.435
Malaysia,2023,3,2023-Q3,17671.85,1687.81,35559.86,8855.75,1717.12,42844.92,47239.62,14225.61,8.936666666666666,3097.64,0.0,3427.67,8750.33,28395.66,35673.43,11708.2,4760.74,8582.99,4782.13,2829.09,97.85,3192.67,99.24,547960.71,2.26,8899.16,2792.05,153227.71,1834876.35,75677.7,1052316.49,17.9,69821.6,78089.94,6.89,252082.22,13.7,42.67,0.0,7884.81,1978443.2,17617.68,28337.5,1664.81,35607.71,2.1,3.58,13089.66,27012.83,1.56,8.5,60687.28999999999,1162.62,67.9,3080.31,39623.87,0.0,297.79,8.965,185953.17,17.39,130.6,143.67,8110.745,992.87,38162.18,88.29,1164.7,8168.74,1.28,10513.08,10513.08,8.95,38.92,115.88,139114.55,3226.0,16.0,2236.75,39890.857142857145,414225.99,11526.49,4051.92,0.0,6083.21,564571.34,5923.19,25795.44,84822.9,4920.92,37.59,3848.52,509655.35,1340419.96,1.0,13.89,509655.35,0.0,142380.01,205888.0,190332.31,3536.19,73697.44,14.46,21821.16,1069069.72,36316.5,838634.65,21821.16,829727.86,764727.93,790966.62,1069069.72,1712.25,148816.96,38.75,91250.03,175387.565,25527.795,41324.44,838634.65,208.58,13089.66,188.795
Malaysia,2023,4,2023-Q4,18381.02,1726.54,35841.03,10432.03,1863.5,43401.43,49074.92,13177.86,8.566666666666666,3548.9,0.0,3427.67,9547.03,35244.68,36483.15,12297.65,4719.77,8659.69,5364.91,2879.72,103.6,3301.34,101.42,562822.32,2.19,9108.51,3207.41,159114.32,1834876.35,77443.37,1066650.64,18.28,74204.23,80373.07,7.15,266674.11,14.26,43.31,0.0,10255.6,1978443.2,19162.51,29501.8,2281.25,48107.25,2.21,3.62,13175.22,27076.1,1.52,8.38,62115.45,1171.67,69.87,3516.34,32421.18,0.0,291.205,8.965,196772.2,17.96,144.91,157.53,8110.745,945.93,38869.71000000001,83.14,1251.31,8904.64,1.32,10255.6,10255.6,9.36,37.88,115.88,147727.74,3226.0,16.0,2246.0,12758.0,431202.57,11727.63,5092.65,0.0,5476.1,576337.65,5923.19,25012.01,89264.36,4270.58,32.41,4189.0,520285.34,1340419.96,0.96,13.24,520285.34,0.0,135787.32,213905.82,187088.12,4609.86,78272.23,15.04,20821.13,1095324.28,36011.65,868083.19,20821.13,858042.95,791717.59,815465.75,1095324.28,1676.94,135787.32,39.37,95091.39,175387.565,25527.795,55481.15,868083.19,196.75,13175.22,174.745
Malaysia,2024,1,2024-Q1,18933.83,1902.4,36364.77,7763.35,1912.23,44134.6,50844.38,12638.06,8.143333333333334,4490.43,0.0,3427.67,10326.79,37671.04,37013.65,12436.96,5360.68,8370.16,5235.75,3024.23,103.76,3566.04,101.85,573956.89,3.46,8248.57,3805.78,164636.91,1834876.35,79162.07,1085037.42,17.68,72992.2,81421.92,6.86,272974.72,13.74,41.92,0.0,2791.29,1978443.2,21459.59,34470.96,596.87,12857.3,2.43,4.13,13160.17,29500.09,1.49,9.2,63525.74,1249.41,69.81,3093.96,33441.66,0.0,275.28,8.965,199288.99,17.75,137.99,147.26,8110.745,974.2,39376.71,83.69,1240.66,8587.92,1.32,11165.15,11165.15,9.14,37.85,115.88,157567.16,3226.0,16.0,2246.0,140651.0,438130.05,12366.59,1935.04,0.0,5801.95,579218.1,5923.19,25453.98,92717.23,4572.25,34.74,4696.88,531261.69,1340419.96,1.03,14.1,531261.69,0.0,144426.36,212686.31,196830.6,8097.39,77071.02,14.51,22145.45,1122902.31,38178.31,884403.87,22145.45,875315.97,801599.48,833826.84,1122902.31,1789.69,144426.36,39.02,93922.86,175387.565,25527.795,15389.22,884403.87,209.57,13160.17,174.73999999999998
Malaysia,2024,2,2024-Q2,19109.06,2416.94,37070.24,5895.53,1957.98,44301.51,51938.58,12153.17,7.793333333333334,4816.0,0.0,3427.67,9634.57,44795.59,37248.4,12347.54,5143.5,8089.75,5516.38,3099.56,103.56,3142.95,96.41,581566.2,3.4,7992.65,2992.61,168667.33,1834876.35,80733.24,1102932.49,17.96,75066.85,83110.72,7.04,278881.28,14.02,41.13,0.0,5736.32,1978443.2,20632.04,32728.48,1212.15,25883.35,2.3,3.96,13440.25,30404.39,1.5,9.75,64788.44500000001,1247.84,71.88,3702.24,35561.98,0.0,279.02,8.965,185889.24,16.53,140.93,152.59,8110.745,944.12,39839.99999999999,65.49,1302.1,8663.27,1.35,11472.64,11472.64,9.01,37.73,115.88,153530.88,3226.0,16.0,2246.0,140651.0,493211.32,12504.05,3483.77,0.0,7497.0,575333.98,5923.19,26167.72,92823.64,4776.98,35.54,4761.78,535283.97,1340419.96,1.04,14.21,535283.97,0.0,131898.82,201261.66,192629.16,8021.08,79145.28,14.79,21729.8,1124546.59,37486.02,898439.47,21729.8,890332.49,811224.06,826094.66,1124546.59,1736.11,131898.82,43.86,96157.51,175387.565,25527.795,30579.27,898439.47,200.33,13440.25,164.87
Malaysia,2024,3,2024-Q3,16813.55,2555.2,37318.73,5842.61,2069.72,43747.86,54630.25,13215.42,7.36,5321.49,0.0,3427.67,10089.18,43313.38,37838.83,11526.35,4991.82,8201.85,5481.99,3089.25,109.52,3150.65,95.55,595548.51,3.46,9470.36,3064.29,167709.43,1834876.35,82445.78,1122976.29,17.68,74913.35,84940.12,6.87,285345.975,13.78,41.18,0.0,8855.81,1978443.2,20883.43,36618.47,1881.39,39178.15,2.28,4.36,13381.38,30349.73,1.46,9.15,66178.56,1280.05,67.62,3792.64,28717.39,0.0,294.275,8.965,180423.13,15.7,128.87,142.07,8110.745,1067.69,40529.1,156.675,905.66,8652.6,0.94,11807.75,11807.75,9.0,38.91,115.88,151421.3,3226.0,16.0,2246.0,140651.0,512552.81,12497.67,4770.74,0.0,7679.62,603478.08,5923.19,25763.67,94222.22,4728.78,35.34,5046.68,543813.46,1340419.96,1.05,14.32,543813.46,0.0,140002.33,198900.48,192595.02,11076.75,78944.01,14.52,19112.6,1149244.92,34541.84,914425.54,19112.6,905680.4,829773.87,840819.44,1149244.92,1893.12,140002.33,44.6,96127.81,175387.565,25527.795,45830.28,914425.54,200.35,13381.38,168.73999999999998
Malaysia,2024,4,2024-Q4,16569.28,2710.09,39728.39,6309.35,2228.02,33852.61,56004.86,13018.81,7.12,5627.33,0.0,3427.67,10451.69,59864.08,38005.58,11287.5,5138.29,3142.47,121.05,3060.27,8025.53,5504.74,94.79,608548.82,4.28,9862.37,-5763.15,165659.7,1834876.35,86478.91,1169346.75,18.12,79210.32,86478.91,7.02,295686.05,14.31,42.05,0.0,12331.86,1978443.2,23755.56,44043.28,2514.8,52699.2,2.53,5.1,12683.33,30110.33,1.35,109.77,134656.41,1324.27,69.55,61820.44,37265.44,0.0,294.32,8.965,8673.36,25.11,208.57,159.58,8110.745,85979.33,40780.780000000006,61.7,1290.35,8588.66,1.29,12331.86,12331.86,8.56,40.96,115.88,160921.78,3226.0,16.0,2246.0,140651.0,537419.45,12661.61,5684.14,176.92,8419.81,618197.38,5923.19,24640.67,101217.23,4094.67,32.28,2247.69,553391.17,1340419.96,1.05,14.26,553391.17,3849.445,4158.49,214813.18,194054.19,11288.34,83518.64,15.09,939160.17,1189448.58,1189448.58,939160.17,939160.17,669414.91,609822.84,863716.2,1189448.58,1904.19,134614.77,45.18,100277.35,100277.35,25527.795,60898.14,939160.17,193.52,12683.33,618.4950000000001
Malaysia,2025,1,2025-Q1,16377.74,2883.73,40359.48,6549.49,2253.13,33797.19,55960.05,13328.19,7.12,5732.79,0.0,3427.67,11240.8,60518.42,39208.36,11338.77,5198.0,3235.86,125.44,3076.39,8093.88,5481.63,101.96,619896.5,4.18,9718.99,-1529.45,154614.54,1834876.35,87432.98,1194697.39,17.69,78774.33,88387.05,6.92,303267.06499999994,13.97,41.03,0.5,3122.2,1978443.2,23363.82,38484.36,618.56,13499.86,2.45,4.42,12771.6,8145.75,1.34,109.08,137509.76,1376.73,68.41,47848.41,40343.12,0.0,311.57,8.965,8673.36,25.11,208.57,142.26,8110.745,87677.07,40856.95,59.74,1161.93,8482.77,1.16,3122.2,12488.79,8.5,38.33,115.88,162815.28,3226.0,16.0,2246.0,140651.0,586834.57,3342.32,2426.97,177.15,9474.03,629328.71,5923.19,31457.276666666665,102907.24,4288.83,33.58,2268.135,563966.93,1340419.96,1.05,14.28,563966.93,3762.28,4158.49,204385.78,198969.12,12076.25,83079.78,14.73,954480.98,1199946.21,1199946.21,954480.98,954480.98,679935.3,623316.24,871167.18,1199946.21,2012.6,143672.44,48.91,99753.31,99753.31,25527.795,16545.39,954480.98,199.46,12771.6,677.9649999999999
Malaysia,2025,2,2025-Q2,16938.87,2429.44,39109.78,7404.66,2299.02,34311.36,55748.45,13000.06,7.12,6163.26,0.0,3427.67,12347.58,64065.67,40310.24,11802.3,5325.59,3322.13,128.41,2978.73,6679.84,4952.36,99.45,630937.97,3.93,8854.39,-1877.6,164719.75,1834876.35,89584.89,1215634.62,18.1,81440.36,90782.74,6.96,311213.05,14.22,43.07,1.0,6176.84,1978443.2,21766.8,45242.84,1355.49,27353.29,2.25,5.12,12965.45,7963.8,1.34,107.79,140007.93,1403.24,70.94,59960.28,42892.46,0.0,316.74,8.965,8673.36,25.11,208.57,151.39,8110.745,83220.93,41434.73,45.06,1119.02,8834.99,1.08,3054.65,12218.59,8.53,38.36,115.88,167519.95,3226.0,16.0,2246.0,140651.0,627722.67,3430.29,3699.57,162.04,8926.71,634780.71,5923.19,31279.21,109412.58,4130.46,31.86,2437.28,572579.26,1340419.96,1.01,13.64,572579.26,3678.475,4158.49,204911.44,203864.83,12288.14,85728.5,14.97,969213.48,1231323.04,1231323.04,969213.48,969213.48,687531.76,637819.22,883919.02,1231323.04,1978.2,135352.63,50.98,103621.59,103621.59,25527.795,32408.35,969213.48,196.74,12965.45,898.34
Malaysia,2025,3,2025-Q3,16277.22,2356.84,40363.39,7246.8,2488.93,35862.76,55952.41,14701.54,7.12,6148.88,0.0,3427.67,13038.33,65066.27,40256.33,11592.71,5409.17,3286.66,227.17,2941.02,7295.5,4910.76,101.04,643028.86,3.46,9906.11,-8921.09,161657.73,1834876.35,91176.25,1239695.91,18.16,80828.81,91569.76,6.82,319605.895,14.11,41.85,1.0,9507.03,1978443.2,23161.31,45522.36,2070.29,41157.46,2.34,5.13,13809.58,8050.93,1.4,107.73,142994.39,1476.48,44.58,63117.18,50210.18,0.0,329.615,8.965,8673.36,25.11,208.57,149.59,8110.745,84191.52,41887.595,42.965,1157.55,9367.4,1.11,3330.19,13320.74,9.0,41.36,115.88,180949.53,3226.0,16.0,2246.0,140651.0,636671.21,3369.08,6423.67,177.26,8693.47,627329.67,5923.19,30738.980000000003,114526.73,4442.18,32.17,2882.56,572912.35,1340419.96,1.07,14.61,572912.35,3581.465,4158.49,213545.21,205233.26,13131.71,85116.66,14.86,988462.16,1248068.77,1248068.77,988462.16,988462.16,701191.13,650876.24,887716.12,1248068.77,3311.96,142750.61,51.01,104045.22,104045.22,25527.795,49651.41,988462.16,197.25,13809.58,1259.15
Malaysia,2025,4,2025-Q4,14995.79,2411.13,40478.82,13233.39,2307.81,37132.54,56900.8,14902.91,7.12,6114.64,0.0,3427.67,13280.84,64557.9,43527.07,11346.42,5534.37,3347.09,230.36,2864.2,7883.38,4706.84,66.74,657148.97,3.98,10401.32,-6707.58,171855.83,1834876.35,92530.78,1258056.78,18.4,84202.14,93491.81,7.02,331855.34500000003,14.57,41.69,1.0,12990.77,1978443.2,21484.72,47755.96,2813.71,54945.62,2.12,5.27,13768.45,8391.93,1.36,106.79,146118.81,1408.08,70.34,59475.98,44592.48,0.0,353.5,8.965,8673.36,25.11,208.57,153.3,8110.745,82929.06,42453.84,101.38,1478.58,9501.05,1.39,3483.74,13934.94,8.93,41.51,115.88,179682.3,3226.0,16.0,2246.0,140651.0,644089.79,3498.89,6784.43,316.62,9290.77,638440.33,5923.19,28632.67666666667,117336.52,4267.39,30.99,2390.115,577988.57,1340419.96,1.11,15.06,577988.57,3482.075,4158.49,210207.14,201582.48,13354.72,88972.91,15.39,1013377.29,1268044.78,1268044.78,1013377.29,1013377.29,714954.09,669486.43,906508.48,1268044.78,2001.72,137122.41,50.79,106354.54,106354.54,25527.795,64543.76,1013377.29,189.54,13768.45,1244.135
Pakistan,2013,4,2013-Q4,0.42,0.03,67.77,10.95,292.45,1.14,31923.4,6.36,14.476666666666667,0.12,0.0,3427.67,2295.62,10479.61,3.25,2541.76,1432.41,1126.08,0.48,1.43,125.81,2.71,1110.58375,139404.64,0.52,358.33,152595.55,22274.76,1834876.35,41445.2,578249.1,13.36,39602.58,42880.37,6.17,1706.08,12.42,76.12,71912.61,4454.87,1978443.2,15971.65,33474.16,2506.49,20980.37,7.45,6.07,15327.95,24632.62,7.15,24.34,16809.9,15135.0,69.4,31384.43,22105.92,22714.64,15678.39,8.965,282585.12,44.24,67.84,152.59,8110.745,65474.3,9905.43,505.63,1254.68,3608.66,2.27,4454.87,4454.87,8.51,18.09,115.88,132861.42,3226.0,5.0,858.0,10819.0,215156.39,18749.92,4481.92,32188.8,1804.39,29846.05,5923.19,23829.0,388784.76,11719.3,76.46,25.85,317454.0,1340419.96,0.77,10.75,317454.0,10293.08,416521.04,224943.24,208150.3,4007.0,39602.58,12.42,214434.19,638753.27,638753.27,214434.19,214434.19,194871.76,156720.0,551492.23,638753.27,67389.28,165362.63,33.68,42423.0,175387.565,25527.795,50683.42,214434.19,490.65,8866.630000000001,4.22
Pakistan,2014,1,2014-Q1,0.41,0.33,66.13,11.51,292.45,1.07,31923.4,6.01,14.476666666666667,0.1,0.0,3427.67,2295.62,10479.61,3.03,2541.76,1432.41,1126.08,0.44,1.34,125.81,4.02,1110.58375,139404.64,0.52,358.33,158568.34,27711.07,1834876.35,44088.95,646842.9,14.9,40460.37,45297.54,6.81,1706.08,12.7,71.79,52915.275,1964.25,1978443.2,11393.27,32274.29,749.68,6766.47,5.24,5.69,15318.97,29447.48,7.05,31.29,12770.355,15135.0,69.4,71240.16,14895.11,4791.46,9635.829999999998,8.965,259415.86,39.61,84.91,152.59,8110.745,59239.04,12959.43,317.5,1254.68,3241.32,2.27,7857.0,7857.0,6.83,26.68,115.88,129189.21,3226.0,5.0,858.0,10985.0,285051.12,21141.34,2388.33,27796.25,1804.39,33528.35,5923.19,12169.766666666666,404311.25,12077.65,78.84,28.152500000000003,318481.03,1340419.96,1.21,17.82,318481.03,7496.744999999999,305523.29,224943.24,179912.81,4007.0,44598.45,14.0,217414.98,654932.53,654932.53,217414.98,217414.98,204092.46,155448.8,567028.81,654932.53,67389.28,165362.63,43.52,47457.53,175387.565,25527.795,14695.94,217414.98,379.1,8866.630000000001,4.22
Pakistan,2014,2,2014-Q2,1.02,0.32,65.61,12.53,292.45,0.81,31923.4,5.88,14.476666666666667,0.1,0.0,3427.67,2295.62,10479.61,3.12,2541.76,1432.41,1126.08,0.5,1.29,125.81,3.99,1110.58375,139404.64,0.52,358.33,141225.89,29421.87,1834876.35,45052.31,662731.79,15.03,42105.02,46979.02,6.66,1706.08,12.87,71.53,55545.015,4234.89,1978443.2,12222.69,32447.99,1553.36,13784.22,5.43,5.4,14720.51,30394.08,6.53,27.87,14355.045,15135.0,69.4,114499.38,16821.9,9077.87,10450.835,8.965,258557.05,37.23,84.7,152.59,8110.745,54453.07,16047.085,266.53,1254.68,2568.65,2.27,8469.79,8469.79,5.22,27.87,115.88,183052.48,3226.0,5.0,868.0,11861.0,256323.52,21741.82,5664.87,26876.7,1804.39,29136.06,5923.19,12195.543333333331,389098.22,12151.87,82.55,32.1975,327264.52,1340419.96,1.28,18.8,327264.52,8051.465,305272.33,224943.24,186650.75,4007.0,46254.82,14.13,225256.84,694509.56,694509.56,225256.84,225256.37,211214.21,165183.05,601286.77,694509.56,67389.28,165362.63,36.91,49180.29,175387.565,25527.795,30080.32,225256.84,379.52,8866.630000000001,4.22
Pakistan,2014,3,2014-Q3,0.2,0.29,63.52,12.89,292.45,1.09,31923.4,5.66,14.476666666666667,0.09,0.0,3427.67,2295.62,10479.61,3.12,2541.76,1432.41,1126.08,0.42,1.15,125.81,6.38,1110.58375,139404.64,0.52,358.33,159940.63,30824.49,1834876.35,45228.58,672554.03,14.84,41087.23,45757.38,6.47,1706.08,12.26,71.33,60808.61,6406.07,1978443.2,9933.16,33067.96,2360.28,20919.93,4.38,5.48,14545.99,30730.96,6.41,34.26,14309.52,15135.0,69.4,106963.67,21778.59,13552.51,13431.695,8.965,248296.36,35.37,78.19,152.59,8110.745,54242.87,16748.175,270.575,1254.68,2326.16,2.27,8541.43,8541.43,4.68,27.79,115.88,148543.39,3226.0,5.0,929.0,12150.0,276431.77,21921.5,8924.2,21611.8,1804.39,23351.99,5923.19,11608.643333333332,431764.93,12219.83,84.01,32.69,335066.23,1340419.96,1.27,18.89,335066.23,5593.344999999999,317552.67,224943.24,186714.7,4007.0,45397.86,13.55,226790.0,702020.77,702020.81,226790.96,226790.0,212147.89,158018.5,603660.31,702020.77,67389.28,165362.63,39.38,49726.83,175387.565,25527.795,45756.92,226790.96,375.48,8866.630000000001,4.22
Pakistan,2014,4,2014-Q4,0.19,0.23,66.79,11.65,292.45,0.66,31923.4,4.74,14.476666666666667,0.21,0.0,3427.67,2295.62,10479.61,2.75,2541.76,1432.41,1126.08,0.63,0.87,125.81,6.13,1110.58375,139404.64,0.52,358.33,172135.64,36547.32,1834876.35,45936.97,692059.45,13.81,44819.24,48770.53,6.22,1706.08,11.7,72.15,64875.380000000005,8211.59,1978443.2,21336.01,39216.46,3159.16,29222.14,7.69,5.93,15908.27,31771.8,5.73,33.45,14883.595,15135.0,69.4,129061.81,23600.33,17812.36,18006.525,8.965,230722.15,29.96,66.85,152.59,8110.745,61709.41,23023.01,115.69,1254.68,2018.25,2.27,8211.59,8211.59,3.82,25.85,115.88,176346.69,3226.0,5.0,1017.0,12908.0,230668.48,22924.12,12403.42,18356.78,1804.39,18967.01,5923.19,14597.873333333331,465849.24,13890.02,87.31,32.4075,382978.31,1340419.96,1.19,17.88,382978.31,7842.754999999999,345151.98,224943.24,173009.57,4007.0,47878.51,12.5,277517.3,770081.12,770081.1,277517.32,277517.32,260059.76,194871.76,661162.93,770081.12,67389.28,165362.63,29.95,52892.58,175387.565,25527.795,62597.08,277517.32,327.1,8866.630000000001,4.22
Pakistan,2015,1,2015-Q1,0.37,0.22,70.45,8.95,292.45,1.02,31923.4,4.71,14.476666666666667,0.24,0.0,3427.67,2295.62,10479.61,2.73,2541.76,1432.41,1126.08,0.73,0.82,125.81,4.95,1110.58375,139404.64,0.52,358.33,146223.94,35743.75,1834876.35,48960.8,779428.48,14.58,44996.18,49151.06,6.1,1706.08,12.32,71.4,70295.03,2310.77,1978443.2,12318.59,39357.17,884.35,8394.52,4.65,5.76,16382.77,35856.88,6.19,26.13,16751.305,15135.0,69.4,193625.99,20414.0,3775.73,14380.305,8.965,221450.11,28.08,62.93,152.59,8110.745,51071.89,23855.43,115.885,1254.68,1888.2,2.27,9243.07,9243.07,3.54,25.78,115.88,177072.29,3226.0,5.0,1020.0,13557.0,342690.94,25601.34,3632.19,18749.2,1804.39,20917.3,5923.19,14797.663333333334,485477.45,14494.57,88.47,30.64,365236.12,1340419.96,1.19,18.88,365236.12,10374.415,351905.21,224943.24,165328.84,4007.0,48121.89,13.18,264847.88,788775.85,788775.85,264847.88,264847.88,257421.47,204092.46,683467.04,788775.85,67389.28,165362.63,43.45,53267.81,175387.565,25527.795,16686.79,264847.88,310.37,8866.630000000001,4.22
Pakistan,2015,2,2015-Q2,0.31,0.19,69.24,8.43,292.45,1.38,31923.4,5.52,14.476666666666667,0.36,0.0,3427.67,2295.62,10479.61,4.01,2541.76,1432.41,1126.08,0.69,0.68,125.81,4.63,1110.58375,139404.64,0.52,358.33,116426.2,46814.2,1834876.35,50641.08,829286.18,14.37,48979.65,54001.65,5.64,1706.08,11.28,72.78,82418.73,3464.29,1978443.2,13191.1,40975.98,1978.32,17649.0,3.67,5.18,27046.13,40934.5,7.53,59.79,18778.755,15135.0,69.4,255973.09,36779.57,8123.94,26045.315,8.965,281098.24,30.26,65.89,152.59,8110.745,61985.17,24745.055,115.92,1254.68,2283.58,2.27,6928.58,6928.58,3.66,16.93,115.88,231690.13,3226.0,5.0,1075.0,14863.0,405353.48,29793.92,8703.9,28992.42,1804.39,25484.14,5923.19,29454.25,534231.9,24762.55,91.56,29.1225,434171.49,1340419.96,0.84,13.68,434171.49,12012.77,426633.37,224943.24,168465.93,4007.0,52368.07,12.06,359143.94,929001.58,929001.58,359143.94,359143.94,337501.3,211214.21,791406.16,929001.58,67389.28,165362.63,43.63,62399.48,175387.565,25527.795,36455.14,359143.94,269.98,8866.630000000001,4.22
Pakistan,2015,3,2015-Q3,0.18,0.19,70.21,7.96,292.45,0.98,31923.4,5.77,14.476666666666667,0.41,0.0,3427.67,2295.62,10479.61,3.08,2541.76,1432.41,1126.08,0.85,0.7,125.81,4.48,1110.58375,139404.64,0.52,358.33,138786.35,49405.4,1834876.35,53660.37,858796.54,16.85,59488.27,62718.22,6.85,1706.08,13.67,75.15,92493.13,4972.78,1978443.2,11540.26,41908.88,3095.16,25564.97,3.17,5.28,27334.91,39670.07,7.51,59.12,20348.515,15135.0,69.4,242342.97,41118.63,11001.64,24994.91,8.965,283682.92,29.95,66.64,152.59,8110.745,65484.71,35588.44,78.425,1254.68,2454.7,2.27,6630.38,6630.38,3.35,16.71,115.88,215035.78,3226.0,6.0,1095.0,15065.0,372779.85,29812.9,13771.66,29549.95,1804.39,30716.94,5923.19,22967.230000000003,548332.64,24880.22,91.02,33.805,435164.59,1340419.96,0.77,12.36,435164.59,12642.185,425664.21,224943.24,172545.03,4007.0,62954.81,14.47,364103.32,947327.62,947327.62,364103.32,364103.32,337568.44,212147.89,794085.37,947327.62,67389.28,165362.63,39.77,73330.8,175387.565,25527.795,53433.42,364103.32,235.3,8866.630000000001,4.22
Pakistan,2015,4,2015-Q4,0.46,1.06,69.61,8.11,292.45,1.16,31923.4,5.3,14.476666666666667,0.36,0.0,3427.67,2295.62,10479.61,3.58,2541.76,1432.41,1126.08,0.92,0.42,125.81,1.62,1110.58375,139404.64,0.52,358.33,148057.69,43593.72,1834876.35,56298.43,886475.47,13.75,61409.6,66850.66,6.35,1706.08,11.79,75.53,98772.01,9198.37,1978443.2,16609.95,45900.92,4253.09,33213.74,3.59,5.34,29141.42,38275.43,6.3,57.74,21203.955,15135.0,69.4,172901.44,27578.53,12011.76,30591.51,8.965,311542.48,31.24,71.59,152.59,8110.745,82952.61,46806.74,107.495,1254.68,923.21,2.27,9198.37,9198.37,1.29,24.03,115.88,245268.25,3226.0,6.0,1314.0,15379.0,432499.26,28908.7,17761.8,28812.88,1804.39,33909.73,5923.19,29737.96,579990.31,28218.21,96.83,38.0875,520718.9,1340419.96,1.04,16.34,520718.9,15818.66,435175.24,224943.24,184534.04,4007.0,63284.76,12.15,462885.14,997191.2,997191.2,462885.14,462885.14,410219.17,260059.76,859168.29,997191.2,67389.28,165362.63,43.37,71623.78,175387.565,25527.795,67240.39,462885.14,257.64,8866.630000000001,4.22
Pakistan,2016,1,2016-Q1,0.62,0.32,71.66,7.53,292.45,1.46,31923.4,4.96,14.476666666666667,0.33,0.0,3427.67,2295.62,10479.61,3.55,2541.76,1432.41,1126.08,0.9,0.44,125.81,1.64,1110.58375,139404.64,0.52,358.33,130646.18,48508.65,1834876.35,67129.65,1001170.25,13.94,61862.1,67408.64,6.35,1706.08,11.95,81.84,104756.145,2564.83,1978443.2,15745.07,47356.59,1186.99,8663.27,3.47,5.67,29359.11,37512.88,6.48,56.27,22912.29,15135.0,69.4,100506.64,53633.25,1968.85,26661.115,8.965,372572.06,37.07,84.17,152.59,8110.745,73220.97,45670.695,157.5,1254.68,2282.93,2.27,10259.31,10259.31,3.17,27.35,115.88,239688.99,3226.0,6.0,1315.0,15558.0,421454.13,30702.1,4198.28,27908.93,1804.39,30356.27,5923.19,36832.3,565553.51,27076.18,92.22,19.465,517515.92,1340419.96,1.02,15.28,517515.92,15518.365000000002,442629.26,224943.24,292888.8,4007.0,63779.44,12.32,453198.76,1005149.3,1005149.3,453198.76,453198.76,402273.49,257421.47,835598.76,1005149.3,67389.28,165362.63,41.93,72120.62,175387.565,25527.795,16017.39,453198.76,406.11,8866.630000000001,4.22
Pakistan,2016,2,2016-Q2,0.74,0.6,67.12,9.55,292.45,2.15,31923.4,5.31,14.476666666666667,0.31,0.0,3427.67,2295.62,10479.61,3.5,2541.76,1432.41,1126.08,1.01,0.44,125.81,2.27,1110.58375,139404.64,0.52,358.33,146863.45,51109.7,1834876.35,67635.78,1021522.56,13.42,62901.62,68648.03,6.11,1706.08,11.55,79.31,126044.38,5405.9,1978443.2,19243.02,49098.78,2600.53,17647.62,3.91,5.53,28787.48,40688.69,5.85,26.86,26378.685,15135.0,69.4,83135.5,54922.66,7281.97,25169.56,8.965,384506.73,36.2,83.79,152.59,8110.745,84433.81,39977.05,112.5,1254.68,2131.66,2.27,10811.81,10811.81,2.92,26.57,115.88,282326.92,3226.0,6.0,1318.0,15918.0,440993.82,32269.08,6101.42,39322.45,1804.39,29534.95,5923.19,42017.32333333333,575684.93,26655.81,92.6,388.06,544439.66,1340419.96,1.06,15.99,544439.66,15799.115,458890.74,224943.24,300458.62,4007.0,64874.58,11.92,492447.18,1062227.18,1062227.18,492447.18,492447.18,428163.93,337501.31,887546.79,1062227.18,67389.28,165362.63,41.52,73071.84,175387.565,25527.795,33631.54,492447.18,411.18,8866.630000000001,4.22
Pakistan,2016,3,2016-Q3,0.79,0.62,65.87,9.2,292.45,2.26,31923.4,6.05,14.476666666666667,0.25,0.0,3427.67,2295.62,10479.61,3.46,2541.76,1432.41,1126.08,1.04,0.45,125.81,2.43,1110.58375,139404.64,0.52,358.33,149723.49,55780.38,1834876.35,67942.68,1038714.72,15.12,62344.25,68863.38,5.9,1706.08,11.84,79.75,132478.725,7692.57,1978443.2,18595.2,51298.29,3750.09,27007.46,3.8,5.71,30269.04,40911.33,6.19,23.7,27325.85,15135.0,69.4,115744.94,68029.95,11099.02,25269.07,8.965,397628.61,36.47,84.15,152.59,8110.745,68052.2,44147.185,97.5,1254.68,3524.86,2.27,10256.76,10256.76,4.43,25.07,115.88,273110.84,3226.0,6.0,1359.0,15940.0,431656.57,32627.83,8797.03,32483.99,1804.39,29601.39,5923.19,44698.96,594905.25,26744.18,88.35,335.2,526676.72,1340419.96,0.99,15.1,526676.72,11826.84,472539.26,224943.24,302393.87,4007.0,64377.45,12.22,489944.9,1090291.19,1090291.19,489944.9,489944.9,417586.15,337568.44,897617.48,1090291.19,67389.28,165362.63,39.59,79632.15,175387.565,25527.795,50653.61,489944.9,379.74,8866.630000000001,4.22
Pakistan,2016,4,2016-Q4,0.79,0.62,65.87,9.2,292.45,2.26,31923.4,6.05,14.476666666666667,0.25,0.0,3427.67,2295.62,10479.61,3.46,2541.76,1432.41,1126.08,1.04,0.45,125.81,2.43,1110.58375,139404.64,0.52,358.33,154673.73,52971.84,1834876.35,69704.78,1060436.5,12.94,64061.55,76753.19,5.81,1706.08,10.52,77.56,140715.33000000002,11124.78,1978443.2,26075.34,53005.33,5154.55,35807.97,4.48,5.48,30549.88,40772.89,5.25,18.71,28423.465,15135.0,69.4,171562.68,49749.54,10730.36,32894.86,8.965,317089.99,27.64,65.45,152.59,8110.745,67570.85,63106.485,40.0,1254.68,4351.7,2.27,11124.78,11124.78,5.31,27.28,115.88,314473.53,3226.0,5.0,1382.0,16492.0,477010.35,31622.09,15321.94,35980.61,1804.39,39496.97,5923.19,49704.64333333333,613878.59,26198.18,85.76,102.37,608876.94,1340419.96,1.05,15.96,608876.94,15395.02,484484.01,224943.24,203431.27,4007.0,64061.55,10.52,581675.36,1147323.66,1147323.66,581675.36,581675.36,486954.59,410219.17,967849.09,1147323.66,67389.28,165362.63,41.58,78774.86,175387.565,25527.795,67014.82,581675.36,248.14,8866.630000000001,4.22
Pakistan,2017,1,2017-Q1,0.97,0.82,68.44,7.58,292.45,2.19,31923.4,5.38,14.476666666666667,0.18,0.0,3427.67,2295.62,10479.61,2.46,2541.76,1432.41,1126.08,0.77,0.36,125.81,3.18,1110.58375,139404.64,0.52,358.33,126725.77,56906.19,937269.64,77281.6,1154683.96,13.45,68440.84,77810.0,5.89,1706.08,11.08,75.51,149900.65,2793.99,1978443.2,13701.58,54841.15,1853.03,9991.36,2.18,5.73,32783.02,45903.14,5.22,23.36,30027.44,15135.0,69.4,169047.92,70139.95,2944.98,44008.275,8.965,279315.3,24.04,57.95,129.57,8110.745,83966.6,72021.48,0.0,1254.68,6424.08,2.27,11175.97,11175.97,7.73,24.35,139.1,306537.62,3226.0,5.0,1365.0,16385.0,481414.99,34659.67,3360.8,33907.82,1804.39,31798.45,5923.19,53875.893333333326,618852.06,26358.94,80.4,103.46,617816.65,673813.8,0.97,14.46,617816.65,15965.335,482010.37,245348.05,203759.09,4007.0,68440.84,11.08,628603.68,1162044.27,1162044.27,628603.68,628603.68,496245.56,402273.49,957188.13,1162044.27,67389.28,189361.65,41.43,83084.96,175387.565,25527.795,18150.18,628603.68,245.24,8866.630000000001,4.22
Pakistan,2017,2,2017-Q2,1.02,0.84,67.27,6.47,292.45,2.72,31923.4,5.73,14.476666666666667,0.22,0.0,3427.67,2295.62,10479.61,2.51,2541.76,1432.41,1126.08,0.77,0.32,125.81,2.65,1110.58375,139404.64,0.52,358.33,153458.98,56478.01,986364.08,78069.77,1173122.0,12.93,70356.63,79646.1,5.81,1706.08,10.71,73.13,146115.51,6468.01,1978443.2,16674.96,60716.5,3715.14,21132.9,2.65,5.91,33004.18,48583.81,5.25,22.89,32278.085,15135.0,69.4,169522.21,46254.78,5797.61,36152.535,8.965,284145.23,23.48,57.83,150.64,8110.745,95670.87,87398.11000000002,0.0,1254.68,6831.22,2.27,12936.03,12936.03,8.04,26.63,139.95,348214.07,1264.0,5.0,1345.0,16749.0,341823.59,35530.22,7268.93,35748.39,1804.39,43101.46,5923.19,70127.15,636303.67,26172.96,79.3,154.445,656778.38,704785.28,1.1,16.57,656778.38,28503.465,491350.44,245069.39,195898.1,4007.0,70356.63,10.71,655370.4,1209998.08,1209998.08,655370.4,655370.4,526171.11,428163.93,1027619.2,1209998.08,67389.28,162683.19,28.25,84914.04,175387.565,25527.795,37914.59,655370.4,230.7,8866.630000000001,4.22
Pakistan,2017,3,2017-Q3,1.02,1.05,66.2,6.05,292.45,2.93,31923.4,6.0,14.476666666666667,0.2,0.0,3427.67,2295.62,10479.61,2.82,2541.76,1432.41,1126.08,0.78,0.34,125.81,2.62,1110.58375,139404.64,0.52,358.33,143773.7,62985.85,1015149.3,78786.38,1187993.7,14.14,72700.43,80936.23,5.9,1706.08,11.2,77.36,148324.58000000002,8945.57,1978443.2,14468.37,60982.35,5437.27,33360.64,2.1,5.87,33126.17,48835.48,4.81,26.93,43479.555,15135.0,69.4,173953.05,49927.56,8670.52,30117.245000000003,8.965,267863.8,21.73,53.31,122.0,8110.745,75280.4,102802.715,0.0,1254.68,6580.01,2.27,11927.43,11927.43,7.17,24.42,139.42,333261.76,1277.0,5.0,1346.0,16863.0,343746.46,37779.25,10168.25,31976.81,1804.39,41973.54,5923.19,84035.55666666667,663523.84,26546.16,80.14,245.16,648845.1,728118.66,1.0,15.14,648845.1,25504.14,502451.01,224943.24,194028.04,4007.0,72700.43,11.2,688877.18,1232608.78,1232608.78,688877.18,688877.18,530041.3,417586.15,1038759.13,1232608.78,67389.28,184375.9,27.89,91718.96,175387.565,25527.795,57636.67,688877.18,211.55,8866.630000000001,4.22
Pakistan,2017,4,2017-Q4,0.8,0.97,66.47,6.6,292.45,2.84,31923.4,5.83,14.476666666666667,0.15,0.0,3427.67,2295.62,10479.61,3.01,2541.76,1432.41,1126.08,0.72,0.43,125.81,2.15,1110.58375,139404.64,0.52,358.33,156086.49,67598.4,1080182.01,79508.04,1220743.98,13.36,73974.94,82394.71,5.47,1706.08,10.52,73.22,164722.745,12152.76,1978443.2,13484.27,70202.28,7416.35,45959.44,1.73,6.2,32370.75,50247.72,4.16,19.85,38030.15,15135.0,69.4,179956.69,68775.52,11956.06,49741.525,8.965,290587.17,21.5,50.87,125.38,8110.745,73921.65,120180.92,0.0,1254.68,5656.54,2.27,12152.76,12152.76,6.02,24.19,134.48,373932.81,1327.0,5.0,1395.0,16841.0,455282.2,36792.68,14130.82,38329.21,1804.39,46366.09,5923.19,94278.94,712677.57,26714.2,82.53,308.96500000000003,703448.21,803233.89,1.0,15.28,703448.21,21855.975,571186.77,233571.21,199439.38,4007.0,73974.94,10.52,777933.33,1351745.1,1351745.1,777933.33,777933.33,583596.11,486954.59,1132976.47,1351745.1,67389.28,186294.72,33.68,93962.21,175387.565,25527.795,79462.67,777933.33,212.25,8866.630000000001,4.22
Pakistan,2018,1,2018-Q1,0.69,1.13,65.66,7.53,292.45,2.85,31923.4,5.82,14.476666666666667,0.12,0.0,3427.67,2295.62,10479.61,2.91,2541.76,1432.41,1126.08,0.77,0.65,125.81,2.54,1110.58375,139404.64,0.52,358.33,146784.07,72662.66,1080704.79,83880.1,1355199.88,13.14,77347.66,85365.49,5.69,1706.08,10.51,70.18,196100.945,3486.54,1978443.2,13258.97,76042.16,2049.13,12989.26,1.67,6.68,32799.12,52387.52,4.13,23.09,41913.34,15135.0,69.4,175359.01,62791.63,2963.74,47644.405,8.965,257936.94,18.98,45.66,114.36,8110.745,76700.36,135334.255,0.0,1254.68,5561.5,2.27,13946.17,13946.17,5.75,26.62,130.6,379631.48,1334.0,5.0,1395.0,16878.0,547444.34,36763.9,3122.39,45422.92,1804.39,51390.25,5923.19,96343.51,706813.15,27237.62,83.04,339.58500000000004,736055.6,827518.94,1.03,16.63,736055.6,15533.419999999998,564866.15,230291.92,196267.09,4007.0,77347.66,10.51,794821.57,1358654.67,1358654.67,794821.57,794821.57,610849.51,496245.56,1137834.89,1358654.67,67389.28,201370.93,40.29,96684.21,175387.565,25527.795,21124.52,794821.57,203.0,8866.630000000001,4.22
Pakistan,2018,2,2018-Q2,0.62,1.07,66.51,6.28,292.45,2.74,31923.4,5.56,14.476666666666667,0.18,0.0,3427.67,2295.62,10479.61,2.81,2541.76,1432.41,1126.08,0.68,0.57,125.81,3.67,1110.58375,139404.64,0.52,358.33,173426.24,73350.19,1135039.33,85186.61,1387395.8,12.91,79593.98,87799.63,5.48,1706.08,10.4,68.96,216519.115,7971.32,1978443.2,10449.97,80153.63,4131.63,26424.32,1.31,6.6,32549.36,55114.06,4.07,26.27,44867.52,15135.0,69.4,228988.88,76521.87,6157.89,41974.37,8.965,292783.28,20.17,47.06,113.99,8110.745,88234.27,131845.805,0.0,1254.68,5246.67,2.27,15942.64,15942.64,5.31,28.93,137.65,417046.15,1446.0,5.0,1486.0,17268.0,577296.55,38005.48,7333.9,47256.2,1804.39,49287.02,5923.19,103492.53333333333,747782.79,27302.69,83.88,338.92,765597.08,824579.86,1.15,18.71,765597.08,18436.805,622090.99,258645.24,203285.64,4007.0,79593.98,10.4,798830.69,1451787.64,1451787.64,798830.69,798830.69,664410.02,526171.11,1214115.95,1451787.64,67389.28,226896.27,39.76,98817.81,175387.565,25527.795,44047.74,798830.69,205.72,8866.630000000001,4.22
Pakistan,2018,3,2018-Q3,0.7,1.33,65.43,7.41,292.45,2.94,31923.4,5.87,14.476666666666667,0.17,0.0,3427.67,2295.62,10479.61,3.22,2541.76,1432.41,1126.08,0.68,0.59,125.81,2.94,1110.58375,139404.64,0.52,358.33,164720.02,82813.88,1162644.73,85757.47,1410770.98,13.9,79647.67,87470.03,5.85,1706.08,10.51,69.47,233415.66,11910.94,1978443.2,8337.5,83137.88,6176.05,41541.74,0.98,6.69,33099.02,56179.42,3.91,25.46,45991.685,15135.0,69.4,214901.42,68805.03,9605.01,53407.74,8.965,285474.79,19.28,44.51,159.82,8110.745,86331.11,149632.39500000002,0.0,1254.68,5739.99,2.27,15881.25,15881.25,5.45,28.27,139.63,415703.59,1472.0,5.0,1490.0,17613.0,586333.6,39026.89,11399.52,47605.38,1804.39,46750.03,5923.19,103615.29333333332,779353.96,27359.02,82.66,305.56500000000005,758057.36,832662.32,1.13,18.52,758057.36,16235.46,641406.82,249768.21,206616.52,4007.0,86641.36,11.43,847053.2,1480896.53,1480896.53,847053.2,847053.2,664986.06,530041.3,1241807.59,1480896.53,67389.28,156282.13,39.59,105380.78,175387.565,25527.795,68722.3,847053.2,196.07,8866.630000000001,4.22
Pakistan,2018,4,2018-Q4,0.95,1.93,64.95,6.73,292.45,2.48,31923.4,6.07,14.476666666666667,0.24,0.0,3427.67,2295.62,10479.61,3.64,2541.76,1432.41,1126.08,0.56,0.63,125.81,2.58,1110.58375,139404.64,0.52,358.33,191361.76,92092.85,1246100.97,86974.46,1447051.8,14.04,83467.15,91842.42,5.95,1706.08,10.26,67.05,240292.755,18056.42,1978443.2,9678.81,92971.75,8669.5,61506.09,1.03,6.94,32148.74,60486.03,3.42,28.82,47570.08500000001,15135.0,69.4,211663.1,68401.9,13354.45,65540.305,8.965,308740.91,19.39,43.83,183.98,8110.745,89734.39,159018.86000000002,0.0,1254.68,5118.98,2.27,18056.42,18056.42,4.48,29.85,134.49,461001.81,1492.0,5.0,1557.0,17939.0,636951.97,40553.61,15842.5,50401.3,1804.39,62866.04,5923.19,111214.0,815970.05,27029.76,84.08,390.265,813821.73,926566.55,1.25,20.76,813821.73,18289.335,704458.86,232295.84,197383.07,4007.0,94783.16,11.65,941365.83,1592175.06,1592175.06,941365.83,941365.83,751774.5,583596.11,1339837.9,1592175.06,67389.28,126264.71,40.01,114277.26,175387.565,25527.795,99372.54,941365.83,172.72,8866.630000000001,4.22
Pakistan,2019,1,2019-Q1,0.91,3.09,66.31,6.37,292.45,2.29,31923.4,5.72,14.476666666666667,0.25,0.0,3427.67,2295.62,10479.61,3.73,2541.76,1432.41,1126.08,0.53,0.64,125.81,1.72,1110.58375,139404.64,0.52,358.33,220084.37,131618.43,1256960.24,92918.38,1616167.12,14.73,84944.04,93994.35,5.87,1706.08,10.69,59.53,257555.415,6945.05,1873367.88,9049.51,100735.32,2394.01,23421.8,0.98,7.55,31243.24,76244.17,3.38,22.56,48054.72,12524.29,52.45,112870.04,79779.55,6178.84,63601.035,5.14,333157.19,20.31,43.96,166.75,8110.745,85315.03,151309.285,0.0,678.01,2753.18,0.58,27780.2,27780.2,2.35,36.44,140.56,432224.75,1536.0,5.0,1573.0,18400.0,628277.99,45387.81,3821.24,60281.47,1804.39,61864.99,5923.19,117990.67666666668,840677.11,28490.06,91.19,232.105,794356.23,894234.74,1.72,29.9,794356.23,18166.39,757817.99,349967.01,323221.18,4007.0,96248.58,12.12,923702.1,1640159.17,1640159.17,923702.1,923702.1,748667.92,610849.51,1334766.84,1640159.17,23877.9,209875.72,38.31,117030.35,117030.35,25527.795,35815.88,923702.1,276.19,29790.26,4.22
Pakistan,2019,2,2019-Q2,0.81,3.28,64.07,8.04,0.4,2.3,8.5,4.67,14.476666666666667,0.35,0.0,2856.59,1.74,268.96,0.42,1.75,1.22,0.0,0.53,0.65,0.0,1.27,1128.73,2711.1,0.0,54.04,302814.17,139678.51,1349662.16,94718.61,1670097.3,15.07,89392.68,98319.06,5.66,462.1,11.09,56.68,13644.84,16855.04,2011199.1,9613.45,119940.42,4903.5,49177.91,1.03,8.24,31673.39,84344.22,3.4,12.82,3685.67,20231.17,49.96,163503.96,84543.46,15406.28,5188.61,5.01,403726.68,22.71,50.45,187.32,3817.95,83805.86,3441.94,0.0,12367.64,3357.05,10.18,33710.07,33710.07,2.76,39.97,150.37,473428.36,1553.0,5.0,1578.0,19254.0,748879.19,47808.33,8977.77,63592.01,1804.39,68886.43,15685.8,404.62,913101.85,28316.34,89.4,0.0,805956.79,897535.0,2.02,35.59,805956.79,1127.12,800273.96,395930.24,317755.99,4007.0,100705.04,12.5,930291.53,1777957.66,1777957.66,930291.53,930291.53,749583.3,664410.02,1455416.64,1777957.66,40490.73,211364.77,42.12,121451.28,121451.28,50858.32,78465.45,930291.53,261.63,32059.63,3399.66
Pakistan,2019,3,2019-Q3,0.69,3.33,63.46,8.76,0.37,2.48,7.63,4.43,14.476666666666667,1.12,0.0,3702.32,2.09,249.265,0.57,1.41,1.18,0.0,0.67,0.72,0.01,1.05,1092.4375,3082.5825,0.0,99.6475,246108.53,132891.24,1363600.99,96624.17,1694193.54,15.97,93211.95,102340.84,5.92,462.1,11.83,55.76,20067.71,24340.73,2088681.12,10883.15,118651.91,7114.05,79483.21,1.19,8.18,35615.5,87363.13,3.88,8.24,5649.65,30154.96,54.64,234386.75,80326.02,25135.64,7334.25,5.01,331857.58,18.79,43.13,162.35,5989.04,72577.18,5399.58,0.0,-1196.78,5190.67,-0.95,32454.31,32454.31,4.12,37.15,149.67,447214.59,1595.0,5.0,1589.0,19758.0,705521.23,48711.91,16010.81,54900.38,1804.39,70271.27,23214.09,533.47,933438.3,30424.83,85.43,0.0,787844.12,911049.33,1.92,33.59,787844.12,1730.79,769408.36,341291.29,313935.15,4007.0,104544.85,13.27,917151.44,1766482.25,1766482.25,917151.44,917151.44,719781.07,664986.06,1450924.16,1766482.25,55191.49,210216.17,39.94,125855.73,125855.73,76119.0,127743.71,917151.44,249.44,35615.41,5738.31
Pakistan,2019,4,2019-Q4,0.75,3.41,64.41,9.09,0.2,1.99,7.59,4.08,14.476666666666667,1.48,0.0,5112.2,1.76,242.4,0.39,1.3,1.02,0.0,0.6,0.92,0.0,1.02,1810.66,2709.1075,0.0,28.71250000000001,311197.16,151993.92,1498264.8,100750.7,1740767.86,15.36,100188.43,117256.82,5.79,557.21,11.34,54.54,28169.09,35684.82,2225042.94,14909.61,112829.99,9542.53,111667.85,1.56,7.13,37464.46,92537.68,3.92,1.4,6021.93,34309.57,50.66,292641.65,74914.09,35663.73,10053.04,5.02,383805.71,19.92,49.57,187.41,8133.88,65143.5,7490.28,0.0,854.7,4902.77,0.63,35684.82,35684.82,3.61,38.56,154.19,503459.3,1613.0,5.0,1706.0,20251.0,860084.99,50467.84,25539.25,61559.8,1804.39,70524.38,34182.33,1099.45,1008916.66,32561.69,86.91,0.0,883564.87,971683.15,2.05,35.42,883564.87,2656.59,774253.93,377090.43,305518.86,4007.0,111663.92,12.64,956147.7,1927065.17,1927065.17,956147.7,956147.7,762299.28,751774.5,1582900.33,1927065.17,67725.89,201215.96,44.63,135738.67,135738.67,106154.21,182413.37,956147.7,225.08,38555.19,7790.41
Pakistan,2020,1,2020-Q1,0.74,4.16,65.95,8.74,0.12,1.72,7.09,3.73,14.476666666666667,1.43,0.0,1516.04,1.83,242.3,0.36,1.02,1.1,0.0,0.53,0.82,0.0,0.67,2165.9700000000003,2797.9275,0.0,0.0,293654.57,164190.68,1561236.15,120325.52,1966209.75,16.42,102975.14,123394.22,5.79,105.79,11.53,47.26,8334.11,12195.66,2413742.55,17533.48,122049.96,2220.18,32125.52,1.84,7.51,41711.66,113321.9,4.38,2.59,2718.13,25235.58,58.01,388371.14,91929.35,10070.73,2885.59,4.81,386014.15,19.25,47.4,239.94,1516.3,62209.35,2052.9,0.0,1071.24,5023.56,0.73,48782.64,48782.64,3.43,43.05,159.37,484327.86,1714.0,5.0,1726.0,20802.0,1313098.73,53557.68,12824.42,64834.32,1804.39,92445.08,8979.07,247.91,1049067.14,36688.1,87.96,0.0,892732.77,979651.96,2.48,40.54,892732.77,986.66,814340.27,373395.57,306274.07,4007.0,116184.38,13.01,952220.23,2005354.34,2005354.34,952220.23,952220.23,768093.66,748667.92,1625840.08,2005354.34,43499.71,155617.29,65.48,146568.08,146568.08,29798.26,57240.85,952220.23,208.96,41138.9,1971.8
Pakistan,2020,2,2020-Q2,0.67,4.96,64.44,8.46,0.1,1.79,7.35,3.79,14.476666666666667,1.3,0.0,2460.05,2.58,242.3,0.39,0.99,1.01,0.0,0.66,0.92,0.0,0.58,3256.545,5485.485000000001,0.0,0.0,327328.68,159951.82,1678154.39,123389.66,2022557.76,18.57,112201.96,129517.95,5.89,42.82,13.18,48.13,16483.35,26398.2,2481595.35,9585.54,123734.52,3996.59,60546.35,0.96,7.02,42418.72,117761.12,4.27,-0.25,3985.94,24049.17,50.7,319541.67,83856.99,20759.3,6212.95,5.07,435265.7,20.38,52.4,265.21,3125.51,59407.21,3669.89,0.0,1213.68,4739.37,0.77,52796.39,52796.39,3.0,44.83,165.22,583273.59,1711.0,5.0,1743.0,20789.0,1196181.48,56678.82,23613.54,69724.91,1804.39,98524.07,16969.32,434.82,1080129.35,37679.35,88.83,0.0,850987.9,1015695.34,2.61,42.79,850987.9,1415.29,830581.64,499701.06,425018.56,4007.0,125711.2,14.77,993639.95,2135253.77,2135253.77,993639.95,993639.95,747701.72,749583.3,1761927.01,2135253.77,47433.74,188415.07,56.02,157999.35,157999.35,56731.23,108915.77,993639.95,269.0,44175.78,4391.35
Pakistan,2020,3,2020-Q3,0.54,4.66,62.47,8.75,0.72,2.35,8.22,4.22,14.476666666666667,1.02,0.0,3427.67,1.98,242.3,0.35,1.16,1.0,0.0,0.93,1.0,0.0,0.63,3246.5675,5112.655,0.0,0.0,328746.46,163456.49,1737451.02,127354.49,2075897.83,19.53,119937.92,139248.98,5.97,298.7,14.01,48.12,22569.65,39443.64,2599106.15,8271.38,132716.54,6427.54,84147.5,0.82,7.31,45850.82,118438.24,4.56,3.91,6137.25,22695.27,40.99,327560.09,117619.09,32579.25,9492.71,5.13,519737.59,23.24,57.97,216.05,4098.93,52702.59,4991.61,0.0,656.7,5209.74,0.39,52591.52,52591.52,3.12,44.4,158.1,610135.6,1718.0,5.0,1740.0,20587.0,1219051.72,56990.23,31737.02,79279.55,1804.39,88438.18,22929.45,1134.72,1117019.72,40641.08,88.64,0.0,855796.27,1098973.15,2.53,41.3,855796.27,1841.07,896563.33,541031.5,494788.84,4007.0,133447.16,15.59,1005543.12,2235918.05,2235918.05,1005543.12,1005543.12,747953.83,719781.07,1815593.49,2235918.05,55362.44,250420.59,54.52,167117.25,167117.25,78961.28,154891.31,1005543.12,296.07,44488.88,5467.19
Pakistan,2020,4,2020-Q4,0.51,4.5,64.22,7.36,0.65,2.08,8.86,3.51,14.476666666666667,1.11,0.0,4283.38,2.16,242.3,0.49,0.99,1.02,0.0,0.92,0.97,0.11,0.55,2871.315,4460.3825,0.0,0.0,365784.74,172386.26,1923184.4,129902.57,2160600.17,16.64,119383.1,140094.86,5.32,380.05,11.89,49.47,28391.18,50948.84,2588120.93,14975.92,133304.33,9415.74,105349.97,1.42,6.56,43801.3,116852.49,4.14,8.85,5926.2,26154.65,40.32,389683.34,154296.07,44477.55,11606.64,5.13,683187.28,27.33,65.86,260.01,5109.07,60595.16,6279.21,0.0,648.29,3069.31,0.39,50948.84,50948.84,1.84,43.6,171.27,722464.76,1803.0,5.0,1768.0,20850.0,926753.35,57806.94,39694.26,73632.04,1804.39,93133.51,28908.84,2158.76,1217034.06,40731.99,92.99,0.0,1003737.28,1122920.37,2.36,39.22,1003737.28,2133.98,1037355.33,699510.63,613576.97,4007.0,132892.35,13.24,1056732.42,2499409.51,2499409.51,1056732.42,1056732.42,829791.15,762299.28,2032632.33,2499409.51,64866.38,269032.13,37.08,166999.99,166999.99,99000.26,198937.53,1056732.42,367.41,43800.89,8106.34
Pakistan,2021,1,2021-Q1,0.37,5.28,64.41,8.24,0.62,2.11,8.0,3.13,14.476666666666667,1.14,0.0,966.1,2.04,242.375,0.49,0.8,0.78,0.0,0.85,1.0,0.12,0.62,2892.4675,8064.6675,0.0,0.0,353468.35,185162.07,1928244.72,141362.32,2521630.16,16.6,121463.06,142629.78,5.31,207.67,11.86,51.86,5909.4,13452.96,2986416.89,17124.69,131487.01,3203.19,21070.03,1.55,6.46,50119.87,113415.39,4.54,10.37,2040.9,13556.74,40.45,345740.97,180013.8,13704.89,1874.32,4.52,666953.13,26.22,64.97,196.28,1165.4,59957.66,863.71,0.0,916.87,3307.19,0.54,53811.82,53811.82,1.95,47.45,167.17,730833.79,1834.0,5.0,1763.0,21203.0,967430.65,58814.14,7727.84,104701.99,1804.39,110181.26,5965.93,702.73,1195030.12,46812.68,93.4,0.0,1023739.61,1153478.2,2.13,38.07,1023739.61,484.68,1026526.26,753198.02,635957.33,4007.0,134972.3,13.18,1103982.18,2543850.82,2543850.82,1103982.18,1103982.18,847717.66,768093.66,2036045.17,2543850.82,33517.87,383733.73,38.03,169944.59,169944.59,20252.03,45705.94,1103982.18,374.21,50119.98,1037.29
Pakistan,2021,2,2021-Q2,0.42,1.75,66.68,9.05,0.87,2.32,8.13,3.01,14.476666666666667,0.83,0.0,1563.88,2.31,242.4,0.56,0.53,0.76,0.0,0.84,1.04,0.11,0.79,2902.865,9503.395,0.0,0.0,367646.45,189151.44,2054632.86,144087.6,2580881.97,16.95,127999.68,149538.17,5.24,495.94,12.21,51.99,12605.81,27519.45,3185730.97,22428.83,138894.62,6321.0,42669.82,1.93,6.31,50839.14,116189.43,4.39,18.19,4056.97,23354.83,37.64,428995.13,159788.94,28215.21,4175.07,4.44,729001.53,27.01,70.85,204.84,2080.75,103491.13,1780.49,0.0,2777.94,4125.99,1.56,55038.9,55038.9,2.32,47.37,164.25,826277.92,1841.0,5.0,1765.0,21823.0,1110420.17,60402.49,16432.61,77050.2,1804.39,113665.24,11546.99,1552.96,1260963.89,46713.15,91.88,0.0,1048542.71,1250941.42,2.13,38.2,1048542.71,763.28,1028875.59,759894.38,666477.98,4007.0,141508.93,13.5,1159215.84,2699385.59,2699385.59,1159215.84,1159215.84,883684.54,747701.72,2200907.04,2699385.59,62046.73,370975.7,41.14,177741.7,177741.7,41019.84,93638.64,1159215.84,374.97,50824.57,1961.58
Pakistan,2021,3,2021-Q3,0.79,1.34,66.45,8.58,1.11,2.21,8.9,2.98,14.476666666666667,0.76,0.0,2354.49,2.82,242.325,0.55,0.44,0.77,0.0,0.71,0.81,0.11,0.66,2433.17,9710.63,0.0,0.0,358071.55,197687.39,2022089.73,146911.96,2620119.68,17.19,134298.5,155385.02,5.4,802.8,12.66,50.3,19575.7,41327.27,3341238.59,22516.05,143185.84,9959.81,65450.74,1.84,6.58,52120.96,119657.9,4.25,25.16,6421.15,35819.2,39.02,420171.56,207859.49,43116.91,5778.35,4.42,718081.7,26.23,67.33,204.12,3263.79,111314.73,2798.3,0.0,1681.33,3522.37,0.92,55103.02,55103.02,1.93,46.05,166.14,825130.03,1861.0,5.0,1775.0,22735.0,1195118.88,60187.96,25644.76,64443.27,1804.39,89903.3,17648.95,2539.51,1261867.58,48598.59,93.24,0.0,1061219.94,1217083.88,2.1,37.51,1061219.94,1479.81,1066453.52,748888.77,670069.13,4007.0,147807.74,13.93,1225077.28,2737832.79,2737832.79,1225077.28,1225077.28,936172.42,747953.83,2176900.9,2737832.79,91803.98,366879.34,43.65,182371.38,182371.38,63002.95,144172.22,1225077.28,367.42,52121.2,2694.58
Pakistan,2021,4,2021-Q4,0.94,1.31,68.67,9.54,0.78,1.9,6.99,3.32,14.476666666666667,0.66,0.0,3731.32,2.41,242.3,0.52,0.48,0.51,0.0,0.79,0.67,0.1,0.41,2031.8725,9265.25,0.0,0.0,396782.29,208498.16,2196841.11,149633.93,2701668.24,16.01,139131.64,160521.84,5.04,1183.13,11.67,50.25,27177.29,58734.05,3537301.28,46723.14,153818.98,13999.83,92493.17,3.32,6.52,50933.63,125260.03,3.62,28.12,6569.03,48943.89,39.29,276431.43,299919.32,61158.34,7488.64,4.32,963324.62,31.82,78.84,210.53,5975.13,71912.39,3884.05,0.0,-2462.04,896.76,-1.29,58734.05,58734.05,0.47,46.89,163.89,947014.4,1900.0,5.0,1828.0,23155.0,1087716.07,62941.7,34101.61,72267.18,1804.39,100341.87,24436.85,4786.12,1311566.91,50036.87,98.24,0.0,1192081.4,1340419.96,2.17,39.25,1192081.4,1557.45,1221917.51,943234.17,873444.51,4007.0,152640.89,12.8,1408937.11,3027862.5,3027862.5,1408937.11,1408937.11,1063099.58,829791.15,2358923.18,3027862.5,124568.27,448032.83,35.92,190910.37,190910.37,88895.66,201752.95,1408937.11,457.52,50991.76,5837.97
Pakistan,2022,1,2022-Q1,0.96,1.03,70.46,9.04,0.57,1.83,6.48,2.93,14.476666666666667,0.62,0.0,1341.81,2.78,240.875,0.71,0.37,0.44,0.0,0.73,0.59,0.09,0.36,1975.86,9081.47,0.0,0.0,385114.31,230042.14,2264629.04,163017.04,3148893.01,16.13,148326.49,165512.23,4.95,531.55,12.1,52.95,9022.34,18275.8,3700439.87,43306.79,157907.34,4258.11,31199.97,3.06,6.72,51219.61,149625.23,3.62,32.46,2419.03,21263.88,49.0,221126.26,525257.46,25238.14,1876.05,4.37,1238501.05,37.88,85.14,249.96,1259.96,79153.68,1234.43,0.0,2767.36,-732.67,1.4,73103.2,73103.2,-0.37,48.86,160.73,970765.15,1933.0,5.0,1839.0,23329.0,1279749.18,79231.83,6270.32,72202.03,1804.39,97681.01,9431.43,3381.79,1280665.53,51952.28,101.43,0.0,1225627.22,1408987.88,2.32,44.84,1225627.22,354.41,1454709.28,907103.58,1177023.28,4007.0,161835.73,13.2,1414457.65,3269923.52,3269923.52,1414457.65,1414457.65,1122861.35,847717.66,2349111.69,3269923.52,43399.73,362900.0,39.14,197638.02,197638.02,30370.52,66966.54,1414457.65,595.54,51219.82,859.54
Pakistan,2022,2,2022-Q2,1.08,1.21,67.87,11.26,0.17,1.9,6.82,2.41,14.476666666666667,0.55,0.0,1322.42,3.53,240.4,0.76,0.35,0.4,0.0,0.66,0.58,0.08,0.37,1913.0725,9444.9775,0.0,0.0,438628.58,261549.57,2452457.59,167242.92,3344951.82,16.43,160165.75,175694.69,4.65,1243.73,12.55,46.84,16478.49,41469.35,4180036.22,52145.16,191595.36,8752.01,69752.24,3.38,7.44,53705.17,167137.67,3.48,32.81,3110.33,34357.48,51.24,143757.04,724555.17,64823.66,3982.05,4.15,1674318.15,44.8,94.33,240.25,2585.51,127910.71,3006.78,0.0,-7189.1,-150.42,-3.43,82938.69,82938.69,-0.07,49.62,160.68,1061980.9,1954.0,5.0,1862.0,23830.0,1468503.18,78284.32,14091.45,73223.08,1804.39,112092.44,15417.76,3103.6,1401196.67,53855.58,100.28,0.0,1276143.12,1526320.8,2.48,49.59,1276143.12,1219.06,1775033.85,1124595.78,1540205.55,4007.0,173674.99,13.61,1541255.21,3737069.45,3737069.45,1541255.21,1541255.21,1173584.03,883684.54,2575270.01,3737069.45,67052.67,468089.49,39.3,209695.23,209695.23,52141.31,157419.36,1541255.21,734.5,53705.57,1993.99
Pakistan,2022,3,2022-Q3,1.11,0.95,68.95,10.12,0.13,1.85,7.14,2.13,14.476666666666667,0.49,0.0,1660.36,3.9,240.4,0.89,0.37,0.37,0.0,0.62,0.5,0.07,0.42,2035.9825,9361.3575,0.0,0.0,443905.9,255957.13,2550947.62,172620.75,3448529.29,17.58,173190.63,188754.24,4.97,1962.13,13.65,43.16,24974.94,72117.35,4387556.17,50528.78,203006.69,13353.54,118563.73,3.2,7.59,52384.19,184302.86,3.32,27.68,3903.9,51659.36,51.54,80719.97,641490.01,118515.42,5996.08,4.26,1656260.07,44.06,95.39,252.43,4304.61,126349.24,4771.69,0.0,1451.56,-4484.99,0.65,96156.46,96156.46,-2.01,52.17,161.89,1065370.42,1972.0,5.0,1875.0,24341.0,1457557.84,79547.41,18590.66,75528.22,1804.39,122304.88,24594.79,6142.53,1485385.04,56869.18,108.56,0.0,1268351.26,1575725.75,2.79,55.7,1268351.26,1687.52,1736287.34,1144347.23,1581159.87,4007.0,186699.87,14.72,1577947.74,3759261.7,3759261.7,1577947.74,1577947.74,1195309.25,936172.42,2673060.34,3759261.7,100224.86,453332.87,38.77,222954.3,222954.3,81565.82,269023.35,1577947.74,709.19,52383.82,3227.62
Pakistan,2022,4,2022-Q4,1.04,0.92,71.05,8.73,0.39,2.01,6.32,1.98,14.476666666666667,0.46,0.0,1989.88,4.04,307.27750000000003,0.91,0.38,0.34,0.0,0.58,0.44,0.06,0.36,2289.3675,9191.3175,0.0,0.0,422172.64,319704.33,2620188.01,179024.54,3547110.65,17.8,190910.51,204639.68,5.19,2696.42,14.02,40.07,35642.11,113154.5,4516487.7,46551.97,199591.73,18337.52,177894.38,2.78,7.23,56052.2,207427.74,3.34,20.25,1580.4,62399.32,51.37,88512.48,657885.67,179141.35,8455.93,4.53,1749135.74,44.38,99.43,239.37,10774.11,69967.41,6674.5,0.0,-3991.14,-5372.65,-1.65,113154.5,113154.5,-2.22,54.55,164.41,1100229.37,2028.0,5.0,1935.0,27257.0,1607316.33,83115.37,21124.36,74304.67,1804.39,187504.88,35714.69,4584.43,1471472.17,61424.86,109.59,0.0,1361389.62,1593712.74,3.19,63.21,1361389.62,2025.11,1759110.5,1257605.85,1680468.9,4007.0,204419.75,15.02,1675977.4,3941436.08,3941436.08,1675977.4,1675977.4,1278426.14,1063099.58,2759206.42,3941436.08,121478.37,525386.42,40.78,242293.17,242293.17,116804.51,396497.61,1675977.4,693.57,56051.91,8656.79
Pakistan,2023,1,2023-Q1,1.04,1.67,70.15,10.37,0.19,1.96,5.39,1.77,14.476666666666667,0.63,0.0,3468.67,3.97,367.61,0.63,0.36,0.34,0.0,0.63,0.34,0.06,0.51,2796.33,10387.6475,0.0,0.0,689620.96,353183.18,2866457.91,243745.61,4590297.36,17.78,256446.69,282851.54,5.17,1392.9,14.21,39.97,24216.65,42602.61,6045720.21,62762.14,299149.14,6773.23,72957.52,2.8,8.17,83964.15,328435.09,3.75,49.88,2905.04,52318.58,49.88,59300.53,939713.14,86737.42,6573.38,4.48,2269822.32,43.32,95.52,234.0,3342.05,135727.92,1887.45,0.0,252.98,-4718.17,0.08,170410.44,170410.44,-1.47,51.89,161.37,1534917.57,2712.0,6.0,2652.0,33466.0,1799346.93,131274.24,3854.05,142850.93,1804.39,327797.68,26520.23,2752.23,1800695.52,88682.33,105.62,0.0,1804376.65,1776298.31,3.71,69.91,1804376.65,1074.33,2376246.31,1283720.76,2108141.56,4007.0,270805.93,15.01,2239244.66,5239158.64,5239158.64,2239244.66,2239244.66,1682987.74,1122861.35,3663410.78,5239158.64,104887.54,548594.34,34.34,320891.73,320891.73,72157.73,170322.22,2239244.66,656.96,83964.27,1493.46
Pakistan,2023,2,2023-Q2,1.21,1.97,69.74,9.72,0.09,1.89,5.28,1.93,14.476666666666667,0.65,0.0,3521.0,4.31,380.29,0.61,0.36,0.33,0.0,0.72,0.38,0.08,0.74,2215.7525,12021.065,0.0,0.0,739162.09,395460.9,3785459.61,265860.39,4903155.63,19.34,283304.65,310089.95,5.38,2770.26,15.64,38.19,46764.27,102127.04,6328871.05,55698.35,307159.49,14366.72,176087.92,2.44,7.67,85855.95,367619.2,3.76,40.84,4081.03,80644.47,60.0,136379.29,817675.69,186679.32,11105.98,4.7,2525519.67,45.68,106.28,230.39,8087.61,191199.34,3908.68,0.0,1642.57,-7191.04,0.47,204254.08,204254.08,-2.05,55.56,176.89,1622797.81,2795.0,6.0,2678.0,34684.0,1757797.23,140385.54,8243.66,140706.16,1804.39,326192.01,51105.33,11689.11,2056655.82,93046.99,108.38,0.0,1811311.54,2140051.89,4.17,76.83,1811311.54,1526.51,2376246.31,1927571.57,2228677.78,4007.0,297663.9,16.43,2283946.86,5528872.18,5528872.18,2283946.86,2283946.86,1652916.81,1173584.03,4005645.64,5528872.18,134415.78,836655.86,31.79,350353.73,350353.73,144480.95,385377.63,2283946.86,636.12,85855.61,3442.17
Pakistan,2023,3,2023-Q3,1.26,1.41,69.77,9.46,0.31,1.68,5.32,1.95,14.476666666666667,0.62,0.0,4233.28,4.86,380.29,0.61,0.45,0.32,0.0,0.79,0.38,0.08,0.74,1923.43,12935.06,0.0,0.0,804307.21,408241.49,3847195.68,283831.34,5098958.07,21.6,310306.44,337744.17,5.71,4042.55,17.76,36.43,66237.01,175515.71,6519885.75,23638.99,315219.05,22977.69,280013.26,1.13,7.66,91020.32,407266.25,4.35,35.17,4945.69,140884.78,70.18,53419.84,823054.88,316962.78,15025.42,4.98,2790806.14,49.08,116.96,238.85,14325.89,173825.95,5727.0,0.0,-1471.53,-10667.91,-0.39,234020.94,234020.94,-2.83,57.46,184.48,1632288.75,2832.0,6.0,2697.0,34845.0,2044037.46,148385.6,12212.13,133821.7,1804.39,306906.06,67981.02,14230.46,2178130.04,101688.23,111.72,0.0,1747515.02,2085438.8,4.59,82.45,1747515.02,2450.74,2386172.49,2264101.58,2601204.75,4007.0,324665.68,18.58,2093611.88,5686365.38,5686365.38,2093611.88,2093611.88,1615649.66,1195309.25,4117324.85,5686365.38,200733.75,947919.15,35.95,377505.07,377505.07,200521.46,632165.86,2093611.88,689.05,91020.33,5555.69
Pakistan,2023,4,2023-Q4,1.29,1.69,71.31,8.67,0.47,1.41,5.44,1.68,14.476666666666667,0.52,0.0,2205.87,4.45,344.785,0.53,0.55,0.32,15.225,0.62,0.32,0.06,0.65,1911.595,11712.0525,1259.3625000000002,0.0,1036648.27,428908.63,4159806.0,304964.45,5276261.51,20.66,344042.49,389496.89,5.99,5717.09,16.65,35.75,88810.0,264665.05,6725397.44,53499.84,312171.73,31796.02,385339.79,2.65,6.94,91927.62,443162.5,4.55,41.49,6179.31,188521.04,75.61,64965.23,672088.07,459778.92,18792.81,5.33,2965162.18,49.54,124.24,242.44,22975.32,116718.93,7848.69,0.0,-2551.69,-10472.12,-0.6,264665.05,264665.05,-2.45,59.72,196.09,1776358.74,2945.0,6.0,2795.0,36278.0,1953659.28,158426.16,20342.62,145843.25,1804.39,355438.04,85318.09,14304.21,2363184.89,102399.73,111.39,0.0,2065908.82,2121385.21,5.02,86.79,2065908.82,1804.69,2386576.81,2661866.4,2717316.34,4007.0,358401.73,17.35,2020702.18,5985475.27,5985475.27,2020702.18,2020702.18,1808789.46,1278426.14,4494981.68,5985475.27,249318.49,1097946.34,32.64,426770.75,426770.75,259757.93,897257.35,2020702.18,636.72,91927.5,8007.72
Pakistan,2024,1,2024-Q1,1.19,1.44,72.24,8.27,0.77,1.41,5.54,1.81,14.476666666666667,0.55,0.0,4181.29,4.21,369.6475,0.62,0.31,0.32,5.074999999999999,0.51,0.28,0.06,0.48,2673.71,11964.2025,419.7874999999999,0.0,1173864.61,432966.42,4246435.76,396384.45,6071629.88,21.73,364745.65,403272.0,6.16,1686.08,17.77,35.77,29290.01,81165.9,6903297.74,52604.63,307221.91,9308.25,100393.05,2.7,6.77,94957.51,505757.14,4.88,3.55,3547.87,74086.12,79.22,68053.04,786027.63,145589.22,9788.77,5.49,3105634.21,50.43,125.49,241.44,5432.53,128723.71,1771.28,0.0,859.78,-22126.71,0.19,324663.62,324663.62,-4.96,64.19,186.46,1769191.18,2994.0,6.0,2813.0,37452.0,1875971.85,180925.92,6470.89,124240.67,1804.39,336417.56,36520.05,6812.58,2429909.71,117084.22,123.3,0.0,2052568.59,2277368.23,5.35,81.91,2052568.59,1859.54,2474737.09,2545589.11,2844591.08,4007.0,379254.89,18.48,1947035.08,6157784.49,6157784.49,1947035.08,1947035.08,1742803.39,1682987.74,4535518.44,6157784.49,93518.11,1054324.3,30.47,446056.63,446056.63,98921.77,261761.4,1947035.08,637.72,94957.39,2213.07
Pakistan,2024,2,2024-Q2,1.21,1.97,69.74,9.72,0.09,1.89,5.28,1.93,14.476666666666667,0.65,0.0,3255.1,4.31,379.2625,0.61,0.36,0.33,0.0,0.72,0.38,0.08,0.74,2094.95,13414.395,0.0,0.0,1132461.94,466908.05,4508102.6,407163.4,6169443.5,22.23,390609.37,428721.31,6.36,3347.94,18.55,36.19,53807.06,161148.2,7168320.93,56490.1,321212.79,18040.39,210393.21,2.6,6.67,96777.19,511589.28,4.45,7.6,5175.95,143403.67,75.09,55655.82,654750.51,291398.67,17633.7,5.65,3220283.66,50.59,128.6,243.47,9456.43,118987.22,3417.54,0.0,-306.17,-23916.14,-0.07,322296.4,322296.4,-5.11,63.0,193.58,1849302.57,3036.0,6.0,2874.0,38267.0,2054002.46,185143.71,12240.67,117841.59,1804.39,324787.06,64152.12,5010.44,2640601.24,120693.33,124.71,0.0,2105767.18,2328804.44,5.22,79.16,2105767.18,3171.05,2504155.63,2775638.4,2885358.72,4007.0,405118.61,19.24,2173752.66,6365070.73,6365070.73,2173752.66,2173752.66,1778526.99,1652916.81,4814690.87,6365070.73,190982.85,1140053.93,32.27,468137.37,468137.37,169157.98,532072.94,2173752.66,616.35,96777.14,3985.74
Pakistan,2024,3,2024-Q3,1.13,1.1,70.23,8.25,0.59,1.92,5.37,1.66,14572.43,0.63,18376.56,3410.65,6.4,379.815,0.58,0.36,0.4,0.0,0.52,0.29,0.06,0.49,1804.66,15521.105,0.0,0.0,1039901.31,461725.32,4747563.68,423023.57,6247982.1,24.93,413750.88,470604.07,6.61,4950.73,20.24,36.11,65050.92,248894.97,7354285.24,60803.66,322862.81,27949.46,313874.23,2.89,6.38,104085.2,527612.37,4.55,5.74,9853.95,186333.21,75.11,118859.07,492371.23,437662.15,22294.12,5.82,3417011.96,52.7,145.74,248.42,13596.95,110545.52,4911.75,0.0,-138.83,-18711.96,-0.03,331859.96,331859.96,-3.67,62.9,206.58,1944901.0,3079.0,6.0,2947.0,40406.0,1934071.26,190537.94,17916.15,140164.84,1804.39,321242.08,79190.48,9522.45,2792754.22,122797.16,117.98,0.0,2044058.66,2298216.31,5.31,78.45,2044058.66,4503.06,2344579.57,3047383.96,3079280.91,4007.0,428260.12,20.95,2105391.79,6483597.93,6483597.93,2285339.27,2285339.27,1708399.94,1615649.66,5058897.3,6483597.93,248074.95,1226685.0,29.83,509603.12,509603.12,219370.7,797401.99,2105391.79,604.25,104085.19,5496.29
Pakistan,2024,4,2024-Q4,32577.9,38592.2,2124122.7,173690.2,20419.8,49480.2,190066.2,37284.3,14572.43,15028.8,16478.12,151447.31,210295.2,376.7725,11118.7,11914.2,8657.5,5621.5,1213.3,13459.3,225.0,74105.5,1848.9175,15697.7325,0.20625,0.0,908325.45,608483.07,4759799.5,494028.3,6870617.87,19.79,425484.4,494028.3,6.06,5344.3,15.77,37.02,122044.9,321725.6,8020757.6,106536.0,335088.8,38596.6,407731.1,3.53,6.75,112206.8,536820.0,3.72,145.95,103379.2,369322.5,66.68,103500.19,1187415.28,564543.6,45075.2,5.49,3416557.9,47.08,111.61,204.03,20106.3,112026.7,6251.0,0.0,-5206.9,-21229.2,-0.98,321725.6,321725.6,-3.98,59.93,179.52,2027794.59,3322.0,6.0,3164.0,41238.0,2121675.5,198705.7,29629.8,143466.07,0.0,290312.81,168619.5,722002.9850000001,2649603.77,133436.0,118.92,892.765,2698584.5,2651354.2,4.68,65.12,2698584.5,9142.6,3061120.0,2642039.6,3084698.6,0.0,439993.6,16.3,3017647.5,7257637.81,7257637.81,3017647.5,3017647.5,2639972.5,1808789.5,4967711.2,7257637.81,553841.9,1294950.4,29.23,534032.7,534032.7,403415.0,1040501.1,3017647.5,577.62,112206.8,5714.9
Pakistan,2025,1,2025-Q1,25687.81,31599.85,2049115.61,186969.42,19769.14,66672.95,179200.7,40676.5,14572.43,14742.43,16478.12,151447.31,216725.66,313.0125,14825.85,11825.85,11156.01,4956.27,1363.37,11861.59,525.0,9509.33,1065.7714285714285,8567.335,0.48125,0.0,979409.22,471158.64,4973831.82,493236.91,7330082.93,21.04,443151.43,492445.51,6.18,0.0,17.62,41.65,23790.78,73011.49,8674061.53,96379.62,341664.89,10731.37,85436.06,3.33,6.42,111217.42,120355.09,3.84,123.23,111377.78,52809.31,52.54,37884.49,1113050.03,108143.93,8127.54,5.28,3686140.3,49.8,125.79,238.02,4561.52,191072.31,1185.96,0.0,-9638.64,-16271.13,-1.82,73011.49,292045.94,-3.08,60.66,205.44,2264189.67,3388.0,6.0,3171.0,41372.0,2661074.85,50124.44,11533.77,139443.31,0.0,324840.29,40020.91,539119.3933333333,2736843.91,127488.54,114.63,0.0,2514378.73,2421027.22,3.98,59.21,2514378.73,1431.32,2930286.45,3009717.47,3349132.69,0.0,457660.67,18.2,2896658.35,7402528.05,7402528.05,2896658.35,2896658.35,2147577.15,1742803.39,5325873.88,7402528.05,100517.87,1264467.82,35.95,528995.32,528995.32,85379.8,215845.14,2896658.35,633.11,111217.43,807.9
Pakistan,2025,2,2025-Q2,31474.95,35869.25,1616950.96,151532.31,19922.48,63309.03,180205.78,40792.65,14572.43,11878.86,16478.12,151447.31,181602.92,17316.06,12037.6,8583.34,9545.68,4317.48,1140.43,14464.34,207.48749999999995,8610.44,0.0,285826.27,0.0,0.0,1002990.22,556456.52,5200629.77,505194.0,7526392.88,20.39,457926.15,517942.49,6.18,0.0,17.14,39.81,50511.05,143354.1,8622172.58,78674.65,351436.22,20063.15,164718.02,2.92,6.1,110337.46,119609.3,4.09,126.17,134726.23,112626.6,54.99,94171.14,810279.12,214591.62,16710.64,5.48,4106567.34,53.68,143.88,246.44,10138.9,197736.64,2285.94,0.0,-7235.08,-18216.83,-1.33,70342.61,281370.45,-3.34,58.81,213.2,2545349.74,3429.0,6.0,3180.0,41836.0,2506685.12,47622.18,23514.01,144332.17,0.0,387800.92,69742.44,749473.93,2832428.92,128554.28,116.51,0.0,2671995.97,2439335.33,3.74,55.7,2671995.97,2952.86,2854114.08,3739886.1,3713383.37,0.0,472435.39,17.68,2695380.81,7650257.71,7650257.71,2695380.81,2695380.81,2244019.67,1778526.99,5765579.58,7650257.71,204820.3,1517559.5,32.77,544828.27,544828.27,164436.94,422886.8,2695380.81,681.57,110337.46,1553.13
Pakistan,2025,3,2025-Q3,46564.53,24023.53,1829110.68,161128.66,28203.33,79662.57,188800.25,48111.99,14572.43,16433.17,16478.12,151447.31,213474.72,280.15,16839.09,10644.05,11081.95,5262.64,1120.51,10654.14,169.1625,8304.75,0.0,9197.325,0.0,0.0,1030136.72,492889.86,5342231.73,523559.88,7692992.68,20.49,471548.27,529177.26,6.28,0.0,17.36,49.63,71014.42,206242.68,8902077.44,94469.5,353826.13,32919.04,237700.61,3.5,6.02,110170.05,121449.42,4.08,131.95,147945.49,165826.53,57.72,58388.68,835343.56,325046.85,23704.27,5.46,4149800.52,53.64,145.71,234.56,15730.96,182940.16,3329.17,0.0,-7459.47,-16844.25,-1.34,62888.58,251554.32,-3.03,51.78,209.29,2545555.08,3487.0,6.0,3205.0,42430.0,2655753.98,60274.17,35693.79,275204.47,0.0,361247.58,93690.04,911830.7366666668,2971514.32,127014.3,115.29,0.0,2716170.46,2552527.36,3.27,48.05,2716170.46,4142.42,2847909.02,3773451.67,3672577.24,0.0,486057.51,17.89,2699420.54,7735727.65,7735727.65,2699420.54,2699420.54,2254207.63,1708399.94,5878316.98,7735727.65,287314.77,1608765.5,34.33,556515.91,556515.91,230341.17,631360.29,2699420.54,659.92,110170.07,6298.14
Pakistan,2025,4,2025-Q4,49653.54,37603.48,2086821.38,151229.81,25867.38,72586.42,220721.73,16794.51,14572.43,62337.55,16478.12,151447.31,226114.31,31017.96,21225.19,171.4475,13724.79,6633.33,318.74,13931.14,9079.1,16636.74,0.0,361811.73,1755.18,0.0,1044246.06,578829.58,5601109.91,535099.4,8087517.63,17.49,486633.96,541021.55,5.94,0.0,14.96,49.33,105621.77,272962.76,9327270.16,167432.39,352425.55,44383.58,320189.29,4.89,5.64,106265.03,127213.63,3.1,101.97,169942.73,223337.63,59.8,91272.45,1065909.49,433526.3,33099.14,5.37,4400998.57,52.15,132.34,197.74,23077.26,227929.98,4416.71,0.0,-4961.92,-17443.46,-0.87,66720.08,266880.31,-3.07,52.45,182.32,2612202.8,3625.0,6.0,3358.0,43335.0,2206880.24,62758.33,51598.27,88816.5,0.0,500267.37,121841.55,1110609.0,3141076.82,123708.49,116.42,1337.33,3253103.12,3072161.46,3.3,49.87,3253103.12,5174.89,3325626.04,3256050.91,3789108.6,0.0,501143.2,15.41,3425864.01,8439307.62,8439307.62,3425864.01,3425864.01,2691985.95,2639972.48,6253547.0,8439307.62,373501.9,1646617.82,26.15,568900.07,568900.07,319358.47,849697.44,3425864.01,666.04,106263.58,7515.92
Saudi Arabia,2013,4,2013-Q4,1611.35,759.46,37335.98,4376.79,415.0,6035.78,19727.92,7079.06,14.476666666666667,806.41,0.0,9117.58,12422.2,7321.2,23496.74,431.44,14907.69,515.78,292.86,75.72,220.23,1055.03,2078.84,168921.95,0.0,33409.18,76382.53,29154.39,1834876.35,65434.77,430537.89,20.28,66069.11,57662.0,15.02,1943.24,19.05,52.91,0.0,9832.99,1978443.2,14161.96,28303.23,5298.33,14756.19,2.92,4.36,4200.54,20934.77,1.42,12.690000000000001,1954.49,15135.0,69.4,48366.29,7476.08,278.43,0.0,8.965,192669.9475,20.31,65.655,152.59,1685.27,203207.33,185.14,0.0,1254.68,-2188.96,2.27,8806.75,8806.75,-3.11,42.07,115.88,270073.04,5698.0,4.0,698.0,16724.0,48910.4,11076.0,639.77,4669.35,0.0,74469.08,8987.11,511.91,291243.08999999997,6389.5,152.11,0.0,346837.18,1340419.96,2.05,13.46,346837.18,0.0,464075.18,224943.24,13877.8,1000.0,66069.11,19.05,296537.86,439833.77,439833.83,296538.48,296538.48,576516.36,481496.255,773807.01,439834.59,67389.28,165362.63,11.12,70349.61,175387.565,14755.25,20972.71,296537.15,19.73,4200.42,0.0
Saudi Arabia,2014,1,2014-Q1,1609.97,183.01,37947.69,4038.67,228.66666666666663,7475.42,20073.62,7538.17,14.476666666666667,659.68,0.0,9167.5875,4074.2466666666655,7766.96,24184.28,602.02,14355.22,1178.45,96.04,72.28,68.15333333333334,1094.16,1601.79,176384.93,0.0,12074.22666666667,73954.55,31457.82,1834876.35,67325.64,446843.99,20.25,68526.94,58287.0,15.1,462.63,19.04,54.31,0.0,2332.13,1978443.2,14161.96,28303.23,1341.91,3744.92,2.92,4.36,4508.17,20424.39,1.47,12.690000000000001,490.34,15135.0,69.4,53171.99,6197.13,71.75,0.0,8.965,192669.9475,20.31,65.655,152.59,489.96,209599.61,38.98,0.0,1254.68,-2435.66,2.27,9328.5,9328.5,-3.34,45.67,115.88,288422.26,5917.0,4.0,712.0,17064.0,50020.38,11091.98,186.61,5244.44,0.0,68490.03,2262.84,3276.666666666666,291243.08999999997,6943.83,154.03,0.0,359961.36,1340419.96,2.09,13.86,359961.36,0.0,464075.18,224943.24,14718.56,1000.0,68526.94,19.04,306766.47,453854.21,453856.01,306766.38,306766.38,576516.36,481496.255,773807.01,453854.23,67389.28,165362.63,11.02,72874.61,175387.565,3744.75,5345.18,306766.31,20.2,4508.03,0.0
Saudi Arabia,2014,2,2014-Q2,1740.36,740.28,38202.94,5485.11,128.66666666666666,7750.39,20521.54,5812.76,14.476666666666667,637.53,0.0,9694.095,4117.2266666666665,7245.18,26593.41,621.18,15687.74,1178.56,145.20000000000002,73.89,51.92666666666667,1130.32,1723.35,187958.87,0.0,13005.97,77984.02,30060.02,1834876.35,69032.25,463606.4,19.71,69650.38,61406.0,14.71,965.01,18.54,51.09,0.0,4958.75,1978443.2,14161.96,28303.23,2877.49,7593.57,2.92,4.36,4749.37,21499.61,1.47,12.690000000000001,1031.36,15135.0,69.4,51811.06,7738.79,162.65,0.0,8.965,192669.9475,20.31,65.655,152.59,944.77,219239.03,81.84,0.0,1254.68,-2685.4,2.27,10506.51,10506.51,-3.63,48.87,115.88,297828.98,6164.0,4.0,727.0,18084.0,48446.35,10984.02,300.48,5138.28,0.0,75325.86,4570.55,3270.8966666666674,291243.08999999997,7434.77,156.54,0.0,375585.69,1340419.96,2.27,15.22,375585.69,0.0,464075.18,224943.24,15323.04,1000.0,69650.38,18.54,323102.9,473358.58,473359.29,323101.72,323101.72,576516.36,481496.255,773807.01,473359.65,67389.28,165362.63,10.23,74021.92,175387.565,7593.52,10934.19,323103.41,20.7,4749.02,0.0
Saudi Arabia,2014,3,2014-Q3,1446.3,730.82,40037.33,4158.09,650.0,8041.54,21132.18,6259.1,14.476666666666667,600.61,0.0,10594.0075,4230.03,5710.29,28006.94,616.18,14230.98,1177.93,150.93,26.39,13.876666666666669,1118.25,1948.55,193916.88,0.0,13153.686666666668,77801.53,29689.14,1834876.35,69771.89,478922.45,19.54,70053.52,62034.0,14.46,1489.97,18.38,56.85,0.0,7236.37,1978443.2,14161.96,28303.23,4319.83,11392.15,2.92,4.36,4291.53,21119.25,1.3,12.690000000000001,1578.45,15135.0,69.4,54805.64,4318.44,303.66,0.0,8.965,192669.9475,20.31,65.655,152.59,1424.47,221796.03,125.15,0.0,1254.68,-3214.23,2.27,9110.46,9110.46,-4.32,43.14,115.88,302783.87,6318.0,4.0,731.0,18201.0,54688.74,12005.78,417.92,7749.84,0.0,84662.2,6774.43,3889.5566666666655,291243.08999999997,7505.76,174.9,0.0,381122.92,1340419.96,1.9,13.06,381122.92,0.0,464075.18,224943.24,14971.03,1000.0,70053.52,18.38,329158.27,484486.31,484486.31,329157.54,329157.54,576516.36,481496.255,773807.01,484487.63,67389.28,165362.63,11.29,74489.56,175387.565,11392.46,16433.57,329158.35,20.1,4292.26,0.0
Saudi Arabia,2014,4,2014-Q4,1182.81,1381.91,39201.68,4083.01,294.6666666666667,8364.8,20962.36,7921.02,14.476666666666667,544.46,0.0,10027.495,4255.05,6140.92,30275.87,807.49,15270.54,1126.08,176.20000000000002,40.74,14.25,1003.24,2023.76,196170.84,0.0,14007.083333333334,84149.67,31993.14,1834876.35,70928.63,492744.86,19.73,72025.79,62488.0,14.38,2038.27,18.56,52.55,0.0,9536.17,1978443.2,14161.96,28303.23,5453.67,15525.65,2.92,4.36,3806.91,19396.65,1.13,12.690000000000001,2125.7,15135.0,69.4,58979.47,5908.69,295.35,0.0,8.965,192669.9475,20.31,65.655,152.59,1895.34,225013.28,167.9,0.0,1254.68,-3509.64,2.27,9199.22,9199.22,-4.58,47.43,115.88,314108.11,6483.0,4.0,745.0,18471.0,56691.3,10193.42,472.45,7396.07,0.0,85507.66,9299.47,3626.3200000000006,291243.08999999997,7316.55,192.19,0.0,388106.28,1340419.96,1.87,12.97,388106.28,0.0,464075.18,224943.24,13978.36,1000.0,72025.79,18.56,336501.48,501003.42,501005.04,336501.74,336501.74,576516.36,481496.255,773807.01,501005.6,67389.28,165362.63,11.32,76564.07,175387.565,15526.69,21747.12,336501.54,18.26,3806.59,0.0
Saudi Arabia,2015,1,2015-Q1,1318.63,706.68,40571.96,5647.89,757.3333333333334,8286.58,23350.77,8007.88,14.476666666666667,641.26,0.0,10452.9825,3067.4166666666665,6413.37,24891.93,2714.0,16747.92,1126.08,179.58333333333334,40.51,2.0,1087.56,2362.13,193879.45,0.0,13554.05,94681.1,34963.75,1834876.35,71941.87,510748.06,19.48,73042.76,62355.0,14.03,553.6,18.34,57.47,0.0,2263.66,1978443.2,14161.96,28303.23,1397.88,3915.72,2.92,4.36,3877.72,21324.89,1.15,10.69,610.38,15135.0,69.4,64600.46,8078.51,77.54,0.0,13.37,192669.9475,27.13,65.655,198.2,479.11,225284.0,44.18,0.0,6500.22,-3805.8,8.38,9054.62,9054.62,-4.9,42.46,115.88,341005.84,6535.0,4.0,752.0,18708.0,56921.27,12256.12,167.36,9538.16,0.0,73088.07,2228.33,3723.1533333333327,291243.08999999997,7683.53,198.15,0.0,398343.17,1340419.96,1.77,12.59,398343.17,0.0,464075.18,224943.24,13878.39,1000.0,73042.76,18.34,337794.59,520492.71,520492.71,337794.89,337794.89,325186.4,293793.1,773807.01,520491.17,67389.28,165362.63,10.94,77600.52,175387.565,3915.61,5558.5,337794.6,17.88,3877.39,0.0
Saudi Arabia,2015,2,2015-Q2,1553.45,650.88,38042.06,4810.71,1456.3333333333333,9041.55,25550.02,8020.42,14.476666666666667,567.95,0.0,10705.7225,2904.2033333333334,5758.75,23422.73,2862.26,16794.75,1221.95,188.99,47.06,62.120000000000005,1779.36,2319.36,202758.15,0.0,13816.339999999998,76830.17,37330.23,1834876.35,73618.62,523484.77,19.35,75578.27,63640.42,14.36,1127.04,18.18,47.17,0.0,5512.91,1978443.2,14161.96,28303.23,2830.15,7942.62,2.92,4.36,3996.09,24598.72,1.16,8.37,1208.85,15135.0,69.4,81355.53,10754.19,217.69,0.0,13.73,192669.9475,25.15,65.655,196.23,999.86,227695.49,88.05,0.0,7184.45,-3750.85,8.93,12997.02,12997.02,-4.66,52.84,115.88,345931.14,6649.0,4.0,756.0,19248.0,55208.56,11603.85,921.52,8839.66,0.0,67819.87,4517.38,3763.3633333333337,291243.08999999997,7746.94,193.86,0.0,415680.46,1340419.96,2.48,17.65,415680.46,0.0,464075.18,224943.24,14250.97,1000.0,75578.27,18.18,345201.18,526476.83,526477.07,345201.03,345201.03,335578.2,309646.95,773807.01,526475.85,67389.28,165362.63,10.49,80446.43,175387.565,7941.17,11911.99,345201.43,17.71,3995.78,0.0
Saudi Arabia,2015,3,2015-Q3,1674.15,577.26,38410.08,5753.05,0.0,9351.05,23949.39,8140.94,14.476666666666667,513.38,0.0,11436.93,0.0,4705.03,22962.28,2815.88,16410.37,0.0,0.0,33.07,0.0,1869.08,2368.25,205548.55,0.0,0.0,89516.41,39878.87,1834876.35,75936.87,526320.41,19.66,77063.0,64175.99,14.65,1726.08,18.5,50.65,0.0,7977.0,1978443.2,14161.96,28303.23,4139.69,11903.96,2.92,4.36,4305.0,20004.39,1.25,6.82,1835.77,15135.0,69.4,71092.33,5324.01,245.59,0.0,13.9,192669.9475,26.08,65.655,238.68,1404.36,225300.76,131.47,0.0,7610.38,-3717.0,9.3,9856.36,9856.36,-4.54,49.27,115.88,344229.26,6722.0,4.0,765.0,19509.0,57569.0,10132.03,1035.48,6224.36,0.0,71556.25,6806.28,3800.32,291243.08999999997,8022.0,186.34,0.0,416541.0,1340419.96,1.87,12.98,416541.0,0.0,464075.18,224943.24,14247.8,1000.0,77063.0,18.5,345081.89,526164.0,526164.0,345081.95,345081.95,337274.21,315739.82,773807.01,526164.38,67389.28,165362.63,10.94,81872.0,175387.565,11903.96,17324.71,345081.8,17.4,4304.92,0.0
Saudi Arabia,2015,4,2015-Q4,1595.94,558.99,38318.48,5977.25,0.0,10943.81,25583.84,7027.04,14.476666666666667,468.67,0.0,13001.3225,0.0,5108.36,22906.88,2704.74,16896.99,0.0,0.0,40.84,0.0,1892.22,2928.03,207965.95,0.0,0.0,80468.1,36788.46,1834876.35,77741.0,522808.0,20.07,79012.0,64707.24,15.21,2384.0,18.95,51.3,0.0,10675.0,1978443.2,14161.96,28303.23,5714.89,16179.44,2.92,4.36,4566.0,22176.0,1.3,5.49,2430.88,15135.0,69.4,67896.69,10978.52,336.91,0.0,14.03,192669.9475,23.83,65.655,163.0,1874.04,226702.17,174.37,0.0,6377.97,-3437.0,7.62,10792.0,10792.0,-4.11,48.67,115.88,330204.92,6812.0,4.0,776.0,19980.0,54328.0,11376.0,1197.69,6344.53,0.0,75773.52,9316.14,4570.986666666668,291243.08999999997,8003.0,175.27,0.0,416896.0,1340419.96,2.06,13.88,416896.0,0.0,464075.18,224943.24,13824.72,1000.0,79012.0,18.95,350918.02,519452.0,519452.06,350918.14,350918.14,340616.08,322878.24,773807.01,519452.66,67389.28,165362.63,10.46,83662.0,175387.565,16179.44,23428.92,350918.02,16.52,4565.7,0.0
Saudi Arabia,2016,1,2016-Q1,1782.85,2304.1,38845.76,5898.84,0.0,11050.15,30709.79,7597.69,14.476666666666667,275.53,0.0,13451.745,0.0,4594.39,26356.09,2792.91,17116.39,1206.14,0.0,60.18,0.0,1942.7,3074.57,210017.16,0.0,0.0,90460.83,37361.34,1834876.35,79056.5,527214.0,19.52,79524.0,64763.4,14.86,723.61,18.56,49.15,0.0,2964.0,1978443.2,14161.96,28303.23,1481.61,4321.11,2.92,4.36,4996.0,23316.0,1.37,9.35,689.78,15135.0,69.4,56596.05,12673.19,65.91,0.0,13.64,192669.9475,24.9,65.655,144.47,552.79,236531.12,37.44,0.0,1125.8,-3333.0,1.35,11856.0,11856.0,-3.99,50.85,115.88,338488.0,6906.0,4.0,798.0,20369.0,55363.0,11460.0,206.25,5341.4,0.0,81690.0,2317.49,4642.076666666666,291243.08999999997,8329.0,166.71,0.0,428418.0,1340419.96,2.25,15.0,428418.0,0.0,464075.18,224943.24,16952.22,0.0,79524.0,18.56,365625.78,534976.0,534976.29,365624.89,365624.89,355604.4,325186.4,773807.01,534975.92,67389.28,165362.63,10.35,83623.0,175387.565,4321.11,6074.87,365625.24,20.27,4996.02,0.0
Saudi Arabia,2016,2,2016-Q2,2543.8,2310.53,44028.99,7406.52,0.0,11029.73,32601.85,8350.66,14.476666666666667,197.04,0.0,14064.8675,0.0,5154.53,25788.11,2802.6,16911.66,1177.71,0.0,58.66,0.0,1853.04,2660.05,216083.66,0.0,0.0,102533.96,38124.64,1834876.35,80662.0,543654.0,19.98,82382.0,64877.0,14.92,1485.88,18.58,52.3,0.0,5786.0,1978443.2,14161.96,28303.23,3062.27,9013.42,2.92,4.36,4638.0,23700.0,1.22,8.61,1409.2,15135.0,69.4,43866.82,15503.89,222.73,0.0,13.74,192669.9475,24.93,65.655,155.04,1711.27,248713.45,73.66,0.0,2634.6,-4166.0,2.97,11288.0,11288.0,-4.7,47.63,115.88,339358.0,7013.0,4.0,803.0,20573.0,57446.0,12396.0,34.14,4690.96,0.0,92468.0,4333.4,5123.043333333333,291243.08999999997,8804.0,189.82,0.0,443390.0,1340419.96,2.08,13.99,443390.0,0.0,464075.18,224943.24,20281.68,2000.0,82382.0,18.58,380958.91,552332.0,552332.33,380958.43,380958.43,364455.73,335578.2,773807.01,552331.53,67389.28,165362.63,10.4,88598.0,175387.565,9013.42,12332.56,380959.13,22.89,4637.38,0.0
Saudi Arabia,2016,3,2016-Q3,2587.14,2562.06,41653.51,7920.8,0.0,9957.21,31957.67,6830.59,14.476666666666667,171.0,0.0,13372.7125,0.0,7910.36,25844.36,3392.0,15543.48,1176.82,0.0,57.0,0.0,1791.24,2996.0,221260.53,0.0,0.0,87877.0,37183.0,1834876.35,82770.5,553779.0,20.54,83859.0,66200.56,15.1,2345.84,18.7,54.34,0.0,8467.0,1978443.2,14161.96,28303.23,4365.97,14097.14,2.92,4.36,4725.0,23756.0,1.23,9.01,2186.05,15135.0,69.4,57566.52,14418.03,348.64,0.0,13.75,192669.9475,25.8,65.655,168.38,1965.21,250176.09,110.81,0.0,2640.43,-4308.0,2.87,10724.0,10724.0,-4.68,45.14,115.88,334981.0,7140.0,4.0,805.0,20856.0,56028.0,12908.0,-160.73,4890.0,0.0,98435.0,7489.23,4670.84,291243.08999999997,9033.0,191.17,0.0,448451.0,1340419.96,1.94,12.96,448451.0,0.0,464075.18,224943.24,21279.89,4007.0,83859.0,18.7,383612.04,555226.0,555225.44,383611.44,383611.44,367671.78,337274.21,773807.01,555224.59,67389.28,165362.63,10.09,92118.0,175387.565,14097.14,18651.02,383611.77,23.1,4724.82,0.0
Saudi Arabia,2016,4,2016-Q4,2842.55,2309.72,42273.76,7676.08,0.0,10109.4,30603.14,7528.12,14.476666666666667,371.0,0.0,15425.325,0.0,7871.92,28231.66,3708.0,15315.42,1065.25,0.0,61.91,0.0,1980.1,3110.95,217864.8,0.0,0.0,103024.05,39230.24,1834876.35,85017.0,559868.0,21.08,86750.0,66933.53,15.37,3305.84,19.23,53.38,0.0,11309.0,1978443.2,14161.96,28303.23,5673.29,19305.73,2.92,4.36,4405.0,24128.0,1.15,8.07,3004.57,15135.0,69.4,52654.68,16892.62,517.79,0.0,14.0,192669.9475,26.0,65.655,203.38,2755.39,249983.99,147.21,0.0,1700.48,-4937.0,1.79,11368.0,11368.0,-5.19,47.12,115.88,341765.0,7332.0,4.0,807.0,21112.0,52430.0,12880.0,-352.79,4737.48,0.0,95682.0,10092.72,5025.903333333334,291243.08999999997,9342.0,212.08,0.0,451214.0,1340419.96,2.03,13.37,451214.0,0.0,464075.18,224943.24,21169.79,4007.0,86750.0,19.23,382924.12,564510.0,564510.13,382923.89,382923.89,368116.71,340616.08,773807.01,564510.38,67389.28,165362.63,9.29,95099.0,175387.565,19305.73,25144.02,382923.78,22.26,4405.06,0.0
Saudi Arabia,2017,1,2017-Q1,3503.04,2274.37,43675.57,8305.48,0.0,9263.13,31923.4,7802.95,14.476666666666667,123.0,0.0,20582.4875,0.0,8972.98,29662.19,3876.35,16819.85,1060.06,0.0,58.55,0.0,1869.76,3195.35,219525.82,0.0,0.0,98282.52,40579.81,1834876.35,86717.0,564700.0,20.89,87247.0,67952.83,15.44,857.04,19.04,50.08,0.0,3085.0,1978443.2,14161.96,28303.23,1286.5,5132.46,2.92,4.36,3930.0,24728.0,1.0,6.11,794.62,15135.0,69.4,48447.67,15231.58,140.79,0.0,14.29,192669.9475,24.37,65.655,216.87,814.52,254972.8,34.53,0.0,3196.99,-4989.0,3.34,12340.0,12340.0,-5.21,49.9,115.88,347679.0,7522.0,4.0,813.0,21002.0,50983.0,12384.0,-45.54,5001.83,0.0,89440.0,2631.75,6786.996666666668,291243.08999999997,8919.0,226.95,0.0,458135.0,1340419.96,2.19,14.23,458135.0,0.0,464075.18,224943.24,21245.83,4007.0,87247.0,19.04,391911.71,564890.0,564889.56,391911.38,391911.38,377334.33,355604.4,773807.01,564890.23,67389.28,165362.63,9.03,95705.0,175387.565,5132.46,6514.2,391911.86,22.2,3930.56,0.0
Saudi Arabia,2017,2,2017-Q2,3917.02,1977.12,41882.4,9816.68,0.0,10483.81,34939.05,10125.8,14.476666666666667,100.33,0.0,23091.1675,0.0,9147.79,31780.38,4300.05,14384.1,1072.28,0.0,53.9,0.0,1907.17,3170.29,220961.31,0.0,0.0,104170.09,41956.0,1834876.35,87813.0,574299.5,21.2,88956.0,67649.42,15.24,1730.24,19.29,49.86,0.0,6214.55,1978443.2,14161.96,28303.23,2521.94,10382.75,2.92,4.36,3365.0,24936.0,0.84,5.74,1599.65,15135.0,69.4,47937.98,13591.97,336.1,0.0,13.84,192669.9475,26.63,65.655,177.67,1639.66,259270.45,72.63,0.0,6207.21,-5262.0,6.36,12518.18,12518.18,-5.39,50.2,115.88,351812.22,7554.0,4.0,813.0,20916.0,48018.0,12432.0,-137.47,5106.97,0.0,104693.98,5340.58,8347.013333333334,291243.08999999997,8627.0,256.37,0.0,461175.0,1340419.96,2.18,14.26,460208.0,0.0,464075.18,224943.24,26474.49,4006.0,88956.0,19.29,400019.93,583709.0,583709.46,400020.21,400020.21,385372.63,364455.73,773807.01,583709.59,67389.28,165362.63,8.23,97548.0,175387.565,10382.75,13103.31,400019.48,27.14,3364.98,0.0
Saudi Arabia,2017,3,2017-Q3,4769.39,2306.66,44640.27,11016.91,0.0,9965.35,33024.16,9807.97,14.476666666666667,78.65,0.0,23539.9025,0.0,8528.65,32327.39,3903.59,13666.81,1044.16,0.0,46.79,0.0,1959.64,3298.79,222161.95,0.0,0.0,87952.56,41998.27,1834876.35,89203.5,581586.5,21.13,89811.0,68789.3,15.5,2620.77,19.28,49.68,0.0,9429.0,1978443.2,14161.96,28303.23,3838.08,15804.54,2.92,4.36,3499.0,26048.0,0.87,5.67,2372.75,15135.0,69.4,43642.99,18992.83,524.82,0.0,13.84,192669.9475,26.63,65.655,177.67,2536.8,260475.22,111.19,0.0,5659.0,-5313.0,5.75,12857.82,12857.82,-5.4,49.36,115.88,350736.78,7642.0,4.0,823.0,20460.0,44970.0,12940.0,-247.6,4752.12,0.0,94939.81,8163.03,8017.696666666665,291243.08999999997,8812.0,251.84,0.0,465891.0,1340419.96,2.21,14.41,465891.0,0.0,464075.18,224943.24,40569.25,4007.0,89811.0,19.28,402546.48,579464.0,579463.4,402547.12,402547.12,388531.93,367671.78,773807.01,579463.99,67389.28,165362.63,7.76,98454.0,175387.565,15804.54,19919.85,402547.12,41.21,3498.8,0.0
Saudi Arabia,2017,4,2017-Q4,4184.3,2241.01,42071.84,12251.21,0.0,9683.92,31372.28,9707.0,14.476666666666667,55.0,0.0,26917.175,0.0,9781.81,33154.49,3925.0,15098.81,1042.13,0.0,50.37,0.0,1788.31,3019.18,225421.35,0.0,0.0,93967.74,53034.4,1834876.35,91215.5,584540.5,21.89,92870.0,69514.84,15.75,3533.61,20.08,50.19,0.0,12926.0,1978443.2,14161.96,28303.23,5325.19,21457.47,2.92,4.36,3620.0,27560.0,0.89,6.22,3384.18,15135.0,69.4,41313.82,9956.62,682.36,0.0,14.0,192669.9475,28.45,65.655,167.14,3313.47,259147.7,145.29,0.0,3042.23,-5392.0,2.99,13988.0,13988.0,-5.31,50.75,115.88,349478.0,7729.0,4.0,830.0,20460.0,48788.0,13832.0,-336.93,5274.69,0.0,103626.0,11080.93,9744.113333333336,291243.08999999997,9012.0,248.95,0.0,462528.0,1340419.96,2.39,15.34,464202.0,0.0,464075.18,224943.24,44212.15,4007.0,92878.0,20.08,404848.21,589617.0,589616.61,404848.05,404848.05,390997.36,368116.71,773807.01,589616.87,67389.28,165362.63,8.27,101599.0,175387.565,21457.47,27128.09,404848.02,43.52,3620.34,0.0
Saudi Arabia,2018,1,2018-Q1,4548.18,1988.03,42817.49,11973.09,0.0,9428.64,30405.45,10311.31,14.476666666666667,40.01,0.0,28815.9375,0.0,9851.19,32364.15,2576.21,14880.63,763.4,0.0,48.51,0.0,2120.89,2932.89,228458.57,0.0,0.0,96367.24,48622.54,1834876.35,90077.01,593180.5,21.05,87816.0,68869.33,14.75,1017.31,19.27,48.39,0.0,3465.81,1978443.2,14161.96,28303.23,1373.3,5578.24,2.92,4.36,4082.0,26803.04,1.01,4.07,820.87,15135.0,69.4,38531.65,6801.19,211.1,0.0,13.39,192669.9475,27.8,65.655,172.54,797.34,259048.67,30.22,0.0,7031.42,-8813.0,7.27,13863.25,13863.25,-9.11,51.72,115.88,366459.0,7767.0,4.0,828.0,20460.0,45294.0,12970.64,-135.02,4935.44,0.0,101987.0,2912.49,10118.533333333333,291243.08999999997,12895.0,315.9,0.0,455820.0,1340419.96,2.34,15.39,459388.0,0.0,464075.18,224943.24,51401.37,4007.0,88013.0,19.31,405508.61,596744.0,596744.31,405508.72,405508.72,392677.92,377334.33,773807.01,596746.06,67389.28,165362.63,7.59,96719.0,175387.565,5578.24,7027.61,405508.65,53.15,4080.86,0.0
Saudi Arabia,2018,2,2018-Q2,4312.29,2160.28,39786.45,12520.34,0.0,10182.93,33158.82,10582.01,0.0,26.11,0.0,0.0,0.0,8102.57,34823.61,3637.52,14376.69,763.4,0.0,56.23,0.0,2097.71,2861.94,231671.86,0.0,0.0,86853.3,52155.57,1834876.35,89437.51,599971.0,21.83,92676.0,71196.0,15.36,2076.28,19.92,47.22,0.0,7185.0,1978443.2,14161.96,28303.23,2838.49,11426.02,2.92,4.36,4197.0,54996.0,1.02,3.48,1707.81,15135.0,69.4,43661.76,12841.64,495.54,0.0,14.32,192669.9475,27.93,65.655,155.15,1628.4,260461.54,58.32,0.0,5357.72,-8856.0,5.28,14876.75,14876.75,-8.72,27.05,115.88,361638.0,7776.0,4.0,830.0,19209.0,40933.0,13313.36,61.57,4820.46,0.0,101359.0,5955.21,5955.21,291243.08999999997,13053.0,311.01,0.0,465169.0,1340419.96,2.48,16.63,465169.0,0.0,464075.18,224943.24,56742.95,4007.0,92676.0,19.92,411120.59,603198.0,603199.06,411121.14,411121.14,398765.13,385372.63,773807.01,603197.21,67389.28,165362.63,6.79,101554.0,175387.565,17381.23,14821.62,411120.77,55.87,4197.12,0.0
Saudi Arabia,2018,3,2018-Q3,4651.75,2160.11,40334.88,12813.6,0.0,10300.87,32927.36,9924.96,0.0,17.0,0.0,0.0,0.0,8359.66,36022.08,4158.0,15045.53,749.22,0.0,53.26,0.0,2675.82,3131.76,237478.73,0.0,0.0,94823.21,50277.85,1834876.35,91630.5,611030.0,21.66,92962.0,72298.8,15.02,3261.38,19.75,47.25,0.0,10953.0,1978443.2,14161.96,28303.23,4354.43,19272.95,2.92,4.36,4629.0,28620.0,1.1,5.06,2596.47,15135.0,69.4,41814.39,15960.25,688.78,0.0,14.17,192669.9475,23.2,65.655,153.66,4153.3,266296.7,90.9,0.0,5523.16,-8783.0,5.42,15072.0,15072.0,-8.62,52.66,115.88,370199.96,7833.0,4.0,830.0,18986.0,41048.0,13524.0,-667.64,4764.02,0.0,106116.86,9170.9,9170.9,291243.08999999997,13412.0,289.74,0.0,470582.0,1340419.96,2.47,16.45,470582.0,0.0,464075.18,224943.24,56655.2,4008.0,92962.0,19.75,420804.98,618862.0,618861.8,420685.62,420685.62,408178.27,388531.93,773807.01,618861.72,67389.28,165362.63,6.63,101928.0,175387.565,28443.85,23648.52,420804.58,55.58,4629.48,0.0
Saudi Arabia,2018,4,2018-Q4,3938.36,2149.49,42164.94,13546.84,0.0,8345.82,31400.4,9452.47,0.0,9.0,0.0,0.0,0.0,9107.75,38149.15,3597.0,15230.63,729.62,0.0,41.1,0.0,2448.23,3197.01,237439.97,0.0,0.0,105877.47,54805.08,1834876.35,90351.5,625918.5,20.8,90170.0,72875.47,14.25,4504.25,18.89,46.34,0.0,14925.0,1978443.2,14161.96,28303.23,5708.03,24096.78,2.92,4.36,4960.0,29580.0,1.18,4.37,3538.81,15135.0,69.4,40400.86,17079.39,1106.87,0.0,13.75,192669.9475,24.58,65.655,161.78,3390.04,267617.1,122.62,0.0,4358.71,-8027.0,4.39,15888.0,15888.0,-8.09,53.71,115.88,377825.84,7972.0,4.0,831.0,18968.0,43906.0,13708.0,-990.37,5200.36,0.0,106381.23,12541.06,12541.06,291243.08999999997,12987.0,261.83,0.0,477248.0,1340419.96,2.54,17.58,477248.0,0.0,464075.18,224943.24,60549.45,4009.0,90170.0,18.89,420947.78,632975.0,632975.91,420949.11,420949.11,408066.45,390997.36,773807.01,632976.01,67389.28,165362.63,6.94,99260.0,175387.565,36637.85,29921.32,420947.78,61.0,4959.93,0.0
Saudi Arabia,2019,1,2019-Q1,3926.3,2255.18,43215.48,12536.28,0.0,10976.4,30533.92,9931.18,0.0,1.2,0.0,0.0,0.0,7334.52,42385.16,3764.1,13134.84,715.44,0.0,37.25,0.0,2422.63,3434.21,242165.46,0.0,0.0,98337.39,54646.26,472958.0,90207.0,632468.5,20.94,92424.0,72724.26,14.62,842.05,19.06,44.71,0.0,4174.0,1978443.2,14161.96,28303.23,1281.29,5987.46,2.92,4.36,4959.0,30184.0,1.16,6.04,919.48,15135.0,69.4,35107.66,13272.54,470.68,0.0,13.87,134841.51,32.38,27.02,164.2,634.39,272313.26,27.42,5.48,5604.94,-7979.0,5.52,16696.0,16696.0,-7.85,55.31,130.8,389530.0,8090.0,4.0,831.0,17485.0,48333.0,13496.0,209.92,5410.41,0.0,97782.0,3558.64,3558.64,291243.08999999997,12938.0,260.9,0.0,485003.0,361592.0,2.64,18.51,485003.0,0.0,499063.0,130049.0,64336.47,4008.0,92424.0,19.06,428769.51,631962.0,631961.45,428770.25,428770.25,416376.54,392677.92,773807.01,631963.05,67389.28,79187.0,7.65,101581.0,175387.565,5987.46,7949.36,428769.54,63.34,4958.52,0.0
Saudi Arabia,2019,2,2019-Q2,4455.89,2042.93,40815.25,14384.12,0.0,10929.7,31012.66,10113.12,0.0,0.0,0.0,0.0,0.0,7226.07,43250.76,3931.43,13195.4,1164.0,0.0,0.0,0.0,2418.93,3548.4,247703.75,0.0,0.0,102815.09,41964.66,479399.65,91473.51,639482.42,20.86,92426.82,85571.91,14.29,1821.1,18.98,46.33,0.0,8410.52,1978443.2,14161.96,28303.23,2342.91,11460.79,2.92,4.36,5417.63,31594.61,1.24,6.29,1459.38,15135.0,69.4,34520.78,14957.75,836.2,0.0,13.65,140610.7875,33.58,27.43,154.6,901.82,275408.48,58.03,3.76,4374.41,-7359.37,4.31,16946.06,16946.06,-7.24,53.64,129.59,404028.81,8154.0,4.0,833.0,17591.0,46864.97,14636.54,307.46,5617.18,0.0,96471.24,7216.69,7216.69,291243.08999999997,12777.0,235.84,0.0,486963.25,369937.99,2.65,18.53,486963.25,0.0,519606.61,133694.0,67857.1,4008.36,92426.82,18.98,436192.39,647002.84,647002.53,436192.39,436192.39,423858.44,398765.13,773807.01,647002.72,67389.28,86453.0,7.24,101583.63,175387.565,11460.79,14947.36,436192.39,66.8,5416.91,0.0
Saudi Arabia,2019,3,2019-Q3,4987.53,2438.2,40768.21,13541.16,0.0,11570.65,30004.92,11013.8,0.0,0.0,0.0,0.0,0.0,6621.49,47476.8,4335.88,13172.04,1065.58,0.0,125.4,0.0,2667.33,3404.63,255910.89,0.0,0.0,96654.06,43056.38,491288.15,91479.51,652558.42,20.16,92477.0,86567.81,14.05,2722.07,18.32,44.05,0.0,12994.0,1978443.2,14161.96,28303.23,3603.67,16957.45,2.92,4.36,5478.33,32773.39,1.22,7.08,2016.23,15135.0,69.4,34958.35,12481.54,1210.0,0.0,13.37,146449.29249999998,32.73,27.96,159.63,1164.91,285650.4,87.36,4.91,7521.38,-7277.67,7.39,18333.94,18333.94,-7.15,55.94,128.6,409489.12,8212.0,4.0,828.0,17742.0,47354.0,14435.46,404.67,5923.6,0.0,102508.31,10961.96,10961.96,291243.08999999997,12756.0,232.84,0.0,504836.0,382016.37,2.81,20.04,504836.0,0.0,528422.89,135376.53,71472.64,4008.36,92477.0,18.32,449104.52,658114.0,658113.16,449104.52,449104.52,437063.43,408178.27,773807.01,658111.52,67389.28,84808.34,7.2,101799.0,175387.565,16957.45,22175.79,449104.52,70.21,5478.33,0.0
Saudi Arabia,2019,4,2019-Q4,4966.42,2653.35,40656.45,14113.94,0.0,11954.41,30908.23,9766.01,0.0,0.0,0.0,0.0,0.0,7590.84,44308.64,4868.18,12380.6,1493.47,0.0,572.58,0.0,2978.75,3155.0,273666.63,0.0,0.0,104079.14,46430.85,508779.13,93074.0,673329.22,20.17,95624.0,90250.07,13.89,3705.07,18.37,56.41,0.0,16651.0,1978443.2,14161.96,28303.23,4724.94,22705.66,2.92,4.36,5567.73,33512.0,1.19,11.21,2482.88,15135.0,69.4,38815.28,13857.25,1583.65,0.0,13.14,159697.4675,33.48,29.59,158.45,1445.96,294974.42,113.86,5.6,7871.26,-6959.27,7.5,14628.0,14628.0,-6.63,43.65,128.89,404665.85,8320.0,4.0,827.0,17765.0,52097.0,18904.0,617.6,6210.3,0.0,129330.23,14952.29,14952.29,291243.08999999997,12527.0,224.99,0.0,520550.0,394746.65,2.17,15.72,520550.0,0.0,553155.41,138590.75,73406.69,4008.0,95624.0,18.37,466033.5,688544.44,688544.92,466033.5,466033.5,453804.71,408066.45,773807.01,688542.24,67389.28,87468.46,7.57,105020.0,175387.565,22705.66,29631.85,466033.5,69.9,5567.9,0.0
Saudi Arabia,2020,1,2020-Q1,5270.79,2805.68,41013.11,16431.3,0.0,12737.76,32911.39,10615.38,0.0,0.0,0.0,0.0,0.0,7801.39,44768.16,4611.98,14183.43,2563.0,0.0,614.74,0.0,2959.95,3085.27,284798.66,0.0,0.0,99156.02,35210.28,518028.62,94113.81,698349.57,19.31,95226.67,93576.61,13.45,958.54,17.54,55.29,0.0,3583.18,1978443.2,14161.96,28303.23,1494.51,6389.61,2.92,4.36,6806.94,32034.38,1.4,13.66,943.37,15135.0,69.4,37730.29,15781.49,561.11,0.0,12.88,156569.4475,33.18,27.16,157.13,718.03,309925.41,22.66,5.03,8449.29,-6819.24,8.06,14332.73,14332.73,-6.51,44.74,124.12,429626.77,8377.0,4.0,830.0,17890.0,51178.74,17710.42,-33.87,10385.17,0.0,37866.38,3741.98,0.0,92057.16,13626.18,200.18,0.0,542785.38,417367.2,2.05,15.23,542785.38,0.0,567668.63,137811.58,73710.24,4036.0,95226.67,17.54,487171.98,708154.71,708154.71,487171.98,483931.35,473259.65,416376.54,773807.01,708154.71,67389.28,87705.29,7.23,104808.32,175387.565,6389.61,8411.36,487171.98,70.33,6806.94,0.0
Saudi Arabia,2020,2,2020-Q2,5593.01,5637.53,41493.38,17402.4,0.0,12607.73,33390.73,10410.17,0.0,0.0,0.0,0.0,0.0,6952.99,46564.18,4388.71,15636.39,3012.0,0.0,628.99,0.0,3038.33,3483.13,300370.23,0.0,0.0,108753.32,36998.79,543245.39,95190.26,724363.98,19.56,98427.42,96803.92,13.29,2046.61,17.8,50.87,0.0,7487.43,1978443.2,14161.96,28303.23,2406.11,11834.07,2.92,4.36,7277.44,31772.98,1.43,16.41,1392.51,15135.0,69.4,31564.23,26372.38,964.12,0.0,12.81,164872.495,31.87,28.43,148.36,1031.71,325169.09,40.06,6.12,9958.17,-6696.12,9.21,15617.0,15617.0,-6.19,49.15,123.15,457300.05,8365.0,4.0,831.0,17768.0,49022.55,16164.1,193.01,10623.3,0.0,24779.39,7317.06,0.0,94308.73,13973.56,192.01,0.0,552883.0,441110.89,2.16,16.41,552883.0,0.0,592532.76,142118.53,79022.51,4010.0,98427.42,17.8,510609.9,740573.26,740573.26,510609.9,507419.03,493404.41,423858.44,773807.01,740573.26,67389.28,95791.66,6.62,108158.14,175387.565,11834.07,15397.31,510609.9,73.06,7277.44,0.0
Saudi Arabia,2020,3,2020-Q3,5381.17,5557.1,42116.14,18096.71,0.0,12661.0,32068.76,10695.47,0.0,0.0,0.0,0.0,0.0,7198.8,45449.81,4275.02,17820.55,2941.0,0.0,718.6,0.0,3062.88,3472.99,318951.43,0.0,0.0,105067.42,34154.35,557146.61,98937.38,751464.31,19.72,102692.73,101070.84,13.47,3092.52,17.98,49.87,0.0,11682.8,1978443.2,14161.96,28303.23,3735.53,17469.71,2.92,4.36,6374.35,34264.47,1.2,17.53,1851.64,15135.0,69.4,31026.34,28957.08,1315.97,0.0,12.88,167839.1975,31.65,27.36,145.69,1294.31,341856.83,56.6,6.15,9717.08,-7362.47,8.63,16781.46,16781.46,-6.54,48.98,122.05,463377.16,8386.0,4.0,834.0,17632.0,50517.7,17088.69,311.04,10561.33,0.0,34082.2,11168.49,0.0,96687.74,13736.81,215.5,0.0,571184.38,456497.3,2.23,16.96,571184.38,0.0,612696.72,144914.71,85232.83,4026.0,102692.73,17.98,530467.45,762355.37,762355.37,530467.45,527191.9,513688.38,437063.43,773807.01,762355.38,67389.28,99466.35,6.63,112659.23,175387.565,17469.71,22832.24,530467.44,75.66,6374.34,0.0
Saudi Arabia,2020,4,2020-Q4,5717.79,6097.69,47833.99,17889.31,0.0,11304.75,31105.32,9687.18,0.0,0.0,0.0,0.0,0.0,10567.46,42625.29,4299.22,22579.33,3157.0,0.0,759.46,0.0,3021.42,3533.76,346133.93,0.0,0.0,115295.9,34352.77,588365.98,102856.32,787944.95,19.46,106231.47,104641.31,13.06,4088.51,17.7,60.46,0.0,15548.57,1978443.2,14161.96,28303.23,5408.36,23534.81,2.92,4.36,7385.09,37946.83,1.3,18.62,2314.87,15135.0,69.4,29780.03,27630.1,1704.4,0.0,12.47,181428.4325,31.64,28.13,158.96,1485.48,374440.52,71.11,8.51,10577.25,-8292.68,9.06,15463.1,15463.1,-7.1,40.75,119.22,481814.51,8358.0,4.0,831.0,17447.0,53866.84,22944.41,416.28,13514.8,0.0,55487.21,15566.33,15566.33,105598.64,15677.77,212.29,0.0,600052.7,493494.26,1.96,15.03,600052.7,0.0,661221.08,158766.37,88630.9,4010.0,106231.47,17.7,566312.9,813534.53,813534.53,566312.9,566312.92,538301.19,453804.71,773807.01,813534.53,67389.28,99881.18,6.62,116765.65,175387.565,23534.81,31063.86,566312.9,75.9,7385.09,0.0
Saudi Arabia,2021,1,2021-Q1,5983.6,6245.79,50123.96,18626.41,0.0,12529.66,33203.85,12405.12,0.0,0.0,0.0,0.0,0.0,9386.3,49247.24,4954.22,22746.08,3318.0,0.0,809.39,0.0,2737.01,3487.06,384724.67,0.0,0.0,106283.2,39272.93,616006.07,105754.54,841411.09,18.61,108456.06,106867.28,12.48,940.15,16.91,45.69,0.0,5236.55,1978443.2,14161.96,28303.23,1836.37,7140.81,2.92,4.36,7546.75,38578.89,1.22,27.05,855.83,15135.0,69.4,33541.11,29280.7,593.36,0.0,12.21,186380.02,30.49,26.32,150.3,786.34,418673.09,13.44,10.61,10798.97,-9350.1,9.05,20946.2,20946.2,-7.83,54.29,113.59,512738.72,8234.0,4.0,829.0,18246.0,55243.29,17625.15,283.65,10150.38,0.0,70727.06,4534.44,4534.44,106376.95,16896.86,223.9,0.0,641260.81,542312.8,2.49,19.81,641260.81,0.0,708570.73,156560.13,98784.53,4024.0,108456.06,16.91,620528.42,869287.64,869287.64,620528.42,620528.42,601294.99,473259.65,773807.01,869287.64,67389.28,104168.42,6.36,119341.34,175387.565,7140.81,9854.19,620528.35,82.77,7546.75,0.0
Saudi Arabia,2021,2,2021-Q2,3545.77,7494.1,44094.91,23963.76,1280.82,13169.03,32271.14,13883.04,0.0,5832.06,0.0,0.0,2295.62,8221.1,61006.13,40.81,20313.57,0.0,878.46,2973.03,2.87,6446.11,3357.82,412259.37,0.38,0.0,103279.91,41954.5,645236.75,96635.48,891515.72,16.69,114524.55,110094.0,12.53,1932.86,15.21,32.72,0.0,10791.97,1978443.2,14161.96,28303.23,3368.05,13627.99,2.92,4.36,7868.05,32739.11,1.19,31.25,1298.85,15135.0,69.4,27516.51,30514.08,1030.61,0.0,12.64,185501.3025,26.77,25.33,135.89,987.38,454638.06,25.27,13.27,4103.69,-9801.08,3.27,22221.66,22221.66,-7.8,67.87,112.6,517628.72,8079.0,4.0,813.0,18283.0,53479.78,10710.84,429.51,9874.91,0.0,100332.08,9370.36,9370.36,109141.38,17669.14,224.57,0.0,753007.65,573032.13,2.49,23.0,753007.65,0.0,730982.86,166570.6,109742.58,4079.0,114524.55,15.21,663329.88,913743.79,913743.79,663329.88,663329.88,647616.87,493404.41,773807.01,913743.76,67389.28,122579.37,5.85,125670.91,175387.565,13627.99,18456.17,663329.88,87.33,7868.05,0.0
Saudi Arabia,2021,3,2021-Q3,3540.14,8128.03,44236.86,21890.42,711.56,14123.69,38078.76,13049.44,0.0,11840.67,0.0,0.0,4368.08,8712.54,58217.58,131.67,9703.24,92.74,697.52,3541.98,43.83,14248.0,3703.24,441754.36,0.38,0.0,100069.24,44550.97,682150.32,114716.74,936710.39,19.43,121886.49,119338.48,12.9,2992.28,17.65,43.99,0.0,16586.84,1978443.2,14161.96,28303.23,4929.54,20636.82,2.92,4.36,8197.25,41410.22,1.17,30.95,1797.92,15135.0,69.4,29754.21,39489.62,1435.58,0.0,13.29,191132.145,26.91,25.2,137.06,1317.24,484802.75,35.61,14.33,4047.21,-10405.64,3.02,23179.51,23179.51,-7.75,55.98,113.64,522250.69,8074.0,4.0,812.0,18461.0,59556.58,18214.6,524.67,9822.49,0.0,123598.04,14479.43,14479.43,107433.52,18602.9,226.94,0.0,690612.55,600263.86,2.47,20.21,690612.55,0.0,766422.39,174516.09,119216.34,3015.68,123761.49,17.92,700814.72,959677.0,959677.0,700814.72,700814.72,672668.9,513688.4,773807.01,959677.0,67389.28,127328.46,6.21,134218.09,175387.565,20636.82,27526.61,700814.72,88.82,8197.25,0.0
Saudi Arabia,2021,4,2021-Q4,3372.33,7779.74,41612.26,26532.86,1831.81,15118.65,37727.68,14595.88,0.0,13172.27,0.0,0.0,4572.58,11223.68,60459.21,247.68,9709.15,90.26,630.64,4876.23,49.63,17393.5,3802.11,468189.28,0.43,0.0,109458.18,44168.63,722030.46,121616.72,985252.85,19.44,126445.36,123894.97,12.69,4054.69,17.41,44.06,0.0,22499.54,1978443.2,14161.96,28303.23,6659.56,27635.92,2.92,4.36,7613.9,42315.66,1.02,32.39,2266.86,15135.0,69.4,26346.93,44475.16,1741.24,0.0,12.92,200884.9475,26.82,25.36,131.15,1446.46,522133.03,45.79,14.53,3198.38,-11251.64,2.27,23650.8,23650.8,-7.97,55.89,115.07,535883.58,8074.0,4.0,808.0,18476.0,62658.17,18645.07,822.73,10016.78,0.0,146789.36,19807.59,19807.59,110606.59,18865.54,247.78,0.0,726139.05,627444.13,2.4,19.45,726139.05,0.0,802484.4,176904.33,122018.98,5010.41,128320.36,17.67,742987.83,1010828.71,1010828.69,742987.83,742987.83,712682.06,538301.19,773807.01,1010828.7,67389.28,134889.53,6.2,141151.94,175387.565,27635.92,36859.45,742987.83,86.45,7613.9,0.0
Saudi Arabia,2022,1,2022-Q1,3445.04,7826.65,41820.5,26341.72,2658.4,15891.04,38069.25,11995.47,0.0,12717.25,0.0,0.0,4306.0,13021.64,64153.72,255.76,10560.32,83.6,741.04,4572.76,46.7,19781.02,3734.3,500078.26,0.35,0.0,108532.81,52057.16,742217.5,77706.59,1034367.28,20.21,138042.04,129541.35,13.23,1126.98,18.22,41.03,0.0,6492.53,1978443.2,14161.96,28303.23,2079.67,8371.15,2.92,4.36,8158.77,44058.74,1.04,25.2,843.59,15135.0,69.4,21462.78,63123.57,594.14,0.0,12.97,207693.72,26.71,25.58,132.44,907.07,555459.46,8.88,13.4,4393.39,-11318.59,2.87,25970.12,25970.12,-7.39,58.94,111.13,536514.77,8000.0,4.0,805.0,18385.0,72432.05,18079.15,582.22,9791.13,0.0,154223.67,5471.23,5471.23,110922.33,19477.36,238.73,0.0,757728.7,667860.74,2.51,33.42,757728.7,0.0,817543.64,180749.44,136018.33,11523.0,139917.04,18.47,782100.8,1057905.85,1057905.85,782100.8,782100.8,752822.02,601295.1,773807.01,1057905.85,67389.28,136480.14,6.85,153118.88,175387.565,8371.15,11627.19,782100.8,88.83,8158.77,0.0
Saudi Arabia,2022,2,2022-Q2,3607.31,9528.57,40078.73,24175.99,2924.02,18101.48,41020.86,11617.65,0.0,13176.32,0.0,0.0,4786.86,16247.23,72195.29,354.85,9408.41,72.94,945.75,4764.84,52.72,24459.87,3490.88,518007.88,189.14,4236.16,132929.8,52442.07,790263.55,137971.24,1094264.01,19.59,134980.88,133400.67,12.68,2298.77,16.84,40.4,0.0,13022.08,1978443.2,14161.96,28303.23,3982.84,16620.14,2.92,4.36,8415.79,44559.42,1.02,21.94,1406.76,15135.0,69.4,20096.14,70852.15,1023.37,0.0,12.33,231938.78,27.44,27.62,132.65,1457.93,590694.19,19.6,11.98,4201.09,-9714.05,2.68,26118.18,26118.18,-6.19,58.61,111.4,573521.45,7970.0,4.0,810.0,18653.0,79535.54,18001.42,707.25,9560.77,0.0,180463.4,11425.11,11425.11,108420.34,18129.84,215.43,0.0,801354.03,709416.48,2.39,18.93,801354.03,0.0,867468.09,195689.58,144591.71,11522.2,143355.88,17.89,823443.75,1130622.18,1130622.18,823443.75,823443.74,789686.77,647617.15,773807.01,1130622.18,67389.28,147518.2,7.03,156980.7,175387.565,16620.14,22333.61,823443.75,92.11,8415.79,0.0
Saudi Arabia,2022,3,2022-Q3,3776.74,12307.18,39761.85,26158.44,3352.15,19058.43,39366.26,12459.18,0.0,13307.69,0.0,0.0,4684.22,17931.96,72105.69,848.61,9744.88,18263.03,894.09,4994.85,51.91,27161.38,3213.47,541714.72,94.64,4182.67,118765.53,45557.29,813914.62,142006.53,1152313.82,19.6,138853.79,137612.4,12.54,3586.87,16.88,36.92,0.0,18509.62,1978443.2,14161.96,28303.23,5851.03,24651.97,2.92,4.36,8172.96,45953.92,0.93,22.32,2048.22,15135.0,69.4,16769.81,108025.18,1263.79,0.0,12.34,233773.9425,26.45,26.62,131.26,1973.5,631116.26,34.5,12.57,4402.67,-9775.74,2.73,21950.16,21950.16,-6.06,47.77,110.08,568336.63,7900.0,4.0,810.0,18345.0,93058.21,16964.49,938.08,9130.75,0.0,191423.63,16996.31,16996.18,108708.07,17948.7,219.61,0.0,822494.94,739352.19,1.9,15.46,822494.94,0.0,870973.57,199470.78,151116.43,11553.18,147228.79,17.9,875433.97,1174005.46,1171216.48,875434.04,875433.97,822788.95,672668.9,773807.01,1171216.38,67389.28,151966.38,7.93,161241.65,175387.565,24651.97,32704.87,875434.04,93.72,8172.96,0.0
Saudi Arabia,2022,4,2022-Q4,3454.71,12515.48,36064.05,27756.77,3825.07,19612.09,44075.66,11911.68,0.0,15682.74,0.0,0.0,4739.27,21428.7,68190.62,897.12,11856.28,25711.3,1333.4,5785.04,99.12,27473.64,4009.0,543482.58,94.64,4182.67,118780.18,43021.97,835736.66,151610.87,1191099.76,20.48,142322.41,142609.35,13.3,4996.28,16.66,45.09,0.0,26514.29,1978443.2,14161.96,28303.23,7675.24,36751.1,2.92,4.36,8491.57,46325.43,0.95,17.31,2715.04,15135.0,69.4,29387.21,100811.56,1831.96,0.0,12.12,242459.8375,26.65,27.12,135.63,2665.11,646799.55,53.16,11.82,5235.69,-9081.94,2.99,32018.69,32018.69,-5.19,69.12,110.32,536355.34,7854.0,4.0,807.0,18444.0,104203.37,20885.84,1258.16,9427.79,0.0,234934.15,26309.68,26309.68,128917.89,17573.51,206.95,0.0,854433.05,757572.55,2.69,21.12,854433.05,0.0,907190.25,207085.7,156417.18,21543.8,160697.41,18.81,894181.68,1208194.05,1208194.05,894181.64,894181.68,836030.18,712682.25,773807.01,1208194.05,67389.28,152681.43,8.62,175028.7,175387.565,36751.1,47516.46,894181.64,89.37,8491.57,0.0
Saudi Arabia,2023,1,2023-Q1,3476.98,13130.38,37195.24,30057.14,4159.38,23335.07,47132.76,11304.94,0.0,14850.03,0.0,16598.765,4495.13,25819.81,77601.87,1024.07,12766.64,21530.3,1271.51,6225.95,103.3,28335.06,3759.39,543265.36,93.66,4481.52,132994.39,48615.39,856398.61,127545.88,966644.13,19.91,143116.53,143940.72,12.97,1407.37,16.17,40.67,0.0,6577.29,1978443.2,14161.96,28303.23,2180.99,13045.38,2.92,4.36,9530.07,44318.15,1.04,13.28,1356.58,15135.0,69.4,19466.27,110134.72,905.88,0.0,11.73,250109.61,27.47,27.3,138.96,2209.95,660098.82,23.25,14.28,5387.84,-8207.94,3.06,26309.17,26309.17,-4.66,59.36,109.67,542721.16,7783.0,4.0,806.0,18575.0,115147.43,18022.67,410.16,10099.7,0.0,230051.14,8033.95,8033.95,147696.4,17738.01,186.13,0.0,884896.88,780912.64,2.72,20.63,884896.88,0.0,921255.2,207823.43,166768.0,21584.3,161491.53,18.25,915415.47,1244743.83,1244743.83,915415.47,915415.47,852806.53,752822.02,773807.01,1244743.83,67389.28,149552.62,9.25,176217.33,175387.565,13045.38,16542.41,915415.47,94.64,9530.09,0.0
Saudi Arabia,2023,2,2023-Q2,4684.85,11640.67,35544.48,31296.9,4828.43,25177.88,49489.0,12670.77,0.0,14588.39,0.0,16284.56,4501.24,21338.09,82349.38,1827.5,14108.22,22884.39,1574.62,6773.24,80.34,31712.92,3907.0,546535.11,468.88,4479.76,139154.89,40045.17,886749.94,163521.8,1258006.23,20.39,141840.18,150102.85,13.15,3526.14,15.9,38.96,0.0,13520.96,1978443.2,14161.96,28303.23,4038.76,23945.97,2.92,4.36,9527.77,45465.64,1.02,10.06,2004.56,15135.0,69.4,16988.27,98464.58,1608.08,0.0,11.86,253048.1825,24.98,26.46,149.24,1692.63,668487.19,50.76,15.56,3596.55,-8285.26,1.98,27774.68,27774.68,-4.56,61.09,111.97,541022.41,7736.0,4.0,807.0,18609.0,117415.29,17712.99,782.71,10259.44,0.0,238314.69,16656.33,16656.33,177979.56,17813.03,186.96,0.0,891920.91,791969.53,2.21,16.99,891920.91,0.0,958181.56,218828.81,172403.98,25339.38,167215.18,18.75,932462.06,1271268.64,1271268.64,932462.06,932462.06,869130.46,789686.77,773807.01,1271268.64,67389.28,146633.69,9.24,181886.27,175387.565,23945.97,30375.51,932462.06,94.79,9527.77,0.0
Saudi Arabia,2023,3,2023-Q3,4294.69,14098.29,35495.48,32115.04,5776.75,27045.67,52794.7,14303.75,0.0,16599.28,0.0,16391.2,4182.65,37728.68,89844.37,2469.85,15168.02,23278.58,1828.12,7690.97,106.37,19386.28,3206.0,547751.9,0.0,4477.31,130568.42,47585.95,894660.01,166643.58,1286231.46,19.63,141425.31,150183.96,12.82,4530.48,15.28,38.76,0.0,19207.33,1978443.2,14161.96,28303.23,5669.81,35559.04,2.92,4.36,9422.94,46405.41,0.98,7.65,2863.87,15135.0,69.4,17670.65,116016.14,2303.85,0.0,11.62,247659.6425,23.91,25.72,152.95,2346.91,686891.98,82.16,16.48,3788.4,-9313.88,2.09,22745.47,22745.47,-5.13,49.01,110.13,540549.7,7697.0,4.0,804.0,18318.0,123158.19,17987.84,1040.59,10272.92,0.0,242695.33,25719.14,25719.14,178738.57,18736.82,198.84,0.0,925644.06,812369.37,1.77,13.65,925644.06,0.0,955179.18,222492.89,183039.53,25424.64,166800.31,18.02,959642.76,1301194.28,1301194.28,959642.76,959642.76,885765.76,822788.95,773807.01,1301194.28,67389.28,145467.01,9.47,181663.41,175387.565,35559.04,44573.28,959642.76,100.76,9422.94,0.0
Saudi Arabia,2023,4,2023-Q4,3672.2,12805.82,36048.35,33551.95,5937.25,28032.48,54109.59,14507.28,0.0,17828.22,0.0,16855.114999999998,4667.5,38757.75,86995.84,2541.76,15845.55,23685.89,2012.72,8151.39,242.19,20280.05,3901.0,554450.87,372.26,1138.95,127082.08,44033.72,908216.95,169725.42,1309332.23,20.01,152229.78,156266.53,13.1,6314.06,16.23,40.05,0.0,27746.71,1978443.2,14161.96,28303.23,7347.97,48474.58,2.92,4.36,10129.3,47389.87,1.04,6.94,3434.71,15135.0,69.4,21894.01,110587.42,3001.53,0.0,11.78,243667.33,23.06,24.84,140.94,3029.67,693672.39,118.6,14.77,8682.24,-8717.84,4.63,34157.52,34157.52,-4.65,72.08,109.92,557226.57,7636.0,4.0,800.0,18396.0,129539.16,18981.21,1271.36,10414.23,0.0,243322.25,35562.77,35562.77,180688.26,18847.14,186.07,0.0,937879.16,826281.29,2.61,20.13,937879.16,0.0,978182.26,224066.76,188542.96,25345.42,172604.78,18.4,969536.89,1317470.17,1317470.17,969536.89,969536.89,894061.94,836030.18,773807.01,1317470.17,67389.28,158981.89,9.83,187651.06,175387.565,48474.58,60095.45,969536.89,100.48,10129.29,0.0
Saudi Arabia,2024,1,2024-Q1,3230.64,14286.42,37407.23,33516.54,6570.49,32390.54,57221.48,13748.31,0.0,17966.54,0.0,0.0,5220.42,40106.7,96473.11,4353.19,16989.52,22147.56,2338.7,6337.91,266.24,20479.67,0.0,558872.06,432.47,4556.07,142640.12,52908.19,948749.11,176262.4,1340398.39,19.48,156494.23,160989.7,12.97,1669.78,15.88,38.13,0.0,7444.34,1978443.2,14161.96,28303.23,1801.18,14624.18,2.92,4.36,9921.91,48091.66,1.0,7.86,1488.51,15135.0,69.4,19945.09,97107.21,1165.39,0.0,11.84,230080.5175,22.11,22.66,139.3,1345.38,714074.64,36.62,17.7,4033.4,-7875.25,2.1,29777.34,29777.34,-4.1,61.92,110.93,577706.02,7571.0,4.0,801.0,18479.0,134933.25,18336.48,515.09,10674.54,0.0,244559.4,10066.2,10066.2,198103.12,17797.16,179.37,0.0,985508.16,855273.24,2.22,16.89,985508.16,0.0,996305.2,199651.69,195155.05,31952.9,176869.23,17.95,994911.81,1363326.61,1363326.61,994911.81,994911.81,919821.63,852806.97,773807.01,1363326.61,67389.28,143320.83,9.9,191932.08,175387.565,14624.18,18105.84,994911.81,101.68,9921.91,0.0
Saudi Arabia,2024,2,2024-Q2,3318.97,14646.57,39023.54,33358.72,6954.1,34981.86,60244.85,15167.94,0.0,19062.09,0.0,0.0,5443.96,37035.38,101393.61,4371.82,16691.74,22255.82,2584.66,6634.31,280.74,19643.32,0.0,567439.09,1.0,4886.14,128072.75,50168.02,984012.57,165840.03,1387526.22,19.85,152886.3,166395.42,13.16,3442.17,15.09,24.19,0.0,15355.7,1978443.2,14161.96,28303.23,3927.49,28397.38,2.92,4.36,9160.74,41715.57,0.9,8.31,2129.72,15135.0,69.4,28920.36,101473.0,1857.7,0.0,11.78,249763.6025,22.36,24.68,140.43,2127.29,724988.85,75.07,18.95,2903.84,-7865.39,1.44,31645.44,31645.44,-3.91,75.86,110.5,643062.29,7513.0,4.0,804.0,18604.0,147083.11,10089.07,1020.69,8876.03,0.0,235983.64,0.0,0.0,178981.95,17026.13,185.86,0.0,1013013.76,890525.54,2.28,19.08,1013013.76,0.0,1044335.73,214091.5,230436.46,35661.51,185762.8,18.34,1015420.24,1411725.83,1411725.83,1015420.24,1015420.24,941314.7,869130.46,773807.01,1411725.83,67389.28,152457.2,10.42,201083.51,175387.565,7793.2,35203.26,1015420.24,114.6,9160.74,0.0
Saudi Arabia,2024,3,2024-Q3,3204.79,14805.73,40824.02,33646.8,6978.08,34153.33,63062.06,15933.57,0.0,19460.8,0.0,0.0,6195.51,43900.28,110686.35,4713.57,18808.52,20816.5,2822.44,7366.55,319.9,23836.15,0.0,585147.19,431.8,4857.28,141891.38,55301.21,1018616.67,190734.18,1441499.03,19.6,155468.05,169706.15,12.8,5403.81,14.94,37.37,0.0,23950.92,1978443.2,14161.96,28303.23,5937.2,43202.81,2.92,4.36,9447.09,54883.99,0.89,11.39,2704.06,15135.0,69.4,34073.72,135987.96,2624.61,0.0,8.56,261731.91500000004,23.58,24.54,137.94,2846.55,758818.04,125.38,20.94,1848.46,-8200.25,0.91,34380.89,34380.89,-4.02,62.64,110.01,654429.86,7382.0,4.0,806.0,18970.0,150215.43,20508.31,1573.59,7873.49,0.0,233508.65,32102.07,32102.07,185945.6,17647.34,186.8,0.0,1040632.44,925946.67,2.39,18.03,1040632.44,0.0,1072019.05,228104.49,225462.42,36392.87,188344.45,18.1,1061971.23,1471272.23,1471272.23,1061971.23,1061971.12,986627.27,885765.76,773807.01,1471272.3,67389.28,165362.63,10.21,203975.55,175387.565,43202.81,53338.21,1061971.23,110.53,9447.09,0.0
